A1	A2	A3	A4	A5	A6	A7	A8	A9	A10	A11	A12	B1	B2	B3	B4	B5	B6	B7	B8	B9	B10	B11	B12	C1	C2	C3	C4	C5	C6	C7	C8	C9	C10	C11	C12	D1	D2	D3	D4	D5	D6	D7	D8	D9	D10	D11	D12	E1	E2	E3	E4	E5	E6	E7	E8	E9	E10	E11	E12	F1	F2	F3	F4	F5	F6	F7	F8	F9	F10	F11	F12	G1	G2	G3	G4	G5	G6	G7	G8	G9	G10	G11	G12	H1	H2	H3	H4	H5	H6	H7	H8	H9	H10	H11	H12
0.101	0.102	0.1	0.105	0.103	0.101	0.102	0.111	0.101	0.103	0.102	0.102	0.104	0.101	0.103	0.105	0.1	0.101	0.1	0.1	0.105	0.097	0.099	0.1	0.108	0.103	0.105	0.106	0.107	0.102	0.102	0.103	0.105	0.101	0.101	0.102	0.106	0.114	0.107	0.122	0.109	0.111	0.105	0.112	0.125	0.103	0.107	0.1	0.107	0.108	0.102	0.102	0.103	0.102	0.101	0.102	0.102	0.098	0.098	0.099	0.101	0.107	0.103	0.104	0.105	0.1	0.102	0.104	0.103	0.101	0.101	0.102	0.101	0.105	0.105	0.106	0.102	0.1	0.1	0.1	0.101	0.098	0.108	0.099	0.1	0.102	0.103	0.102	0.1	0.1	0.101	0.101	0.102	0.098	0.099	0.098
0.1	0.102	0.1	0.104	0.103	0.102	0.102	0.11	0.101	0.103	0.102	0.101	0.103	0.101	0.103	0.105	0.1	0.101	0.1	0.1	0.104	0.097	0.099	0.1	0.108	0.103	0.105	0.106	0.106	0.101	0.102	0.103	0.105	0.101	0.1	0.102	0.106	0.114	0.107	0.124	0.11	0.111	0.105	0.113	0.125	0.104	0.107	0.1	0.106	0.108	0.102	0.102	0.103	0.102	0.101	0.102	0.102	0.098	0.098	0.099	0.101	0.106	0.103	0.104	0.104	0.1	0.102	0.104	0.103	0.101	0.1	0.102	0.101	0.105	0.105	0.105	0.102	0.102	0.099	0.101	0.1	0.097	0.108	0.099	0.1	0.102	0.103	0.102	0.1	0.1	0.102	0.101	0.102	0.098	0.099	0.098
0.1	0.102	0.1	0.104	0.103	0.102	0.102	0.11	0.101	0.103	0.102	0.102	0.103	0.101	0.103	0.105	0.101	0.101	0.1	0.1	0.104	0.098	0.099	0.1	0.108	0.103	0.104	0.105	0.106	0.101	0.102	0.103	0.105	0.101	0.1	0.102	0.106	0.114	0.107	0.126	0.11	0.111	0.105	0.112	0.126	0.104	0.107	0.1	0.107	0.108	0.102	0.102	0.103	0.102	0.101	0.102	0.103	0.098	0.099	0.099	0.101	0.106	0.103	0.104	0.104	0.1	0.102	0.104	0.103	0.101	0.1	0.102	0.101	0.105	0.105	0.105	0.102	0.103	0.1	0.101	0.101	0.097	0.108	0.099	0.1	0.102	0.103	0.102	0.1	0.1	0.102	0.101	0.102	0.098	0.098	0.098
0.1	0.102	0.1	0.104	0.103	0.102	0.102	0.11	0.101	0.103	0.103	0.102	0.103	0.101	0.103	0.105	0.101	0.101	0.1	0.1	0.104	0.098	0.099	0.1	0.108	0.103	0.104	0.105	0.106	0.101	0.102	0.103	0.105	0.101	0.1	0.102	0.106	0.114	0.107	0.125	0.11	0.111	0.106	0.112	0.126	0.104	0.107	0.1	0.106	0.107	0.102	0.102	0.103	0.103	0.102	0.102	0.103	0.098	0.099	0.099	0.101	0.106	0.103	0.104	0.104	0.1	0.102	0.104	0.103	0.101	0.1	0.102	0.101	0.105	0.105	0.105	0.102	0.103	0.1	0.101	0.101	0.097	0.108	0.099	0.1	0.102	0.103	0.102	0.1	0.101	0.102	0.101	0.102	0.098	0.098	0.098
0.1	0.102	0.1	0.104	0.103	0.102	0.102	0.11	0.101	0.103	0.102	0.102	0.103	0.102	0.103	0.105	0.101	0.101	0.101	0.101	0.104	0.098	0.099	0.1	0.108	0.103	0.105	0.105	0.106	0.101	0.102	0.103	0.105	0.101	0.1	0.102	0.106	0.114	0.107	0.126	0.11	0.112	0.106	0.112	0.127	0.103	0.108	0.101	0.106	0.107	0.102	0.102	0.103	0.103	0.102	0.103	0.103	0.098	0.099	0.1	0.101	0.106	0.103	0.104	0.104	0.1	0.102	0.104	0.103	0.101	0.1	0.102	0.101	0.105	0.105	0.105	0.103	0.103	0.1	0.101	0.101	0.098	0.108	0.099	0.1	0.102	0.104	0.102	0.1	0.101	0.102	0.101	0.102	0.098	0.098	0.098
0.101	0.102	0.1	0.104	0.103	0.102	0.102	0.11	0.101	0.103	0.102	0.102	0.103	0.102	0.103	0.105	0.101	0.101	0.101	0.101	0.104	0.098	0.099	0.1	0.108	0.103	0.105	0.106	0.107	0.102	0.102	0.103	0.105	0.101	0.1	0.102	0.106	0.115	0.108	0.127	0.111	0.112	0.106	0.112	0.127	0.104	0.108	0.101	0.107	0.108	0.102	0.102	0.103	0.103	0.102	0.103	0.104	0.099	0.099	0.1	0.101	0.106	0.104	0.104	0.104	0.1	0.102	0.104	0.103	0.101	0.1	0.102	0.101	0.105	0.106	0.106	0.103	0.104	0.1	0.101	0.101	0.098	0.108	0.099	0.1	0.102	0.104	0.102	0.101	0.101	0.102	0.101	0.102	0.098	0.098	0.098
0.102	0.102	0.1	0.104	0.103	0.102	0.102	0.11	0.101	0.103	0.102	0.102	0.103	0.102	0.103	0.106	0.101	0.101	0.101	0.101	0.104	0.098	0.1	0.1	0.108	0.103	0.105	0.106	0.107	0.102	0.102	0.103	0.105	0.101	0.1	0.102	0.106	0.115	0.108	0.127	0.111	0.112	0.107	0.112	0.127	0.103	0.108	0.1	0.107	0.108	0.102	0.102	0.103	0.103	0.102	0.103	0.104	0.099	0.099	0.1	0.101	0.106	0.104	0.104	0.105	0.101	0.102	0.104	0.103	0.101	0.1	0.102	0.101	0.105	0.106	0.105	0.103	0.104	0.101	0.101	0.101	0.098	0.108	0.099	0.1	0.102	0.104	0.102	0.101	0.101	0.102	0.101	0.102	0.098	0.098	0.098
0.101	0.102	0.1	0.104	0.103	0.102	0.102	0.111	0.101	0.103	0.102	0.102	0.103	0.102	0.104	0.106	0.101	0.101	0.101	0.101	0.104	0.098	0.099	0.1	0.108	0.104	0.105	0.106	0.107	0.102	0.102	0.104	0.105	0.101	0.1	0.102	0.106	0.115	0.108	0.128	0.111	0.112	0.107	0.113	0.127	0.104	0.108	0.1	0.107	0.108	0.102	0.103	0.104	0.104	0.103	0.103	0.104	0.099	0.099	0.1	0.101	0.106	0.104	0.104	0.105	0.101	0.102	0.104	0.103	0.101	0.1	0.102	0.101	0.105	0.107	0.106	0.103	0.104	0.101	0.102	0.101	0.098	0.108	0.099	0.1	0.102	0.104	0.102	0.101	0.102	0.102	0.101	0.102	0.098	0.098	0.098
0.101	0.102	0.1	0.104	0.103	0.102	0.102	0.11	0.1	0.102	0.102	0.102	0.103	0.103	0.104	0.106	0.102	0.101	0.101	0.102	0.104	0.098	0.099	0.1	0.108	0.104	0.105	0.106	0.107	0.102	0.102	0.104	0.105	0.101	0.1	0.102	0.106	0.115	0.108	0.128	0.112	0.112	0.107	0.113	0.127	0.104	0.108	0.1	0.107	0.108	0.102	0.103	0.104	0.104	0.103	0.104	0.104	0.099	0.099	0.1	0.101	0.106	0.104	0.104	0.105	0.101	0.103	0.104	0.103	0.101	0.1	0.101	0.101	0.105	0.107	0.106	0.104	0.104	0.101	0.102	0.101	0.098	0.108	0.099	0.101	0.102	0.105	0.103	0.101	0.102	0.102	0.101	0.102	0.098	0.098	0.098
0.101	0.102	0.1	0.104	0.103	0.102	0.102	0.11	0.101	0.103	0.102	0.102	0.104	0.103	0.105	0.106	0.102	0.102	0.102	0.102	0.105	0.098	0.099	0.1	0.108	0.104	0.105	0.106	0.108	0.103	0.102	0.104	0.105	0.101	0.1	0.102	0.106	0.116	0.109	0.129	0.112	0.113	0.107	0.113	0.127	0.104	0.109	0.1	0.107	0.108	0.103	0.103	0.104	0.104	0.103	0.104	0.104	0.099	0.099	0.1	0.101	0.106	0.105	0.105	0.105	0.102	0.103	0.104	0.104	0.101	0.1	0.102	0.102	0.106	0.107	0.106	0.104	0.105	0.101	0.102	0.102	0.098	0.108	0.099	0.101	0.102	0.105	0.103	0.102	0.102	0.103	0.101	0.102	0.098	0.098	0.098
0.101	0.102	0.1	0.104	0.102	0.102	0.102	0.11	0.1	0.102	0.102	0.102	0.104	0.103	0.105	0.107	0.103	0.102	0.102	0.102	0.104	0.098	0.099	0.1	0.108	0.104	0.106	0.106	0.108	0.103	0.103	0.104	0.106	0.101	0.1	0.103	0.107	0.116	0.109	0.129	0.113	0.113	0.108	0.113	0.127	0.104	0.109	0.1	0.107	0.109	0.103	0.104	0.105	0.105	0.104	0.105	0.105	0.099	0.099	0.1	0.101	0.107	0.105	0.105	0.106	0.102	0.103	0.104	0.104	0.101	0.1	0.102	0.102	0.106	0.108	0.107	0.104	0.105	0.102	0.102	0.102	0.098	0.108	0.099	0.101	0.103	0.105	0.103	0.102	0.102	0.103	0.101	0.102	0.098	0.098	0.098
0.101	0.102	0.1	0.104	0.102	0.102	0.102	0.11	0.1	0.103	0.102	0.102	0.104	0.104	0.105	0.107	0.104	0.103	0.102	0.102	0.104	0.098	0.099	0.101	0.109	0.105	0.106	0.107	0.108	0.104	0.103	0.104	0.106	0.101	0.1	0.103	0.107	0.116	0.109	0.13	0.113	0.114	0.108	0.113	0.128	0.104	0.11	0.1	0.107	0.109	0.103	0.104	0.105	0.106	0.104	0.105	0.105	0.099	0.099	0.1	0.101	0.107	0.105	0.105	0.106	0.103	0.103	0.104	0.104	0.1	0.099	0.102	0.102	0.106	0.108	0.107	0.105	0.106	0.102	0.102	0.102	0.098	0.108	0.099	0.101	0.103	0.105	0.104	0.103	0.103	0.104	0.102	0.102	0.098	0.098	0.098
0.101	0.101	0.1	0.104	0.102	0.102	0.102	0.11	0.1	0.102	0.102	0.101	0.104	0.104	0.106	0.108	0.104	0.103	0.103	0.102	0.105	0.098	0.099	0.101	0.109	0.105	0.106	0.107	0.109	0.104	0.103	0.104	0.106	0.101	0.1	0.102	0.107	0.116	0.109	0.13	0.114	0.114	0.109	0.113	0.128	0.104	0.111	0.1	0.107	0.109	0.104	0.104	0.106	0.106	0.105	0.105	0.105	0.099	0.099	0.1	0.102	0.107	0.106	0.106	0.107	0.104	0.104	0.105	0.104	0.1	0.1	0.101	0.102	0.106	0.108	0.108	0.106	0.107	0.103	0.103	0.102	0.098	0.108	0.099	0.101	0.103	0.106	0.104	0.103	0.104	0.104	0.102	0.103	0.098	0.098	0.098
0.101	0.102	0.1	0.104	0.102	0.102	0.102	0.11	0.1	0.103	0.102	0.102	0.104	0.105	0.106	0.109	0.105	0.104	0.103	0.103	0.105	0.098	0.099	0.101	0.109	0.105	0.107	0.108	0.109	0.105	0.104	0.105	0.107	0.101	0.1	0.103	0.107	0.117	0.11	0.131	0.115	0.115	0.11	0.114	0.128	0.104	0.111	0.1	0.107	0.11	0.104	0.105	0.107	0.107	0.106	0.106	0.106	0.099	0.099	0.1	0.102	0.108	0.106	0.107	0.107	0.105	0.104	0.105	0.105	0.1	0.1	0.101	0.102	0.107	0.109	0.109	0.106	0.108	0.103	0.103	0.103	0.098	0.108	0.099	0.102	0.103	0.106	0.105	0.104	0.104	0.105	0.102	0.103	0.098	0.098	0.098
0.1	0.101	0.1	0.104	0.102	0.102	0.102	0.11	0.1	0.102	0.102	0.101	0.104	0.106	0.107	0.11	0.107	0.105	0.104	0.103	0.106	0.098	0.099	0.101	0.109	0.106	0.107	0.109	0.11	0.106	0.104	0.105	0.107	0.101	0.1	0.103	0.107	0.117	0.11	0.132	0.116	0.116	0.11	0.114	0.13	0.104	0.111	0.101	0.107	0.11	0.105	0.106	0.108	0.108	0.106	0.106	0.107	0.099	0.1	0.1	0.102	0.108	0.107	0.108	0.108	0.106	0.105	0.105	0.105	0.1	0.099	0.101	0.103	0.107	0.109	0.11	0.107	0.109	0.104	0.104	0.104	0.098	0.108	0.099	0.102	0.104	0.107	0.106	0.105	0.105	0.106	0.103	0.103	0.098	0.098	0.098
0.1	0.101	0.1	0.104	0.102	0.103	0.102	0.11	0.1	0.102	0.102	0.101	0.105	0.106	0.108	0.111	0.108	0.106	0.105	0.104	0.106	0.098	0.099	0.101	0.109	0.106	0.108	0.11	0.111	0.107	0.105	0.106	0.108	0.101	0.1	0.103	0.108	0.118	0.111	0.133	0.118	0.117	0.111	0.114	0.13	0.104	0.111	0.1	0.108	0.111	0.105	0.107	0.109	0.11	0.108	0.107	0.107	0.099	0.1	0.1	0.102	0.109	0.107	0.109	0.109	0.107	0.106	0.106	0.106	0.1	0.099	0.101	0.103	0.107	0.11	0.111	0.109	0.11	0.105	0.104	0.104	0.098	0.108	0.099	0.102	0.104	0.107	0.107	0.106	0.106	0.107	0.103	0.104	0.098	0.098	0.098
0.1	0.101	0.1	0.104	0.102	0.103	0.102	0.11	0.1	0.102	0.102	0.101	0.105	0.107	0.109	0.113	0.11	0.108	0.106	0.104	0.107	0.098	0.099	0.101	0.11	0.107	0.109	0.111	0.112	0.108	0.106	0.106	0.108	0.101	0.1	0.104	0.108	0.118	0.112	0.135	0.119	0.118	0.113	0.115	0.131	0.104	0.112	0.1	0.108	0.111	0.106	0.108	0.111	0.112	0.109	0.108	0.108	0.099	0.101	0.101	0.103	0.109	0.108	0.11	0.11	0.109	0.107	0.106	0.106	0.1	0.099	0.101	0.104	0.108	0.111	0.112	0.11	0.111	0.106	0.105	0.105	0.098	0.108	0.1	0.103	0.105	0.108	0.108	0.107	0.108	0.108	0.104	0.104	0.098	0.098	0.098
0.1	0.101	0.1	0.104	0.102	0.102	0.102	0.11	0.1	0.102	0.102	0.101	0.105	0.108	0.11	0.114	0.112	0.109	0.107	0.105	0.107	0.098	0.099	0.101	0.11	0.108	0.11	0.112	0.114	0.11	0.107	0.107	0.109	0.101	0.1	0.104	0.108	0.119	0.112	0.137	0.121	0.12	0.114	0.115	0.132	0.104	0.112	0.1	0.108	0.112	0.106	0.109	0.112	0.114	0.111	0.109	0.109	0.099	0.101	0.101	0.103	0.11	0.109	0.112	0.112	0.111	0.108	0.107	0.107	0.1	0.099	0.101	0.104	0.109	0.112	0.114	0.112	0.113	0.108	0.106	0.106	0.098	0.108	0.099	0.103	0.105	0.109	0.109	0.109	0.109	0.11	0.104	0.105	0.098	0.098	0.098
0.1	0.101	0.1	0.104	0.102	0.102	0.102	0.11	0.1	0.102	0.102	0.102	0.106	0.109	0.111	0.117	0.114	0.111	0.109	0.105	0.108	0.098	0.099	0.101	0.111	0.108	0.11	0.114	0.115	0.112	0.109	0.108	0.11	0.101	0.1	0.104	0.109	0.12	0.113	0.138	0.124	0.121	0.116	0.116	0.133	0.104	0.112	0.1	0.109	0.112	0.107	0.111	0.114	0.116	0.113	0.11	0.11	0.099	0.101	0.101	0.103	0.111	0.11	0.113	0.113	0.113	0.11	0.107	0.108	0.1	0.099	0.101	0.105	0.109	0.113	0.115	0.114	0.115	0.109	0.106	0.106	0.098	0.108	0.099	0.104	0.106	0.11	0.111	0.111	0.111	0.111	0.105	0.105	0.098	0.098	0.098
0.1	0.101	0.1	0.104	0.102	0.102	0.102	0.11	0.1	0.102	0.102	0.101	0.106	0.11	0.112	0.119	0.117	0.114	0.111	0.106	0.109	0.098	0.099	0.101	0.111	0.109	0.112	0.116	0.117	0.114	0.111	0.109	0.111	0.1	0.1	0.105	0.11	0.121	0.114	0.141	0.126	0.124	0.118	0.117	0.134	0.104	0.112	0.1	0.109	0.113	0.108	0.113	0.117	0.119	0.115	0.111	0.111	0.099	0.101	0.101	0.104	0.112	0.111	0.116	0.115	0.116	0.112	0.108	0.109	0.1	0.099	0.101	0.105	0.11	0.114	0.118	0.116	0.117	0.111	0.107	0.107	0.098	0.108	0.1	0.104	0.106	0.111	0.113	0.113	0.114	0.114	0.106	0.106	0.098	0.098	0.098
0.101	0.101	0.1	0.104	0.102	0.102	0.102	0.11	0.1	0.103	0.102	0.101	0.107	0.112	0.114	0.122	0.12	0.117	0.113	0.107	0.11	0.098	0.099	0.101	0.111	0.111	0.113	0.118	0.119	0.117	0.113	0.11	0.112	0.1	0.1	0.105	0.11	0.122	0.115	0.144	0.13	0.126	0.121	0.118	0.136	0.104	0.112	0.1	0.11	0.114	0.11	0.115	0.119	0.122	0.118	0.112	0.112	0.099	0.101	0.101	0.104	0.113	0.113	0.119	0.118	0.119	0.114	0.109	0.11	0.1	0.099	0.101	0.106	0.111	0.115	0.121	0.119	0.12	0.114	0.108	0.108	0.098	0.108	0.099	0.105	0.107	0.112	0.116	0.115	0.117	0.116	0.107	0.107	0.098	0.098	0.099
0.1	0.101	0.1	0.104	0.102	0.102	0.102	0.11	0.1	0.102	0.102	0.101	0.107	0.114	0.115	0.126	0.124	0.12	0.116	0.108	0.111	0.098	0.099	0.101	0.112	0.112	0.114	0.121	0.122	0.119	0.115	0.111	0.113	0.1	0.1	0.105	0.111	0.123	0.116	0.147	0.133	0.129	0.123	0.119	0.137	0.104	0.113	0.1	0.11	0.116	0.111	0.118	0.122	0.126	0.121	0.114	0.114	0.099	0.102	0.101	0.105	0.114	0.114	0.122	0.12	0.123	0.117	0.11	0.111	0.1	0.099	0.101	0.107	0.112	0.116	0.124	0.123	0.123	0.117	0.11	0.11	0.098	0.108	0.099	0.105	0.108	0.113	0.118	0.118	0.119	0.119	0.108	0.108	0.098	0.098	0.098
0.101	0.101	0.1	0.104	0.102	0.102	0.102	0.11	0.1	0.102	0.102	0.101	0.108	0.115	0.117	0.131	0.129	0.124	0.119	0.11	0.112	0.098	0.099	0.101	0.113	0.113	0.116	0.125	0.125	0.123	0.118	0.112	0.114	0.1	0.1	0.105	0.112	0.125	0.117	0.151	0.138	0.133	0.127	0.12	0.139	0.104	0.113	0.1	0.111	0.117	0.112	0.121	0.126	0.13	0.125	0.115	0.115	0.099	0.102	0.101	0.106	0.115	0.116	0.126	0.123	0.128	0.12	0.111	0.112	0.1	0.099	0.101	0.108	0.113	0.118	0.129	0.127	0.127	0.12	0.111	0.111	0.098	0.108	0.099	0.106	0.109	0.115	0.122	0.122	0.123	0.123	0.109	0.109	0.098	0.098	0.099
0.1	0.101	0.1	0.104	0.102	0.102	0.102	0.11	0.1	0.102	0.102	0.101	0.109	0.117	0.119	0.136	0.134	0.128	0.122	0.111	0.113	0.098	0.099	0.101	0.114	0.114	0.117	0.129	0.129	0.127	0.121	0.114	0.115	0.1	0.1	0.105	0.113	0.126	0.118	0.156	0.143	0.137	0.131	0.121	0.141	0.104	0.113	0.1	0.112	0.118	0.114	0.125	0.13	0.135	0.129	0.117	0.117	0.099	0.102	0.101	0.106	0.116	0.118	0.131	0.127	0.133	0.124	0.112	0.114	0.1	0.099	0.101	0.109	0.114	0.12	0.134	0.131	0.131	0.124	0.112	0.112	0.097	0.108	0.099	0.107	0.11	0.116	0.127	0.126	0.128	0.127	0.111	0.11	0.098	0.098	0.098
0.1	0.101	0.1	0.104	0.102	0.102	0.102	0.11	0.1	0.102	0.102	0.101	0.11	0.12	0.122	0.142	0.14	0.133	0.126	0.112	0.115	0.098	0.099	0.101	0.115	0.116	0.119	0.134	0.133	0.132	0.125	0.116	0.117	0.1	0.1	0.105	0.114	0.128	0.12	0.162	0.149	0.141	0.136	0.123	0.143	0.104	0.113	0.1	0.113	0.12	0.116	0.13	0.135	0.141	0.134	0.119	0.119	0.099	0.102	0.101	0.107	0.118	0.12	0.137	0.132	0.139	0.128	0.113	0.115	0.1	0.099	0.101	0.11	0.116	0.122	0.139	0.137	0.137	0.129	0.114	0.114	0.099	0.108	0.1	0.108	0.112	0.118	0.132	0.131	0.133	0.132	0.112	0.111	0.098	0.098	0.099
0.101	0.101	0.1	0.104	0.102	0.102	0.102	0.11	0.1	0.103	0.102	0.101	0.111	0.123	0.125	0.149	0.147	0.139	0.131	0.114	0.117	0.098	0.099	0.101	0.116	0.118	0.121	0.14	0.138	0.137	0.13	0.117	0.119	0.101	0.1	0.105	0.115	0.13	0.122	0.169	0.156	0.147	0.141	0.125	0.145	0.104	0.114	0.1	0.114	0.122	0.118	0.136	0.141	0.148	0.139	0.121	0.121	0.099	0.102	0.101	0.108	0.12	0.122	0.143	0.137	0.145	0.133	0.114	0.117	0.1	0.099	0.102	0.112	0.117	0.124	0.146	0.143	0.143	0.134	0.116	0.116	0.099	0.108	0.1	0.11	0.113	0.12	0.138	0.136	0.139	0.138	0.114	0.113	0.098	0.098	0.099
0.1	0.101	0.1	0.104	0.102	0.102	0.102	0.11	0.1	0.102	0.102	0.101	0.112	0.126	0.128	0.158	0.154	0.145	0.136	0.116	0.118	0.098	0.099	0.101	0.117	0.12	0.124	0.147	0.144	0.143	0.135	0.119	0.121	0.1	0.1	0.105	0.117	0.133	0.124	0.176	0.163	0.153	0.147	0.127	0.148	0.104	0.114	0.1	0.115	0.124	0.12	0.142	0.147	0.155	0.146	0.124	0.124	0.099	0.102	0.101	0.11	0.122	0.125	0.151	0.142	0.153	0.139	0.116	0.119	0.1	0.099	0.102	0.113	0.119	0.127	0.154	0.149	0.15	0.14	0.118	0.118	0.098	0.108	0.1	0.111	0.115	0.122	0.146	0.142	0.145	0.144	0.116	0.114	0.098	0.098	0.098
0.1	0.101	0.1	0.104	0.102	0.102	0.102	0.11	0.1	0.102	0.102	0.101	0.113	0.129	0.131	0.168	0.163	0.153	0.143	0.118	0.12	0.098	0.099	0.102	0.118	0.123	0.127	0.155	0.151	0.151	0.141	0.121	0.123	0.1	0.1	0.105	0.118	0.135	0.127	0.187	0.172	0.16	0.154	0.129	0.151	0.104	0.114	0.1	0.116	0.127	0.123	0.149	0.154	0.164	0.154	0.127	0.126	0.099	0.103	0.101	0.111	0.124	0.128	0.16	0.149	0.162	0.146	0.117	0.121	0.1	0.099	0.101	0.115	0.121	0.13	0.165	0.158	0.158	0.147	0.12	0.12	0.099	0.108	0.101	0.113	0.117	0.125	0.155	0.15	0.153	0.152	0.118	0.116	0.098	0.098	0.098
0.1	0.101	0.1	0.104	0.102	0.102	0.102	0.11	0.1	0.102	0.102	0.102	0.115	0.134	0.136	0.18	0.174	0.162	0.151	0.12	0.123	0.098	0.099	0.102	0.12	0.126	0.13	0.165	0.159	0.159	0.148	0.124	0.126	0.1	0.1	0.105	0.12	0.139	0.13	0.198	0.183	0.168	0.163	0.131	0.154	0.104	0.114	0.1	0.118	0.13	0.126	0.159	0.163	0.174	0.163	0.13	0.129	0.099	0.103	0.101	0.112	0.127	0.132	0.171	0.158	0.172	0.154	0.119	0.123	0.1	0.099	0.101	0.117	0.124	0.133	0.176	0.167	0.167	0.156	0.123	0.123	0.098	0.108	0.101	0.115	0.119	0.128	0.165	0.158	0.163	0.161	0.12	0.118	0.098	0.098	0.099
0.1	0.101	0.1	0.104	0.102	0.102	0.102	0.11	0.1	0.102	0.102	0.101	0.117	0.138	0.141	0.193	0.185	0.171	0.16	0.123	0.125	0.098	0.099	0.102	0.122	0.13	0.134	0.176	0.167	0.169	0.157	0.127	0.128	0.1	0.1	0.105	0.123	0.142	0.133	0.21	0.194	0.177	0.173	0.134	0.158	0.104	0.114	0.1	0.12	0.133	0.13	0.169	0.173	0.185	0.173	0.134	0.132	0.099	0.102	0.101	0.114	0.131	0.136	0.184	0.167	0.184	0.163	0.121	0.126	0.1	0.099	0.101	0.12	0.127	0.138	0.189	0.177	0.177	0.165	0.126	0.126	0.099	0.108	0.101	0.117	0.121	0.132	0.177	0.167	0.173	0.171	0.123	0.12	0.098	0.098	0.099
0.1	0.102	0.1	0.104	0.102	0.102	0.102	0.11	0.1	0.103	0.102	0.101	0.119	0.144	0.146	0.209	0.199	0.182	0.169	0.126	0.128	0.098	0.099	0.102	0.124	0.134	0.138	0.189	0.177	0.18	0.166	0.13	0.131	0.1	0.1	0.105	0.125	0.146	0.137	0.225	0.208	0.188	0.184	0.137	0.162	0.104	0.114	0.1	0.122	0.137	0.135	0.181	0.184	0.199	0.185	0.137	0.136	0.099	0.102	0.101	0.116	0.133	0.142	0.199	0.177	0.197	0.174	0.124	0.129	0.1	0.099	0.101	0.123	0.13	0.142	0.204	0.19	0.189	0.176	0.13	0.13	0.099	0.108	0.101	0.119	0.125	0.136	0.191	0.178	0.184	0.183	0.126	0.122	0.098	0.098	0.099
0.1	0.101	0.1	0.104	0.102	0.102	0.102	0.11	0.1	0.102	0.102	0.101	0.121	0.151	0.153	0.227	0.214	0.195	0.18	0.129	0.131	0.098	0.099	0.102	0.126	0.139	0.143	0.204	0.189	0.192	0.177	0.133	0.135	0.1	0.1	0.105	0.128	0.151	0.141	0.243	0.224	0.2	0.197	0.14	0.167	0.104	0.114	0.1	0.124	0.141	0.14	0.195	0.196	0.214	0.198	0.141	0.139	0.099	0.102	0.101	0.118	0.137	0.147	0.215	0.189	0.212	0.186	0.126	0.132	0.101	0.099	0.101	0.126	0.134	0.148	0.222	0.203	0.203	0.189	0.133	0.133	0.1	0.108	0.101	0.122	0.128	0.14	0.206	0.191	0.198	0.196	0.129	0.125	0.098	0.098	0.099
0.1	0.101	0.1	0.104	0.102	0.102	0.102	0.11	0.1	0.102	0.102	0.101	0.124	0.159	0.161	0.248	0.231	0.209	0.194	0.132	0.134	0.098	0.099	0.102	0.129	0.144	0.149	0.222	0.202	0.206	0.19	0.137	0.139	0.1	0.1	0.105	0.132	0.157	0.145	0.263	0.241	0.215	0.213	0.143	0.172	0.104	0.114	0.1	0.127	0.147	0.145	0.211	0.211	0.231	0.215	0.146	0.144	0.099	0.102	0.101	0.121	0.142	0.154	0.236	0.202	0.229	0.201	0.129	0.136	0.101	0.099	0.102	0.13	0.138	0.154	0.243	0.218	0.218	0.204	0.137	0.137	0.099	0.108	0.101	0.125	0.132	0.146	0.225	0.204	0.213	0.212	0.133	0.128	0.098	0.098	0.099
0.1	0.101	0.1	0.104	0.102	0.102	0.101	0.11	0.1	0.102	0.102	0.101	0.128	0.167	0.17	0.272	0.25	0.226	0.208	0.135	0.138	0.098	0.099	0.102	0.133	0.15	0.156	0.241	0.217	0.223	0.204	0.141	0.143	0.1	0.1	0.105	0.136	0.164	0.151	0.285	0.261	0.23	0.229	0.147	0.177	0.104	0.114	0.1	0.131	0.153	0.152	0.23	0.227	0.251	0.232	0.151	0.148	0.099	0.102	0.101	0.124	0.148	0.161	0.258	0.218	0.249	0.217	0.133	0.14	0.101	0.099	0.102	0.135	0.144	0.161	0.267	0.236	0.235	0.22	0.141	0.141	0.099	0.108	0.101	0.129	0.137	0.152	0.246	0.221	0.231	0.23	0.137	0.132	0.098	0.098	0.098
0.1	0.101	0.1	0.104	0.102	0.102	0.102	0.11	0.1	0.102	0.102	0.102	0.132	0.178	0.18	0.299	0.273	0.245	0.225	0.139	0.142	0.098	0.099	0.102	0.137	0.158	0.165	0.266	0.234	0.241	0.22	0.146	0.147	0.1	0.1	0.104	0.141	0.172	0.158	0.311	0.283	0.249	0.248	0.152	0.184	0.104	0.114	0.1	0.135	0.16	0.159	0.252	0.246	0.273	0.253	0.156	0.152	0.099	0.102	0.101	0.128	0.155	0.17	0.284	0.235	0.271	0.236	0.136	0.145	0.1	0.099	0.101	0.14	0.149	0.17	0.295	0.256	0.255	0.24	0.146	0.146	0.099	0.108	0.101	0.134	0.142	0.16	0.27	0.239	0.25	0.25	0.142	0.136	0.098	0.098	0.099
0.1	0.101	0.1	0.104	0.102	0.102	0.102	0.11	0.1	0.102	0.102	0.101	0.137	0.189	0.192	0.329	0.298	0.267	0.244	0.144	0.146	0.098	0.099	0.102	0.141	0.166	0.174	0.293	0.253	0.263	0.239	0.151	0.152	0.1	0.1	0.105	0.146	0.181	0.165	0.341	0.308	0.27	0.27	0.157	0.191	0.104	0.114	0.1	0.139	0.168	0.168	0.278	0.267	0.298	0.276	0.162	0.158	0.099	0.102	0.101	0.132	0.163	0.18	0.314	0.255	0.296	0.256	0.14	0.15	0.1	0.099	0.101	0.146	0.156	0.179	0.326	0.278	0.278	0.261	0.152	0.151	0.1	0.108	0.101	0.139	0.148	0.169	0.298	0.259	0.273	0.273	0.147	0.14	0.098	0.098	0.099
0.1	0.101	0.1	0.104	0.102	0.102	0.102	0.11	0.1	0.102	0.102	0.101	0.142	0.202	0.205	0.365	0.326	0.291	0.266	0.148	0.151	0.098	0.099	0.102	0.146	0.176	0.184	0.324	0.274	0.286	0.26	0.156	0.157	0.1	0.1	0.104	0.153	0.191	0.173	0.376	0.337	0.293	0.295	0.162	0.198	0.104	0.114	0.1	0.145	0.178	0.177	0.306	0.291	0.326	0.302	0.168	0.163	0.099	0.102	0.101	0.136	0.171	0.191	0.348	0.278	0.324	0.281	0.145	0.155	0.1	0.099	0.101	0.154	0.164	0.19	0.361	0.305	0.304	0.286	0.157	0.157	0.101	0.108	0.101	0.145	0.155	0.178	0.329	0.283	0.298	0.3	0.152	0.144	0.098	0.098	0.099
0.1	0.101	0.1	0.104	0.102	0.102	0.101	0.11	0.1	0.102	0.102	0.102	0.149	0.216	0.22	0.405	0.358	0.318	0.292	0.153	0.156	0.098	0.099	0.102	0.153	0.187	0.196	0.357	0.3	0.314	0.284	0.161	0.163	0.1	0.1	0.105	0.161	0.202	0.183	0.412	0.368	0.319	0.324	0.167	0.207	0.104	0.114	0.1	0.152	0.188	0.188	0.339	0.319	0.359	0.333	0.175	0.169	0.099	0.102	0.101	0.142	0.182	0.204	0.386	0.303	0.356	0.309	0.149	0.16	0.1	0.099	0.101	0.163	0.174	0.203	0.4	0.334	0.333	0.315	0.163	0.163	0.1	0.108	0.1	0.152	0.164	0.19	0.365	0.31	0.327	0.33	0.158	0.149	0.098	0.098	0.099
0.1	0.101	0.1	0.104	0.102	0.102	0.102	0.11	0.1	0.102	0.102	0.101	0.156	0.232	0.236	0.448	0.392	0.348	0.322	0.159	0.162	0.098	0.099	0.102	0.16	0.2	0.21	0.396	0.328	0.344	0.312	0.168	0.17	0.1	0.1	0.105	0.171	0.215	0.194	0.454	0.406	0.349	0.356	0.174	0.215	0.104	0.113	0.1	0.16	0.2	0.2	0.375	0.349	0.395	0.367	0.182	0.176	0.099	0.102	0.101	0.149	0.193	0.219	0.428	0.331	0.392	0.341	0.154	0.167	0.1	0.099	0.102	0.174	0.184	0.217	0.444	0.367	0.365	0.347	0.17	0.17	0.099	0.108	0.1	0.161	0.173	0.202	0.404	0.34	0.358	0.363	0.164	0.154	0.098	0.098	0.099
0.1	0.101	0.1	0.104	0.102	0.102	0.102	0.11	0.1	0.102	0.102	0.101	0.165	0.25	0.254	0.496	0.432	0.383	0.354	0.165	0.168	0.098	0.098	0.102	0.169	0.214	0.225	0.438	0.359	0.377	0.344	0.175	0.176	0.1	0.1	0.105	0.182	0.23	0.206	0.499	0.445	0.382	0.393	0.18	0.225	0.104	0.113	0.1	0.168	0.214	0.214	0.417	0.384	0.435	0.405	0.19	0.183	0.099	0.101	0.101	0.157	0.207	0.235	0.475	0.364	0.432	0.377	0.159	0.173	0.1	0.099	0.101	0.186	0.196	0.233	0.492	0.402	0.401	0.383	0.177	0.177	0.101	0.108	0.1	0.171	0.184	0.216	0.447	0.373	0.394	0.401	0.171	0.16	0.098	0.098	0.099
0.1	0.101	0.1	0.104	0.102	0.102	0.101	0.109	0.1	0.102	0.102	0.101	0.175	0.27	0.275	0.546	0.475	0.421	0.392	0.171	0.174	0.098	0.099	0.102	0.179	0.23	0.242	0.486	0.394	0.416	0.379	0.182	0.184	0.1	0.1	0.104	0.194	0.246	0.22	0.549	0.488	0.419	0.434	0.187	0.236	0.105	0.113	0.1	0.178	0.229	0.229	0.462	0.422	0.477	0.447	0.198	0.191	0.099	0.101	0.101	0.166	0.221	0.253	0.524	0.4	0.475	0.416	0.166	0.18	0.1	0.099	0.101	0.199	0.209	0.25	0.544	0.442	0.441	0.424	0.185	0.185	0.101	0.108	0.1	0.183	0.197	0.233	0.496	0.41	0.434	0.443	0.177	0.167	0.098	0.098	0.099
0.1	0.101	0.1	0.104	0.102	0.102	0.102	0.11	0.1	0.103	0.102	0.102	0.187	0.292	0.297	0.601	0.521	0.463	0.431	0.179	0.181	0.098	0.099	0.102	0.191	0.248	0.261	0.538	0.434	0.457	0.419	0.19	0.193	0.101	0.1	0.105	0.209	0.264	0.234	0.602	0.534	0.459	0.478	0.195	0.248	0.104	0.114	0.1	0.19	0.246	0.246	0.512	0.465	0.524	0.493	0.207	0.199	0.099	0.102	0.101	0.177	0.238	0.273	0.58	0.441	0.522	0.46	0.172	0.189	0.1	0.099	0.101	0.215	0.224	0.271	0.6	0.487	0.485	0.468	0.193	0.194	0.102	0.108	0.1	0.196	0.21	0.25	0.547	0.452	0.477	0.488	0.185	0.174	0.098	0.099	0.099
0.1	0.101	0.1	0.104	0.102	0.102	0.101	0.11	0.1	0.102	0.102	0.101	0.2	0.317	0.322	0.659	0.571	0.508	0.475	0.186	0.189	0.098	0.099	0.103	0.205	0.269	0.281	0.592	0.476	0.502	0.462	0.199	0.201	0.1	0.1	0.104	0.225	0.284	0.252	0.658	0.585	0.504	0.525	0.203	0.259	0.104	0.113	0.1	0.203	0.265	0.264	0.566	0.511	0.573	0.541	0.217	0.208	0.099	0.101	0.101	0.19	0.256	0.294	0.637	0.483	0.572	0.506	0.179	0.198	0.1	0.099	0.101	0.233	0.241	0.292	0.658	0.535	0.531	0.514	0.203	0.203	0.102	0.108	0.1	0.211	0.226	0.27	0.6	0.495	0.524	0.536	0.193	0.181	0.098	0.098	0.099
0.1	0.101	0.1	0.104	0.102	0.102	0.102	0.11	0.1	0.102	0.102	0.101	0.215	0.344	0.349	0.717	0.624	0.558	0.523	0.194	0.198	0.098	0.099	0.103	0.221	0.291	0.305	0.649	0.522	0.551	0.508	0.208	0.211	0.1	0.1	0.103	0.244	0.306	0.271	0.716	0.638	0.551	0.576	0.213	0.273	0.104	0.113	0.1	0.218	0.285	0.284	0.621	0.56	0.626	0.593	0.228	0.218	0.099	0.101	0.101	0.205	0.277	0.318	0.696	0.53	0.624	0.557	0.188	0.207	0.1	0.099	0.101	0.253	0.259	0.316	0.717	0.586	0.584	0.566	0.212	0.213	0.102	0.108	0.1	0.229	0.242	0.291	0.656	0.543	0.575	0.588	0.202	0.189	0.098	0.098	0.099
0.1	0.101	0.1	0.104	0.102	0.102	0.102	0.11	0.1	0.102	0.102	0.101	0.232	0.373	0.379	0.777	0.68	0.61	0.574	0.203	0.207	0.098	0.099	0.103	0.238	0.315	0.329	0.71	0.573	0.604	0.558	0.219	0.222	0.1	0.1	0.103	0.265	0.331	0.293	0.774	0.693	0.601	0.631	0.223	0.288	0.104	0.113	0.1	0.236	0.309	0.306	0.679	0.614	0.682	0.648	0.239	0.229	0.099	0.102	0.101	0.22	0.3	0.345	0.757	0.579	0.68	0.61	0.196	0.218	0.1	0.099	0.101	0.276	0.28	0.342	0.778	0.64	0.636	0.619	0.223	0.225	0.1	0.108	0.1	0.248	0.262	0.316	0.717	0.596	0.627	0.641	0.212	0.198	0.098	0.099	0.099
0.1	0.101	0.1	0.104	0.102	0.102	0.102	0.11	0.1	0.102	0.102	0.101	0.251	0.406	0.411	0.836	0.737	0.665	0.627	0.212	0.217	0.098	0.099	0.103	0.258	0.343	0.357	0.77	0.626	0.659	0.612	0.23	0.233	0.1	0.1	0.104	0.289	0.358	0.315	0.837	0.75	0.656	0.687	0.234	0.304	0.104	0.113	0.1	0.254	0.335	0.332	0.737	0.669	0.739	0.704	0.253	0.24	0.099	0.102	0.101	0.24	0.325	0.374	0.818	0.632	0.738	0.666	0.205	0.23	0.1	0.099	0.101	0.301	0.303	0.371	0.838	0.696	0.693	0.675	0.235	0.237	0.102	0.108	0.1	0.27	0.282	0.343	0.777	0.648	0.683	0.699	0.223	0.207	0.098	0.099	0.099
0.1	0.101	0.1	0.104	0.102	0.102	0.102	0.11	0.1	0.102	0.102	0.101	0.272	0.44	0.445	0.895	0.796	0.722	0.683	0.223	0.229	0.098	0.098	0.103	0.281	0.372	0.387	0.832	0.683	0.714	0.667	0.242	0.246	0.1	0.1	0.103	0.315	0.388	0.342	0.894	0.806	0.712	0.744	0.245	0.322	0.104	0.113	0.1	0.277	0.363	0.358	0.797	0.725	0.797	0.761	0.266	0.253	0.099	0.101	0.101	0.261	0.352	0.406	0.88	0.688	0.795	0.724	0.215	0.242	0.1	0.099	0.101	0.329	0.329	0.402	0.9	0.752	0.752	0.731	0.247	0.25	0.102	0.108	0.1	0.295	0.306	0.372	0.835	0.704	0.738	0.755	0.234	0.219	0.098	0.099	0.099
0.1	0.101	0.1	0.104	0.102	0.102	0.102	0.11	0.1	0.102	0.102	0.101	0.295	0.478	0.483	0.952	0.853	0.777	0.74	0.235	0.241	0.098	0.099	0.103	0.306	0.404	0.419	0.89	0.738	0.772	0.723	0.256	0.26	0.101	0.1	0.104	0.344	0.421	0.369	0.951	0.865	0.77	0.801	0.258	0.342	0.105	0.113	0.1	0.3	0.394	0.388	0.856	0.783	0.854	0.819	0.282	0.267	0.099	0.102	0.101	0.284	0.382	0.44	0.94	0.745	0.855	0.782	0.226	0.256	0.1	0.099	0.101	0.36	0.357	0.437	0.957	0.809	0.809	0.791	0.261	0.265	0.102	0.108	0.1	0.322	0.332	0.403	0.895	0.76	0.796	0.813	0.247	0.231	0.098	0.099	0.099
0.1	0.101	0.1	0.104	0.102	0.102	0.102	0.11	0.1	0.102	0.102	0.101	0.32	0.516	0.525	1.008	0.911	0.834	0.795	0.248	0.254	0.098	0.099	0.104	0.335	0.438	0.455	0.95	0.795	0.829	0.781	0.27	0.275	0.101	0.1	0.103	0.376	0.455	0.4	1.007	0.921	0.826	0.858	0.272	0.362	0.105	0.113	0.1	0.326	0.426	0.421	0.913	0.842	0.91	0.876	0.298	0.281	0.099	0.102	0.101	0.311	0.414	0.478	0.995	0.8	0.911	0.841	0.238	0.271	0.1	0.099	0.101	0.393	0.388	0.473	1.013	0.868	0.867	0.849	0.277	0.281	0.101	0.108	0.1	0.352	0.36	0.437	0.953	0.818	0.855	0.869	0.26	0.243	0.098	0.099	0.099
0.1	0.101	0.1	0.104	0.102	0.102	0.101	0.11	0.1	0.102	0.102	0.101	0.35	0.56	0.566	1.057	0.966	0.893	0.851	0.262	0.268	0.098	0.099	0.104	0.365	0.475	0.493	1.004	0.854	0.887	0.838	0.286	0.292	0.101	0.1	0.104	0.41	0.493	0.433	1.059	0.974	0.885	0.915	0.287	0.384	0.105	0.113	0.1	0.356	0.463	0.456	0.969	0.9	0.965	0.93	0.316	0.298	0.099	0.102	0.101	0.339	0.448	0.518	1.045	0.859	0.968	0.899	0.251	0.287	0.1	0.099	0.101	0.43	0.421	0.513	1.064	0.925	0.924	0.905	0.293	0.298	0.1	0.108	0.1	0.385	0.391	0.475	1.007	0.875	0.91	0.925	0.276	0.258	0.098	0.099	0.099
0.1	0.101	0.1	0.104	0.102	0.102	0.102	0.11	0.1	0.102	0.102	0.101	0.381	0.602	0.611	1.101	1.021	0.946	0.909	0.278	0.284	0.098	0.099	0.104	0.399	0.515	0.533	1.053	0.909	0.944	0.894	0.303	0.309	0.101	0.1	0.104	0.448	0.534	0.469	1.105	1.026	0.941	0.967	0.303	0.41	0.105	0.113	0.1	0.388	0.501	0.494	1.022	0.957	1.02	0.984	0.335	0.315	0.099	0.102	0.101	0.372	0.486	0.559	1.086	0.914	1.022	0.953	0.266	0.305	0.1	0.099	0.101	0.47	0.457	0.556	1.105	0.982	0.98	0.96	0.311	0.317	0.1	0.108	0.1	0.421	0.424	0.513	1.056	0.929	0.966	0.981	0.291	0.274	0.098	0.099	0.1
0.1	0.101	0.1	0.104	0.102	0.102	0.102	0.11	0.1	0.102	0.102	0.101	0.415	0.651	0.658	1.13	1.069	0.998	0.963	0.293	0.301	0.098	0.099	0.104	0.435	0.557	0.575	1.088	0.965	0.997	0.949	0.322	0.329	0.1	0.1	0.104	0.49	0.579	0.508	1.139	1.074	0.996	1.019	0.321	0.437	0.105	0.113	0.1	0.422	0.543	0.535	1.063	1.01	1.067	1.034	0.355	0.334	0.099	0.102	0.101	0.407	0.526	0.603	1.116	0.969	1.072	1.007	0.281	0.325	0.1	0.099	0.101	0.512	0.494	0.601	1.136	1.032	1.034	1.012	0.33	0.337	0.1	0.108	0.1	0.46	0.461	0.557	1.092	0.984	1.019	1.033	0.309	0.29	0.098	0.099	0.1
0.1	0.101	0.1	0.104	0.102	0.102	0.102	0.11	0.1	0.102	0.102	0.101	0.452	0.698	0.708	1.152	1.115	1.05	1.012	0.311	0.32	0.098	0.099	0.104	0.476	0.603	0.62	1.113	1.016	1.05	1.002	0.34	0.351	0.1	0.1	0.103	0.533	0.626	0.549	1.161	1.119	1.045	1.067	0.339	0.467	0.104	0.113	0.1	0.461	0.586	0.578	1.091	1.062	1.114	1.081	0.378	0.355	0.099	0.102	0.101	0.446	0.568	0.649	1.137	1.02	1.118	1.057	0.298	0.345	0.1	0.099	0.101	0.558	0.537	0.647	1.157	1.081	1.083	1.061	0.35	0.359	0.101	0.108	0.1	0.502	0.499	0.601	1.119	1.035	1.068	1.081	0.327	0.309	0.098	0.099	0.1
0.1	0.101	0.1	0.104	0.102	0.102	0.101	0.11	0.1	0.102	0.102	0.101	0.493	0.747	0.757	1.168	1.153	1.089	1.06	0.331	0.341	0.098	0.099	0.104	0.518	0.648	0.666	1.131	1.059	1.093	1.049	0.361	0.373	0.101	0.1	0.103	0.579	0.672	0.591	1.179	1.153	1.087	1.108	0.36	0.498	0.105	0.113	0.1	0.501	0.633	0.623	1.113	1.105	1.153	1.121	0.402	0.378	0.099	0.102	0.101	0.488	0.613	0.7	1.153	1.06	1.155	1.097	0.317	0.368	0.1	0.099	0.101	0.606	0.581	0.696	1.172	1.124	1.123	1.102	0.371	0.383	0.102	0.108	0.1	0.548	0.54	0.647	1.138	1.081	1.111	1.124	0.348	0.329	0.098	0.099	0.1
0.1	0.101	0.1	0.104	0.102	0.102	0.101	0.11	0.1	0.102	0.102	0.101	0.536	0.798	0.809	1.18	1.182	1.12	1.096	0.352	0.363	0.098	0.099	0.104	0.564	0.698	0.713	1.145	1.096	1.125	1.086	0.384	0.398	0.101	0.1	0.104	0.628	0.723	0.637	1.192	1.177	1.118	1.138	0.381	0.531	0.104	0.113	0.1	0.544	0.682	0.67	1.132	1.138	1.18	1.15	0.427	0.402	0.099	0.102	0.101	0.532	0.66	0.75	1.165	1.091	1.182	1.128	0.336	0.393	0.1	0.099	0.101	0.655	0.627	0.745	1.183	1.154	1.152	1.135	0.394	0.409	0.1	0.108	0.1	0.595	0.583	0.697	1.152	1.119	1.141	1.16	0.37	0.352	0.098	0.099	0.1
0.1	0.101	0.1	0.104	0.102	0.102	0.101	0.11	0.1	0.102	0.102	0.101	0.581	0.849	0.859	1.188	1.201	1.143	1.123	0.375	0.388	0.098	0.099	0.103	0.611	0.747	0.762	1.156	1.121	1.148	1.113	0.408	0.424	0.101	0.1	0.103	0.678	0.773	0.685	1.201	1.194	1.14	1.162	0.404	0.566	0.105	0.113	0.1	0.592	0.731	0.717	1.142	1.164	1.201	1.173	0.454	0.43	0.099	0.102	0.101	0.579	0.707	0.799	1.173	1.112	1.199	1.15	0.357	0.42	0.1	0.099	0.101	0.707	0.675	0.795	1.193	1.177	1.174	1.161	0.419	0.438	0.102	0.108	0.1	0.644	0.628	0.747	1.163	1.148	1.164	1.186	0.394	0.376	0.098	0.099	0.1
0.1	0.101	0.1	0.104	0.102	0.102	0.101	0.11	0.1	0.102	0.102	0.101	0.63	0.897	0.907	1.195	1.217	1.159	1.144	0.399	0.414	0.098	0.098	0.103	0.662	0.798	0.811	1.164	1.14	1.166	1.133	0.434	0.452	0.101	0.1	0.103	0.732	0.825	0.734	1.208	1.207	1.155	1.177	0.428	0.604	0.104	0.113	0.1	0.64	0.78	0.764	1.152	1.181	1.215	1.188	0.483	0.458	0.099	0.101	0.101	0.628	0.757	0.85	1.179	1.129	1.214	1.167	0.38	0.448	0.1	0.099	0.101	0.758	0.723	0.845	1.2	1.193	1.19	1.179	0.446	0.469	0.101	0.108	0.1	0.697	0.675	0.795	1.171	1.168	1.181	1.205	0.418	0.402	0.098	0.099	0.1
0.1	0.101	0.1	0.104	0.102	0.102	0.101	0.11	0.1	0.102	0.102	0.101	0.68	0.948	0.956	1.199	1.229	1.172	1.158	0.427	0.441	0.098	0.099	0.103	0.715	0.85	0.86	1.17	1.153	1.179	1.149	0.461	0.485	0.101	0.1	0.103	0.785	0.878	0.785	1.213	1.217	1.168	1.189	0.455	0.644	0.104	0.113	0.101	0.689	0.832	0.816	1.159	1.194	1.227	1.2	0.513	0.489	0.099	0.102	0.101	0.68	0.808	0.901	1.185	1.141	1.225	1.178	0.406	0.479	0.1	0.099	0.101	0.813	0.775	0.896	1.205	1.206	1.202	1.194	0.474	0.5	0.102	0.108	0.1	0.75	0.726	0.846	1.177	1.184	1.194	1.22	0.445	0.43	0.098	0.099	0.101
0.1	0.101	0.1	0.104	0.102	0.102	0.101	0.11	0.1	0.102	0.101	0.101	0.731	0.996	1.004	1.203	1.236	1.182	1.169	0.455	0.473	0.098	0.099	0.103	0.766	0.903	0.909	1.173	1.163	1.188	1.159	0.492	0.517	0.101	0.099	0.103	0.839	0.927	0.834	1.217	1.223	1.177	1.198	0.485	0.686	0.104	0.112	0.1	0.739	0.883	0.864	1.162	1.204	1.235	1.21	0.545	0.523	0.099	0.101	0.101	0.731	0.858	0.95	1.189	1.15	1.233	1.188	0.432	0.512	0.101	0.099	0.101	0.865	0.825	0.944	1.209	1.216	1.211	1.204	0.504	0.535	0.101	0.108	0.1	0.805	0.776	0.896	1.181	1.197	1.204	1.231	0.473	0.461	0.098	0.099	0.101
0.1	0.101	0.1	0.104	0.102	0.102	0.101	0.11	0.1	0.102	0.102	0.101	0.783	1.043	1.048	1.206	1.243	1.188	1.177	0.486	0.506	0.098	0.099	0.103	0.82	0.952	0.956	1.177	1.171	1.195	1.169	0.524	0.552	0.101	0.1	0.103	0.891	0.978	0.887	1.22	1.229	1.183	1.205	0.514	0.728	0.105	0.113	0.101	0.791	0.934	0.912	1.166	1.211	1.242	1.216	0.579	0.557	0.099	0.102	0.101	0.784	0.905	0.997	1.191	1.155	1.239	1.195	0.461	0.547	0.101	0.099	0.101	0.917	0.877	0.993	1.211	1.223	1.218	1.211	0.537	0.571	0.099	0.108	0.101	0.859	0.826	0.944	1.186	1.205	1.211	1.24	0.504	0.494	0.098	0.099	0.101
0.1	0.101	0.1	0.104	0.102	0.102	0.101	0.11	0.1	0.102	0.102	0.101	0.834	1.087	1.09	1.206	1.248	1.193	1.183	0.519	0.543	0.098	0.099	0.103	0.873	1	1.003	1.18	1.176	1.2	1.175	0.556	0.59	0.101	0.1	0.103	0.943	1.025	0.935	1.222	1.233	1.187	1.209	0.546	0.77	0.105	0.113	0.101	0.842	0.984	0.959	1.169	1.215	1.247	1.22	0.615	0.593	0.099	0.102	0.101	0.836	0.954	1.043	1.193	1.16	1.243	1.2	0.491	0.585	0.102	0.099	0.101	0.967	0.926	1.037	1.214	1.229	1.222	1.218	0.568	0.609	0.099	0.108	0.1	0.912	0.877	0.991	1.188	1.211	1.216	1.245	0.536	0.529	0.098	0.099	0.1
0.1	0.101	0.1	0.104	0.102	0.102	0.101	0.11	0.1	0.102	0.102	0.101	0.888	1.127	1.129	1.209	1.251	1.196	1.186	0.554	0.58	0.098	0.099	0.103	0.925	1.044	1.046	1.183	1.18	1.203	1.179	0.591	0.629	0.101	0.1	0.103	0.994	1.071	0.983	1.224	1.236	1.189	1.213	0.579	0.815	0.105	0.112	0.101	0.893	1.029	1.005	1.17	1.218	1.25	1.223	0.653	0.633	0.099	0.102	0.101	0.885	0.999	1.085	1.195	1.163	1.246	1.202	0.524	0.621	0.102	0.099	0.101	1.016	0.972	1.08	1.217	1.231	1.226	1.224	0.605	0.648	0.1	0.108	0.1	0.965	0.924	1.036	1.191	1.215	1.219	1.25	0.57	0.567	0.098	0.099	0.101
0.1	0.101	0.1	0.104	0.102	0.102	0.101	0.11	0.1	0.102	0.102	0.101	0.935	1.164	1.161	1.21	1.253	1.2	1.189	0.59	0.62	0.098	0.099	0.102	0.975	1.085	1.085	1.184	1.183	1.206	1.184	0.625	0.67	0.101	0.1	0.103	1.04	1.111	1.028	1.225	1.238	1.192	1.216	0.614	0.859	0.105	0.112	0.101	0.943	1.072	1.046	1.172	1.222	1.251	1.226	0.691	0.674	0.099	0.102	0.101	0.937	1.041	1.124	1.197	1.167	1.248	1.207	0.559	0.661	0.102	0.099	0.101	1.061	1.016	1.119	1.218	1.234	1.229	1.227	0.641	0.69	0.101	0.108	0.1	1.012	0.97	1.079	1.193	1.218	1.222	1.254	0.605	0.606	0.098	0.099	0.1
0.1	0.101	0.1	0.104	0.102	0.102	0.101	0.11	0.1	0.102	0.101	0.101	0.982	1.194	1.187	1.211	1.256	1.201	1.192	0.629	0.663	0.098	0.099	0.103	1.02	1.118	1.119	1.187	1.185	1.208	1.187	0.663	0.712	0.101	0.1	0.103	1.081	1.146	1.065	1.225	1.241	1.193	1.216	0.651	0.904	0.105	0.112	0.101	0.989	1.11	1.083	1.173	1.224	1.254	1.229	0.731	0.716	0.099	0.102	0.101	0.983	1.075	1.156	1.198	1.168	1.25	1.209	0.595	0.703	0.102	0.099	0.102	1.101	1.056	1.151	1.22	1.237	1.231	1.23	0.678	0.73	0.101	0.108	0.1	1.059	1.015	1.113	1.194	1.22	1.223	1.256	0.641	0.644	0.098	0.099	0.1
0.1	0.101	0.1	0.104	0.102	0.102	0.101	0.11	0.1	0.102	0.102	0.101	1.022	1.216	1.207	1.213	1.258	1.202	1.194	0.667	0.704	0.098	0.099	0.103	1.059	1.144	1.144	1.19	1.187	1.21	1.191	0.703	0.755	0.101	0.1	0.103	1.117	1.172	1.096	1.226	1.242	1.195	1.218	0.687	0.946	0.105	0.112	0.101	1.03	1.138	1.116	1.174	1.227	1.254	1.23	0.769	0.759	0.099	0.102	0.101	1.02	1.101	1.179	1.199	1.17	1.252	1.212	0.633	0.747	0.102	0.099	0.102	1.131	1.085	1.174	1.222	1.239	1.234	1.231	0.716	0.774	0.102	0.108	0.1	1.096	1.049	1.141	1.196	1.223	1.225	1.258	0.679	0.686	0.098	0.099	0.1
0.1	0.101	0.1	0.104	0.102	0.102	0.101	0.11	0.1	0.102	0.102	0.101	1.053	1.233	1.223	1.214	1.259	1.204	1.196	0.71	0.749	0.098	0.099	0.103	1.091	1.164	1.163	1.191	1.188	1.212	1.193	0.743	0.803	0.102	0.1	0.103	1.14	1.19	1.118	1.228	1.244	1.198	1.22	0.726	0.989	0.105	0.112	0.101	1.062	1.16	1.141	1.175	1.228	1.256	1.232	0.809	0.801	0.099	0.102	0.101	1.047	1.121	1.197	1.2	1.172	1.253	1.214	0.674	0.792	0.102	0.099	0.101	1.156	1.107	1.192	1.223	1.241	1.236	1.233	0.758	0.818	0.099	0.108	0.1	1.126	1.077	1.162	1.198	1.225	1.227	1.26	0.717	0.731	0.098	0.099	0.1
0.1	0.101	0.1	0.104	0.102	0.102	0.101	0.11	0.1	0.102	0.102	0.101	1.076	1.245	1.233	1.216	1.26	1.205	1.198	0.753	0.793	0.098	0.099	0.103	1.115	1.179	1.176	1.193	1.19	1.215	1.195	0.784	0.846	0.101	0.1	0.103	1.158	1.205	1.135	1.228	1.245	1.198	1.221	0.765	1.029	0.104	0.112	0.101	1.085	1.176	1.158	1.176	1.228	1.257	1.234	0.851	0.847	0.099	0.102	0.101	1.066	1.138	1.21	1.201	1.173	1.254	1.215	0.715	0.834	0.102	0.099	0.101	1.175	1.123	1.206	1.225	1.242	1.236	1.235	0.797	0.862	0.099	0.108	0.1	1.148	1.096	1.176	1.199	1.227	1.229	1.262	0.755	0.776	0.098	0.099	0.1
0.1	0.101	0.1	0.104	0.102	0.102	0.101	0.11	0.1	0.102	0.102	0.101	1.093	1.255	1.242	1.216	1.262	1.207	1.199	0.792	0.836	0.098	0.099	0.103	1.129	1.19	1.187	1.195	1.191	1.216	1.197	0.822	0.889	0.101	0.1	0.103	1.171	1.218	1.147	1.228	1.246	1.2	1.222	0.805	1.066	0.105	0.112	0.101	1.103	1.19	1.171	1.175	1.23	1.258	1.234	0.889	0.89	0.099	0.102	0.101	1.083	1.149	1.22	1.202	1.174	1.256	1.217	0.757	0.879	0.102	0.099	0.101	1.189	1.138	1.217	1.226	1.244	1.238	1.236	0.839	0.903	0.1	0.108	0.1	1.163	1.111	1.189	1.201	1.228	1.229	1.262	0.796	0.818	0.098	0.099	0.101
0.1	0.101	0.1	0.103	0.102	0.102	0.101	0.11	0.1	0.102	0.102	0.101	1.108	1.262	1.248	1.217	1.264	1.208	1.199	0.837	0.884	0.098	0.099	0.103	1.141	1.198	1.195	1.196	1.193	1.217	1.199	0.862	0.932	0.101	0.099	0.103	1.183	1.227	1.156	1.229	1.247	1.2	1.223	0.844	1.102	0.104	0.112	0.101	1.116	1.2	1.181	1.177	1.231	1.259	1.234	0.929	0.934	0.099	0.102	0.101	1.094	1.159	1.229	1.203	1.176	1.257	1.219	0.801	0.922	0.102	0.099	0.101	1.198	1.148	1.225	1.227	1.245	1.238	1.238	0.879	0.945	0.099	0.108	0.1	1.175	1.124	1.199	1.202	1.229	1.231	1.265	0.835	0.864	0.098	0.099	0.1
0.1	0.101	0.1	0.103	0.102	0.102	0.101	0.11	0.1	0.102	0.102	0.101	1.118	1.267	1.253	1.218	1.265	1.209	1.2	0.879	0.927	0.098	0.099	0.102	1.151	1.206	1.202	1.198	1.194	1.219	1.2	0.9	0.974	0.101	0.1	0.103	1.191	1.232	1.163	1.23	1.248	1.201	1.224	0.885	1.135	0.104	0.112	0.101	1.129	1.208	1.19	1.177	1.232	1.258	1.235	0.968	0.976	0.099	0.102	0.102	1.106	1.167	1.235	1.203	1.177	1.258	1.22	0.843	0.964	0.102	0.099	0.101	1.209	1.158	1.232	1.229	1.246	1.24	1.239	0.919	0.984	0.099	0.108	0.1	1.185	1.133	1.207	1.203	1.229	1.232	1.266	0.874	0.905	0.098	0.099	0.1
0.1	0.101	0.1	0.104	0.102	0.102	0.101	0.11	0.1	0.102	0.102	0.101	1.125	1.272	1.258	1.22	1.266	1.21	1.202	0.921	0.97	0.098	0.099	0.103	1.159	1.211	1.207	1.2	1.195	1.22	1.202	0.941	1.015	0.102	0.1	0.103	1.198	1.238	1.168	1.231	1.249	1.204	1.225	0.925	1.168	0.105	0.112	0.101	1.139	1.213	1.196	1.179	1.233	1.26	1.236	1.007	1.016	0.099	0.102	0.101	1.113	1.172	1.24	1.204	1.179	1.259	1.222	0.884	1.006	0.102	0.099	0.101	1.214	1.164	1.237	1.23	1.247	1.241	1.24	0.957	1.024	0.099	0.108	0.101	1.193	1.14	1.212	1.204	1.23	1.233	1.266	0.912	0.949	0.098	0.099	0.1
0.1	0.101	0.1	0.104	0.102	0.102	0.101	0.11	0.1	0.102	0.102	0.101	1.131	1.274	1.26	1.221	1.265	1.209	1.203	0.963	1.012	0.098	0.099	0.103	1.165	1.215	1.21	1.201	1.196	1.221	1.203	0.982	1.054	0.102	0.1	0.103	1.202	1.242	1.172	1.231	1.25	1.204	1.226	0.963	1.196	0.105	0.113	0.101	1.145	1.218	1.202	1.178	1.234	1.261	1.238	1.042	1.056	0.099	0.102	0.102	1.119	1.176	1.244	1.205	1.179	1.259	1.223	0.926	1.043	0.102	0.099	0.101	1.219	1.167	1.241	1.231	1.248	1.242	1.243	0.993	1.06	0.1	0.108	0.101	1.198	1.147	1.217	1.205	1.232	1.234	1.268	0.949	0.99	0.098	0.099	0.1
0.1	0.101	0.1	0.104	0.102	0.102	0.101	0.109	0.1	0.102	0.101	0.101	1.135	1.276	1.262	1.222	1.266	1.211	1.203	1.001	1.054	0.098	0.099	0.103	1.169	1.217	1.214	1.203	1.198	1.222	1.204	1.019	1.089	0.102	0.1	0.103	1.206	1.244	1.175	1.232	1.251	1.205	1.226	1	1.222	0.105	0.113	0.101	1.15	1.221	1.205	1.179	1.235	1.261	1.238	1.077	1.093	0.099	0.102	0.102	1.123	1.179	1.246	1.206	1.18	1.26	1.224	0.968	1.08	0.102	0.099	0.102	1.222	1.171	1.244	1.231	1.249	1.242	1.243	1.029	1.095	0.098	0.108	0.101	1.202	1.149	1.22	1.206	1.232	1.236	1.268	0.987	1.033	0.098	0.099	0.1
0.1	0.101	0.1	0.103	0.102	0.102	0.101	0.11	0.1	0.102	0.102	0.101	1.139	1.278	1.263	1.223	1.267	1.212	1.204	1.04	1.088	0.098	0.099	0.103	1.172	1.22	1.216	1.205	1.199	1.224	1.206	1.055	1.12	0.101	0.1	0.103	1.209	1.246	1.177	1.233	1.253	1.206	1.227	1.037	1.242	0.104	0.113	0.101	1.153	1.224	1.208	1.179	1.234	1.261	1.239	1.111	1.124	0.099	0.102	0.101	1.127	1.183	1.249	1.207	1.182	1.262	1.225	1.009	1.11	0.101	0.099	0.102	1.224	1.174	1.246	1.232	1.25	1.244	1.244	1.065	1.123	0.098	0.108	0.101	1.204	1.151	1.223	1.208	1.233	1.237	1.269	1.022	1.068	0.098	0.099	0.1
0.1	0.101	0.1	0.103	0.102	0.102	0.101	0.109	0.1	0.102	0.101	0.101	1.14	1.28	1.265	1.224	1.268	1.212	1.204	1.077	1.115	0.098	0.099	0.103	1.175	1.223	1.219	1.207	1.201	1.224	1.207	1.091	1.143	0.101	0.1	0.103	1.211	1.247	1.178	1.234	1.253	1.207	1.228	1.071	1.256	0.105	0.113	0.101	1.156	1.225	1.21	1.181	1.234	1.261	1.241	1.142	1.149	0.099	0.102	0.101	1.13	1.185	1.251	1.208	1.182	1.262	1.226	1.046	1.135	0.102	0.099	0.102	1.227	1.176	1.249	1.234	1.25	1.245	1.245	1.099	1.148	0.099	0.108	0.1	1.207	1.155	1.224	1.208	1.234	1.237	1.269	1.055	1.098	0.098	0.099	0.1
0.1	0.101	0.1	0.104	0.102	0.102	0.101	0.11	0.1	0.102	0.102	0.101	1.143	1.282	1.266	1.225	1.269	1.213	1.205	1.108	1.136	0.098	0.099	0.103	1.177	1.225	1.221	1.209	1.201	1.225	1.209	1.121	1.162	0.101	0.1	0.103	1.213	1.248	1.18	1.234	1.253	1.208	1.23	1.101	1.269	0.104	0.113	0.101	1.157	1.228	1.21	1.181	1.236	1.262	1.242	1.168	1.169	0.099	0.102	0.101	1.133	1.186	1.253	1.209	1.184	1.262	1.228	1.08	1.152	0.102	0.099	0.102	1.229	1.179	1.25	1.235	1.251	1.246	1.246	1.128	1.168	0.099	0.108	0.1	1.208	1.157	1.226	1.209	1.234	1.238	1.271	1.085	1.119	0.098	0.099	0.1
0.1	0.101	0.1	0.104	0.102	0.102	0.101	0.11	0.1	0.102	0.102	0.101	1.144	1.284	1.268	1.225	1.269	1.214	1.206	1.133	1.15	0.098	0.099	0.103	1.18	1.228	1.223	1.211	1.203	1.226	1.21	1.146	1.174	0.101	0.1	0.103	1.215	1.248	1.182	1.236	1.255	1.21	1.23	1.124	1.278	0.104	0.113	0.101	1.159	1.229	1.213	1.182	1.237	1.263	1.243	1.191	1.183	0.099	0.102	0.101	1.135	1.188	1.255	1.21	1.185	1.263	1.23	1.106	1.166	0.102	0.099	0.102	1.23	1.18	1.252	1.235	1.252	1.246	1.247	1.153	1.181	0.099	0.108	0.101	1.21	1.157	1.227	1.21	1.235	1.239	1.272	1.113	1.137	0.098	0.099	0.1
0.1	0.101	0.1	0.103	0.102	0.102	0.101	0.11	0.1	0.102	0.101	0.101	1.145	1.284	1.27	1.226	1.269	1.215	1.208	1.151	1.161	0.098	0.099	0.103	1.181	1.229	1.224	1.212	1.204	1.228	1.211	1.167	1.186	0.101	0.1	0.103	1.216	1.25	1.184	1.237	1.255	1.21	1.231	1.142	1.286	0.104	0.113	0.101	1.16	1.231	1.213	1.181	1.237	1.263	1.243	1.208	1.195	0.099	0.102	0.101	1.137	1.19	1.256	1.21	1.185	1.264	1.23	1.126	1.178	0.102	0.099	0.102	1.231	1.183	1.254	1.237	1.253	1.247	1.249	1.174	1.192	0.099	0.108	0.101	1.211	1.16	1.229	1.212	1.236	1.24	1.272	1.134	1.149	0.098	0.099	0.1
0.1	0.101	0.1	0.104	0.102	0.102	0.101	0.11	0.1	0.102	0.102	0.101	1.146	1.285	1.271	1.227	1.27	1.216	1.207	1.165	1.171	0.098	0.099	0.103	1.183	1.23	1.227	1.214	1.206	1.228	1.212	1.18	1.193	0.102	0.1	0.103	1.218	1.253	1.185	1.237	1.256	1.212	1.232	1.155	1.29	0.104	0.112	0.101	1.163	1.232	1.214	1.181	1.238	1.263	1.244	1.22	1.203	0.099	0.102	0.101	1.139	1.191	1.257	1.211	1.187	1.264	1.231	1.141	1.186	0.102	0.099	0.102	1.231	1.183	1.255	1.237	1.254	1.248	1.249	1.191	1.2	0.099	0.108	0.101	1.211	1.161	1.23	1.213	1.237	1.24	1.273	1.151	1.158	0.098	0.099	0.1
0.1	0.101	0.1	0.103	0.102	0.102	0.101	0.11	0.1	0.102	0.101	0.101	1.147	1.287	1.272	1.228	1.27	1.216	1.208	1.176	1.177	0.098	0.099	0.103	1.185	1.233	1.228	1.217	1.207	1.23	1.213	1.192	1.201	0.102	0.1	0.103	1.219	1.254	1.186	1.238	1.257	1.212	1.233	1.165	1.294	0.104	0.112	0.101	1.164	1.232	1.214	1.182	1.239	1.264	1.245	1.229	1.21	0.099	0.102	0.101	1.14	1.193	1.259	1.212	1.188	1.265	1.231	1.152	1.192	0.102	0.099	0.103	1.233	1.185	1.257	1.239	1.254	1.249	1.25	1.202	1.206	0.099	0.108	0.101	1.214	1.163	1.231	1.214	1.237	1.242	1.274	1.165	1.168	0.098	0.099	0.1
0.1	0.101	0.1	0.104	0.102	0.102	0.101	0.11	0.1	0.102	0.102	0.101	1.148	1.287	1.273	1.229	1.271	1.217	1.209	1.185	1.182	0.098	0.099	0.103	1.187	1.233	1.229	1.222	1.208	1.23	1.215	1.2	1.205	0.102	0.1	0.103	1.221	1.254	1.188	1.239	1.258	1.213	1.234	1.174	1.296	0.105	0.112	0.101	1.165	1.234	1.216	1.183	1.239	1.264	1.246	1.237	1.215	0.099	0.102	0.101	1.142	1.194	1.26	1.213	1.189	1.266	1.233	1.162	1.198	0.102	0.099	0.103	1.235	1.185	1.258	1.239	1.255	1.249	1.251	1.211	1.211	0.099	0.108	0.1	1.216	1.165	1.232	1.215	1.238	1.242	1.275	1.175	1.173	0.098	0.099	0.1
0.1	0.101	0.1	0.104	0.102	0.102	0.101	0.11	0.1	0.102	0.102	0.101	1.149	1.29	1.275	1.23	1.272	1.217	1.21	1.189	1.185	0.098	0.099	0.103	1.187	1.234	1.23	1.226	1.209	1.231	1.216	1.208	1.208	0.102	0.1	0.103	1.222	1.256	1.188	1.24	1.258	1.213	1.234	1.179	1.297	0.105	0.112	0.101	1.166	1.235	1.216	1.184	1.24	1.265	1.246	1.242	1.217	0.099	0.102	0.101	1.143	1.195	1.261	1.213	1.189	1.267	1.233	1.169	1.2	0.102	0.099	0.103	1.235	1.187	1.258	1.24	1.256	1.25	1.252	1.22	1.214	0.1	0.108	0.1	1.215	1.166	1.233	1.215	1.239	1.243	1.275	1.182	1.176	0.098	0.099	0.1
0.1	0.101	0.1	0.104	0.102	0.102	0.101	0.11	0.1	0.102	0.101	0.101	1.149	1.289	1.276	1.231	1.272	1.218	1.211	1.192	1.188	0.098	0.099	0.103	1.19	1.236	1.232	1.228	1.211	1.232	1.216	1.213	1.209	0.102	0.1	0.102	1.223	1.257	1.19	1.24	1.259	1.214	1.235	1.184	1.3	0.105	0.112	0.101	1.168	1.236	1.217	1.185	1.24	1.264	1.246	1.248	1.221	0.099	0.102	0.101	1.145	1.196	1.263	1.214	1.19	1.267	1.235	1.175	1.203	0.102	0.099	0.103	1.235	1.188	1.26	1.241	1.256	1.251	1.253	1.224	1.218	0.1	0.108	0.1	1.217	1.166	1.234	1.216	1.239	1.244	1.276	1.189	1.18	0.098	0.099	0.1
0.1	0.101	0.1	0.103	0.102	0.102	0.101	0.11	0.1	0.102	0.102	0.101	1.15	1.29	1.276	1.231	1.273	1.219	1.212	1.197	1.191	0.098	0.099	0.103	1.191	1.237	1.234	1.23	1.211	1.233	1.217	1.218	1.211	0.102	0.1	0.102	1.224	1.258	1.191	1.24	1.259	1.216	1.237	1.188	1.302	0.105	0.112	0.101	1.168	1.238	1.218	1.185	1.241	1.265	1.248	1.25	1.225	0.099	0.102	0.101	1.145	1.197	1.263	1.214	1.192	1.268	1.236	1.18	1.206	0.102	0.099	0.103	1.235	1.189	1.261	1.242	1.257	1.252	1.254	1.229	1.22	0.1	0.108	0.1	1.218	1.168	1.235	1.217	1.241	1.245	1.277	1.192	1.182	0.098	0.099	0.1
0.1	0.101	0.099	0.103	0.102	0.102	0.101	0.11	0.1	0.102	0.101	0.101	1.15	1.291	1.278	1.232	1.274	1.219	1.212	1.2	1.193	0.098	0.099	0.103	1.192	1.238	1.236	1.232	1.212	1.234	1.219	1.221	1.212	0.102	0.1	0.102	1.224	1.259	1.192	1.241	1.26	1.216	1.236	1.19	1.303	0.104	0.112	0.101	1.17	1.238	1.218	1.186	1.242	1.266	1.248	1.253	1.225	0.099	0.102	0.101	1.147	1.198	1.264	1.215	1.193	1.269	1.236	1.183	1.208	0.102	0.099	0.103	1.235	1.189	1.262	1.242	1.258	1.252	1.256	1.233	1.22	0.099	0.108	0.1	1.219	1.169	1.236	1.218	1.241	1.245	1.278	1.194	1.183	0.098	0.099	0.1
0.1	0.101	0.1	0.104	0.102	0.102	0.101	0.11	0.1	0.102	0.102	0.101	1.151	1.292	1.279	1.234	1.274	1.22	1.214	1.202	1.195	0.098	0.099	0.103	1.194	1.24	1.236	1.233	1.213	1.234	1.22	1.225	1.214	0.102	0.1	0.102	1.225	1.26	1.194	1.242	1.261	1.218	1.238	1.192	1.304	0.104	0.112	0.101	1.171	1.239	1.218	1.186	1.243	1.267	1.249	1.255	1.227	0.1	0.102	0.101	1.147	1.199	1.265	1.217	1.194	1.269	1.237	1.186	1.209	0.102	0.099	0.102	1.237	1.191	1.262	1.244	1.259	1.254	1.257	1.236	1.222	0.1	0.108	0.1	1.219	1.17	1.237	1.219	1.241	1.246	1.279	1.197	1.185	0.098	0.099	0.1
0.1	0.101	0.1	0.104	0.102	0.102	0.101	0.11	0.1	0.102	0.101	0.101	1.152	1.292	1.28	1.235	1.275	1.221	1.214	1.205	1.197	0.098	0.099	0.103	1.195	1.24	1.237	1.235	1.214	1.235	1.221	1.228	1.215	0.101	0.1	0.102	1.226	1.261	1.194	1.242	1.261	1.218	1.239	1.194	1.306	0.104	0.112	0.101	1.173	1.24	1.219	1.187	1.243	1.267	1.25	1.257	1.226	0.1	0.102	0.101	1.149	1.201	1.266	1.218	1.194	1.27	1.238	1.189	1.21	0.102	0.099	0.102	1.237	1.192	1.262	1.244	1.259	1.254	1.258	1.237	1.222	0.099	0.108	0.101	1.22	1.171	1.238	1.22	1.242	1.247	1.28	1.2	1.187	0.098	0.099	0.1
0.101	0.101	0.1	0.104	0.102	0.102	0.101	0.11	0.1	0.102	0.102	0.101	1.153	1.293	1.281	1.235	1.276	1.222	1.214	1.206	1.198	0.098	0.099	0.103	1.196	1.242	1.239	1.236	1.216	1.236	1.222	1.23	1.218	0.101	0.1	0.102	1.227	1.261	1.196	1.243	1.262	1.22	1.24	1.197	1.306	0.104	0.112	0.101	1.174	1.241	1.22	1.188	1.244	1.268	1.251	1.258	1.228	0.1	0.102	0.101	1.151	1.202	1.268	1.219	1.196	1.271	1.24	1.191	1.211	0.102	0.099	0.102	1.238	1.193	1.265	1.246	1.26	1.257	1.258	1.239	1.224	0.098	0.108	0.1	1.222	1.172	1.239	1.222	1.242	1.248	1.281	1.201	1.187	0.098	0.099	0.1
0.1	0.101	0.099	0.104	0.102	0.102	0.101	0.11	0.1	0.102	0.101	0.101	1.153	1.294	1.282	1.236	1.277	1.222	1.215	1.207	1.198	0.098	0.099	0.103	1.198	1.242	1.24	1.237	1.217	1.236	1.224	1.232	1.218	0.101	0.1	0.102	1.227	1.263	1.197	1.243	1.263	1.219	1.24	1.197	1.308	0.104	0.112	0.101	1.174	1.241	1.22	1.188	1.244	1.268	1.252	1.258	1.229	0.099	0.102	0.101	1.151	1.203	1.268	1.22	1.197	1.272	1.241	1.193	1.211	0.102	0.099	0.102	1.237	1.194	1.266	1.246	1.261	1.256	1.259	1.24	1.225	0.099	0.108	0.1	1.223	1.175	1.24	1.222	1.243	1.249	1.282	1.203	1.189	0.098	0.099	0.1
0.1	0.101	0.1	0.103	0.102	0.102	0.101	0.11	0.1	0.102	0.101	0.101	1.154	1.294	1.282	1.236	1.277	1.223	1.215	1.207	1.2	0.098	0.099	0.103	1.198	1.243	1.241	1.239	1.218	1.238	1.224	1.233	1.22	0.101	0.1	0.102	1.228	1.263	1.198	1.245	1.264	1.221	1.242	1.199	1.309	0.104	0.112	0.101	1.175	1.241	1.22	1.19	1.244	1.269	1.252	1.261	1.23	0.099	0.102	0.101	1.152	1.204	1.269	1.221	1.198	1.273	1.242	1.194	1.213	0.102	0.099	0.103	1.238	1.196	1.266	1.248	1.262	1.257	1.261	1.24	1.226	0.098	0.108	0.1	1.222	1.174	1.242	1.222	1.243	1.249	1.282	1.204	1.19	0.098	0.099	0.1
0.101	0.101	0.1	0.103	0.102	0.102	0.101	0.11	0.1	0.102	0.102	0.101	1.154	1.295	1.284	1.238	1.278	1.224	1.217	1.209	1.202	0.098	0.099	0.103	1.2	1.245	1.243	1.241	1.219	1.238	1.226	1.236	1.221	0.101	0.1	0.102	1.23	1.264	1.2	1.247	1.266	1.222	1.243	1.199	1.309	0.104	0.112	0.101	1.176	1.243	1.221	1.19	1.245	1.269	1.253	1.261	1.23	0.099	0.102	0.101	1.154	1.206	1.27	1.222	1.199	1.274	1.243	1.197	1.214	0.102	0.099	0.103	1.238	1.196	1.267	1.249	1.263	1.258	1.262	1.241	1.226	0.1	0.108	0.1	1.224	1.175	1.242	1.224	1.244	1.249	1.283	1.206	1.191	0.098	0.099	0.1
0.1	0.101	0.099	0.103	0.102	0.102	0.101	0.11	0.1	0.102	0.101	0.101	1.155	1.296	1.284	1.239	1.278	1.224	1.217	1.21	1.202	0.097	0.099	0.103	1.201	1.245	1.244	1.242	1.221	1.239	1.227	1.237	1.223	0.101	0.1	0.102	1.23	1.264	1.2	1.248	1.265	1.223	1.242	1.201	1.31	0.104	0.112	0.101	1.177	1.243	1.221	1.191	1.245	1.269	1.252	1.26	1.23	0.1	0.102	0.101	1.155	1.207	1.27	1.223	1.2	1.273	1.244	1.198	1.215	0.102	0.099	0.103	1.238	1.197	1.268	1.249	1.263	1.258	1.263	1.242	1.227	0.1	0.108	0.1	1.224	1.176	1.243	1.224	1.244	1.251	1.285	1.207	1.193	0.098	0.099	0.1
0.1	0.101	0.099	0.103	0.102	0.102	0.101	0.11	0.1	0.102	0.101	0.101	1.155	1.296	1.285	1.239	1.279	1.226	1.217	1.21	1.201	0.098	0.099	0.103	1.202	1.247	1.246	1.244	1.221	1.24	1.228	1.238	1.224	0.101	0.1	0.101	1.23	1.266	1.202	1.248	1.267	1.223	1.243	1.202	1.311	0.104	0.111	0.1	1.178	1.244	1.222	1.191	1.246	1.27	1.253	1.261	1.23	0.099	0.102	0.101	1.156	1.207	1.271	1.225	1.201	1.274	1.245	1.2	1.216	0.102	0.099	0.103	1.239	1.198	1.268	1.25	1.264	1.259	1.264	1.243	1.228	0.1	0.108	0.1	1.225	1.177	1.244	1.226	1.245	1.251	1.286	1.207	1.194	0.098	0.099	0.099
0.1	0.101	0.099	0.103	0.102	0.102	0.101	0.11	0.1	0.102	0.101	0.101	1.157	1.297	1.286	1.241	1.28	1.225	1.219	1.212	1.204	0.097	0.099	0.103	1.202	1.248	1.247	1.246	1.224	1.24	1.229	1.24	1.225	0.101	0.1	0.102	1.232	1.267	1.204	1.249	1.267	1.224	1.244	1.203	1.312	0.104	0.112	0.101	1.179	1.244	1.223	1.193	1.247	1.27	1.255	1.263	1.232	0.1	0.102	0.101	1.157	1.209	1.273	1.225	1.202	1.274	1.247	1.201	1.217	0.102	0.099	0.102	1.24	1.2	1.27	1.252	1.265	1.26	1.264	1.245	1.23	0.099	0.108	0.1	1.226	1.179	1.244	1.228	1.246	1.252	1.286	1.209	1.194	0.098	0.099	0.1
0.1	0.101	0.1	0.103	0.102	0.102	0.101	0.11	0.1	0.102	0.101	0.101	1.156	1.298	1.287	1.242	1.28	1.226	1.219	1.212	1.204	0.098	0.099	0.103	1.204	1.249	1.247	1.248	1.225	1.242	1.23	1.241	1.225	0.102	0.1	0.101	1.232	1.268	1.203	1.251	1.268	1.226	1.245	1.205	1.313	0.104	0.112	0.101	1.18	1.245	1.223	1.193	1.248	1.27	1.256	1.262	1.233	0.099	0.102	0.101	1.159	1.209	1.273	1.227	1.203	1.276	1.247	1.202	1.218	0.102	0.099	0.103	1.24	1.201	1.271	1.252	1.265	1.261	1.265	1.244	1.231	0.097	0.109	0.1	1.226	1.179	1.246	1.229	1.247	1.253	1.287	1.209	1.196	0.098	0.099	0.1
0.1	0.101	0.1	0.103	0.102	0.102	0.101	0.11	0.1	0.102	0.101	0.101	1.157	1.299	1.287	1.243	1.281	1.226	1.219	1.213	1.206	0.098	0.099	0.103	1.206	1.25	1.249	1.249	1.226	1.242	1.231	1.243	1.226	0.101	0.1	0.102	1.234	1.269	1.205	1.251	1.269	1.226	1.245	1.206	1.313	0.104	0.111	0.101	1.181	1.246	1.224	1.194	1.248	1.271	1.257	1.263	1.234	0.099	0.102	0.101	1.159	1.211	1.274	1.228	1.205	1.276	1.248	1.204	1.22	0.102	0.099	0.103	1.24	1.201	1.271	1.252	1.266	1.262	1.266	1.245	1.231	0.097	0.109	0.1	1.227	1.18	1.246	1.229	1.248	1.254	1.288	1.21	1.196	0.098	0.099	0.1
0.1	0.101	0.1	0.104	0.102	0.102	0.101	0.11	0.1	0.102	0.102	0.101	1.157	1.3	1.288	1.244	1.282	1.227	1.221	1.216	1.206	0.098	0.099	0.103	1.207	1.251	1.25	1.251	1.228	1.244	1.234	1.244	1.228	0.102	0.1	0.102	1.235	1.27	1.206	1.251	1.269	1.228	1.246	1.208	1.315	0.104	0.111	0.101	1.182	1.247	1.225	1.195	1.248	1.272	1.258	1.264	1.234	0.1	0.102	0.102	1.16	1.212	1.276	1.23	1.206	1.277	1.248	1.205	1.221	0.102	0.099	0.103	1.24	1.202	1.272	1.254	1.266	1.264	1.266	1.246	1.232	0.098	0.109	0.1	1.228	1.181	1.248	1.23	1.248	1.255	1.289	1.212	1.198	0.098	0.099	0.1
0.1	0.101	0.1	0.103	0.102	0.102	0.101	0.11	0.1	0.102	0.101	0.101	1.159	1.3	1.289	1.244	1.282	1.228	1.221	1.215	1.207	0.098	0.099	0.103	1.208	1.252	1.251	1.252	1.229	1.244	1.234	1.245	1.228	0.102	0.1	0.102	1.236	1.271	1.207	1.253	1.271	1.227	1.247	1.208	1.315	0.104	0.111	0.101	1.183	1.248	1.224	1.196	1.25	1.273	1.258	1.265	1.236	0.1	0.102	0.101	1.161	1.213	1.276	1.23	1.207	1.278	1.25	1.206	1.221	0.102	0.099	0.103	1.241	1.203	1.274	1.255	1.267	1.264	1.267	1.246	1.233	0.098	0.108	0.1	1.228	1.182	1.248	1.231	1.249	1.256	1.289	1.213	1.199	0.098	0.099	0.1
0.1	0.101	0.1	0.103	0.102	0.102	0.101	0.11	0.1	0.102	0.101	0.101	1.159	1.301	1.29	1.246	1.283	1.229	1.222	1.216	1.207	0.098	0.099	0.103	1.209	1.253	1.252	1.254	1.23	1.244	1.234	1.246	1.229	0.102	0.1	0.102	1.236	1.272	1.207	1.254	1.271	1.228	1.248	1.209	1.315	0.104	0.111	0.101	1.185	1.248	1.225	1.196	1.25	1.273	1.259	1.266	1.236	0.1	0.102	0.101	1.162	1.214	1.277	1.232	1.208	1.279	1.25	1.208	1.222	0.102	0.099	0.103	1.242	1.204	1.274	1.256	1.268	1.265	1.268	1.247	1.234	0.098	0.109	0.1	1.229	1.183	1.249	1.232	1.25	1.257	1.29	1.214	1.199	0.098	0.099	0.1
0.1	0.101	0.099	0.103	0.102	0.102	0.101	0.11	0.1	0.102	0.101	0.101	1.161	1.301	1.29	1.246	1.284	1.23	1.222	1.216	1.207	0.098	0.099	0.102	1.21	1.254	1.253	1.256	1.231	1.245	1.235	1.247	1.231	0.102	0.1	0.101	1.238	1.273	1.208	1.253	1.271	1.23	1.248	1.21	1.315	0.104	0.111	0.101	1.185	1.248	1.225	1.197	1.25	1.274	1.26	1.265	1.236	0.1	0.102	0.101	1.164	1.214	1.278	1.233	1.209	1.279	1.252	1.208	1.222	0.102	0.099	0.103	1.242	1.205	1.275	1.257	1.268	1.266	1.27	1.248	1.234	0.097	0.109	0.1	1.23	1.184	1.25	1.233	1.251	1.257	1.29	1.215	1.2	0.098	0.099	0.099
0.1	0.101	0.1	0.104	0.102	0.102	0.101	0.11	0.1	0.102	0.101	0.101	1.16	1.302	1.292	1.248	1.285	1.23	1.222	1.218	1.209	0.098	0.099	0.103	1.21	1.255	1.255	1.257	1.233	1.246	1.236	1.248	1.232	0.101	0.1	0.102	1.238	1.274	1.209	1.255	1.272	1.23	1.249	1.211	1.317	0.104	0.111	0.101	1.185	1.25	1.226	1.198	1.251	1.274	1.26	1.268	1.237	0.1	0.102	0.101	1.165	1.214	1.278	1.233	1.21	1.28	1.252	1.209	1.223	0.102	0.099	0.103	1.242	1.206	1.276	1.258	1.269	1.267	1.271	1.248	1.235	0.098	0.109	0.1	1.231	1.185	1.25	1.234	1.252	1.258	1.29	1.216	1.202	0.098	0.099	0.1
0.1	0.101	0.1	0.104	0.102	0.102	0.101	0.11	0.1	0.102	0.101	0.101	1.161	1.302	1.292	1.249	1.286	1.231	1.223	1.218	1.21	0.098	0.099	0.102	1.212	1.256	1.256	1.258	1.234	1.247	1.236	1.248	1.233	0.101	0.1	0.102	1.239	1.274	1.21	1.256	1.273	1.231	1.249	1.212	1.317	0.104	0.111	0.101	1.187	1.25	1.226	1.199	1.252	1.274	1.262	1.268	1.236	0.1	0.102	0.101	1.166	1.215	1.279	1.234	1.21	1.281	1.253	1.21	1.224	0.102	0.099	0.103	1.242	1.206	1.277	1.259	1.269	1.267	1.271	1.25	1.236	0.098	0.109	0.1	1.231	1.185	1.251	1.236	1.252	1.259	1.291	1.217	1.202	0.098	0.099	0.1
0.1	0.101	0.099	0.103	0.102	0.102	0.101	0.11	0.1	0.102	0.101	0.101	1.163	1.303	1.293	1.249	1.286	1.232	1.224	1.219	1.211	0.098	0.099	0.102	1.213	1.257	1.256	1.259	1.234	1.247	1.237	1.249	1.233	0.101	0.1	0.102	1.24	1.276	1.211	1.258	1.274	1.232	1.25	1.212	1.317	0.104	0.111	0.101	1.188	1.251	1.226	1.199	1.253	1.275	1.262	1.268	1.238	0.1	0.102	0.101	1.167	1.217	1.28	1.235	1.211	1.281	1.254	1.212	1.225	0.102	0.099	0.103	1.244	1.208	1.277	1.26	1.271	1.268	1.272	1.25	1.237	0.098	0.109	0.1	1.232	1.186	1.252	1.237	1.253	1.26	1.292	1.217	1.204	0.098	0.099	0.1
0.101	0.101	0.1	0.103	0.102	0.102	0.101	0.11	0.1	0.102	0.101	0.101	1.163	1.304	1.294	1.251	1.286	1.232	1.223	1.22	1.211	0.098	0.099	0.102	1.214	1.258	1.258	1.262	1.237	1.248	1.239	1.251	1.234	0.102	0.1	0.102	1.241	1.276	1.212	1.257	1.276	1.234	1.251	1.213	1.319	0.105	0.111	0.101	1.189	1.252	1.228	1.2	1.253	1.275	1.262	1.267	1.238	0.1	0.102	0.101	1.168	1.218	1.281	1.236	1.213	1.282	1.253	1.212	1.226	0.102	0.099	0.103	1.244	1.208	1.278	1.261	1.271	1.268	1.273	1.25	1.237	0.098	0.109	0.101	1.233	1.187	1.253	1.238	1.253	1.26	1.292	1.219	1.204	0.098	0.099	0.1
0.101	0.101	0.1	0.103	0.102	0.102	0.101	0.11	0.1	0.102	0.102	0.101	1.163	1.304	1.295	1.252	1.288	1.233	1.224	1.222	1.214	0.098	0.099	0.102	1.215	1.259	1.259	1.264	1.237	1.248	1.239	1.252	1.236	0.102	0.1	0.102	1.241	1.277	1.213	1.26	1.276	1.234	1.251	1.214	1.319	0.104	0.111	0.101	1.19	1.252	1.227	1.201	1.254	1.276	1.263	1.269	1.239	0.1	0.102	0.101	1.168	1.219	1.282	1.237	1.214	1.283	1.255	1.214	1.227	0.102	0.099	0.103	1.244	1.209	1.279	1.262	1.273	1.27	1.274	1.251	1.238	0.098	0.109	0.1	1.233	1.187	1.253	1.239	1.253	1.261	1.293	1.219	1.206	0.098	0.099	0.1
0.1	0.101	0.1	0.103	0.102	0.102	0.101	0.11	0.1	0.102	0.101	0.101	1.164	1.304	1.296	1.253	1.288	1.234	1.226	1.221	1.214	0.098	0.099	0.103	1.216	1.259	1.26	1.267	1.24	1.25	1.24	1.253	1.236	0.102	0.1	0.102	1.242	1.278	1.212	1.261	1.276	1.236	1.252	1.215	1.32	0.104	0.111	0.101	1.191	1.254	1.228	1.202	1.253	1.276	1.264	1.27	1.239	0.1	0.102	0.101	1.169	1.22	1.282	1.238	1.215	1.284	1.255	1.215	1.228	0.102	0.099	0.103	1.244	1.21	1.28	1.262	1.273	1.27	1.275	1.252	1.239	0.098	0.109	0.1	1.234	1.188	1.254	1.24	1.255	1.263	1.293	1.22	1.207	0.098	0.099	0.1
0.1	0.101	0.099	0.103	0.102	0.102	0.101	0.11	0.1	0.102	0.101	0.101	1.165	1.305	1.297	1.254	1.288	1.235	1.227	1.222	1.214	0.098	0.099	0.102	1.217	1.26	1.262	1.269	1.241	1.251	1.241	1.255	1.238	0.102	0.1	0.102	1.244	1.279	1.214	1.26	1.277	1.237	1.252	1.216	1.321	0.104	0.111	0.101	1.191	1.254	1.229	1.203	1.256	1.276	1.265	1.27	1.24	0.1	0.102	0.101	1.17	1.221	1.282	1.24	1.215	1.284	1.256	1.216	1.228	0.102	0.099	0.103	1.245	1.21	1.28	1.264	1.275	1.272	1.276	1.253	1.24	0.099	0.109	0.1	1.234	1.188	1.255	1.241	1.256	1.262	1.294	1.222	1.207	0.098	0.099	0.1
0.1	0.101	0.1	0.103	0.102	0.102	0.101	0.11	0.1	0.102	0.101	0.101	1.166	1.306	1.298	1.256	1.29	1.236	1.227	1.223	1.215	0.098	0.099	0.103	1.218	1.261	1.263	1.271	1.242	1.252	1.242	1.255	1.238	0.102	0.1	0.102	1.245	1.28	1.215	1.262	1.278	1.238	1.253	1.217	1.322	0.104	0.111	0.101	1.192	1.255	1.229	1.204	1.257	1.277	1.264	1.271	1.241	0.1	0.102	0.101	1.171	1.222	1.284	1.24	1.216	1.285	1.257	1.217	1.229	0.102	0.099	0.103	1.246	1.211	1.281	1.266	1.275	1.273	1.277	1.254	1.24	0.098	0.109	0.101	1.235	1.19	1.255	1.243	1.256	1.264	1.294	1.222	1.208	0.098	0.099	0.1
0.1	0.101	0.099	0.103	0.102	0.102	0.101	0.11	0.1	0.102	0.101	0.101	1.166	1.307	1.298	1.257	1.29	1.237	1.228	1.224	1.216	0.098	0.099	0.103	1.219	1.262	1.264	1.272	1.243	1.253	1.244	1.257	1.239	0.101	0.1	0.102	1.245	1.28	1.216	1.262	1.279	1.239	1.254	1.218	1.323	0.104	0.111	0.101	1.193	1.256	1.229	1.204	1.257	1.278	1.265	1.271	1.242	0.1	0.102	0.101	1.173	1.223	1.284	1.242	1.218	1.286	1.258	1.218	1.231	0.102	0.099	0.103	1.247	1.212	1.282	1.266	1.276	1.273	1.277	1.255	1.241	0.098	0.109	0.101	1.236	1.191	1.256	1.244	1.257	1.264	1.295	1.223	1.21	0.098	0.099	0.1
0.1	0.101	0.099	0.103	0.101	0.102	0.101	0.11	0.1	0.102	0.101	0.101	1.166	1.307	1.299	1.258	1.291	1.238	1.228	1.224	1.216	0.098	0.099	0.103	1.22	1.263	1.265	1.273	1.244	1.254	1.244	1.258	1.241	0.101	0.1	0.102	1.246	1.281	1.217	1.264	1.28	1.241	1.254	1.219	1.324	0.104	0.111	0.101	1.194	1.257	1.23	1.205	1.258	1.278	1.265	1.272	1.243	0.1	0.102	0.101	1.175	1.224	1.285	1.243	1.219	1.287	1.259	1.219	1.232	0.101	0.099	0.102	1.247	1.213	1.283	1.266	1.276	1.274	1.278	1.255	1.241	0.098	0.109	0.101	1.236	1.192	1.258	1.245	1.258	1.265	1.296	1.224	1.212	0.098	0.099	0.1
0.1	0.101	0.099	0.103	0.102	0.102	0.101	0.11	0.1	0.102	0.101	0.101	1.166	1.308	1.299	1.259	1.292	1.238	1.228	1.225	1.218	0.098	0.099	0.103	1.221	1.265	1.266	1.274	1.246	1.254	1.244	1.259	1.241	0.101	0.1	0.102	1.247	1.282	1.218	1.265	1.281	1.241	1.255	1.22	1.325	0.104	0.111	0.101	1.195	1.258	1.23	1.206	1.259	1.279	1.266	1.272	1.244	0.1	0.102	0.101	1.175	1.226	1.286	1.244	1.22	1.287	1.26	1.221	1.233	0.101	0.099	0.102	1.248	1.215	1.284	1.267	1.277	1.275	1.278	1.256	1.243	0.099	0.109	0.101	1.237	1.193	1.258	1.246	1.26	1.266	1.297	1.226	1.213	0.098	0.099	0.1
0.1	0.101	0.1	0.103	0.102	0.102	0.101	0.11	0.1	0.102	0.101	0.101	1.167	1.309	1.3	1.26	1.292	1.239	1.229	1.226	1.219	0.098	0.099	0.103	1.222	1.266	1.267	1.276	1.248	1.255	1.245	1.26	1.243	0.101	0.1	0.102	1.248	1.283	1.219	1.267	1.282	1.243	1.256	1.221	1.326	0.104	0.111	0.101	1.196	1.259	1.231	1.208	1.259	1.28	1.266	1.274	1.244	0.1	0.102	0.101	1.176	1.226	1.287	1.245	1.222	1.287	1.261	1.222	1.234	0.102	0.099	0.103	1.248	1.215	1.284	1.268	1.277	1.277	1.28	1.257	1.243	0.099	0.109	0.101	1.237	1.194	1.259	1.248	1.259	1.267	1.297	1.226	1.213	0.098	0.099	0.1
0.1	0.101	0.099	0.103	0.102	0.102	0.101	0.11	0.1	0.102	0.101	0.101	1.168	1.309	1.302	1.261	1.293	1.24	1.23	1.227	1.22	0.098	0.099	0.103	1.223	1.266	1.269	1.278	1.249	1.256	1.246	1.26	1.245	0.101	0.1	0.102	1.249	1.284	1.22	1.268	1.282	1.244	1.258	1.222	1.327	0.105	0.111	0.101	1.197	1.26	1.232	1.208	1.26	1.28	1.267	1.275	1.244	0.1	0.102	0.101	1.176	1.228	1.288	1.246	1.223	1.288	1.261	1.223	1.236	0.102	0.099	0.103	1.249	1.216	1.285	1.27	1.279	1.277	1.281	1.258	1.244	0.101	0.109	0.101	1.237	1.196	1.26	1.249	1.26	1.268	1.299	1.226	1.214	0.098	0.099	0.1
0.1	0.101	0.099	0.103	0.102	0.102	0.101	0.11	0.1	0.102	0.101	0.101	1.169	1.31	1.302	1.262	1.294	1.24	1.23	1.228	1.222	0.098	0.099	0.103	1.225	1.267	1.27	1.279	1.25	1.257	1.247	1.262	1.245	0.101	0.1	0.102	1.251	1.285	1.221	1.269	1.283	1.245	1.258	1.224	1.328	0.104	0.111	0.101	1.197	1.261	1.233	1.209	1.26	1.281	1.267	1.274	1.245	0.1	0.102	0.101	1.178	1.229	1.289	1.248	1.224	1.289	1.261	1.224	1.236	0.102	0.099	0.103	1.25	1.217	1.287	1.271	1.28	1.278	1.281	1.258	1.245	0.1	0.109	0.101	1.238	1.196	1.261	1.25	1.262	1.269	1.299	1.229	1.216	0.098	0.099	0.1
0.1	0.101	0.099	0.103	0.101	0.102	0.101	0.11	0.1	0.102	0.101	0.101	1.169	1.311	1.303	1.263	1.295	1.241	1.23	1.228	1.222	0.098	0.099	0.103	1.226	1.268	1.271	1.28	1.252	1.258	1.248	1.264	1.248	0.101	0.1	0.102	1.25	1.286	1.222	1.27	1.284	1.246	1.258	1.225	1.328	0.104	0.111	0.101	1.198	1.262	1.233	1.211	1.262	1.281	1.268	1.276	1.245	0.1	0.102	0.101	1.179	1.23	1.289	1.248	1.225	1.29	1.262	1.226	1.237	0.102	0.099	0.102	1.251	1.219	1.288	1.272	1.281	1.278	1.283	1.259	1.247	0.101	0.108	0.101	1.239	1.196	1.262	1.251	1.261	1.27	1.299	1.228	1.216	0.098	0.099	0.1
0.1	0.101	0.1	0.103	0.102	0.102	0.101	0.11	0.1	0.102	0.101	0.101	1.17	1.312	1.304	1.264	1.295	1.242	1.231	1.23	1.222	0.098	0.099	0.103	1.227	1.269	1.272	1.282	1.253	1.259	1.249	1.264	1.248	0.101	0.1	0.102	1.252	1.287	1.223	1.27	1.285	1.248	1.258	1.226	1.329	0.104	0.111	0.101	1.2	1.262	1.234	1.212	1.262	1.283	1.268	1.276	1.247	0.1	0.102	0.101	1.179	1.23	1.29	1.25	1.225	1.291	1.264	1.227	1.239	0.102	0.099	0.102	1.251	1.219	1.289	1.274	1.282	1.28	1.282	1.26	1.247	0.101	0.109	0.101	1.239	1.198	1.262	1.252	1.262	1.272	1.3	1.23	1.218	0.098	0.099	0.1
0.1	0.101	0.099	0.103	0.102	0.102	0.101	0.11	0.1	0.102	0.101	0.101	1.17	1.311	1.304	1.266	1.296	1.243	1.232	1.23	1.223	0.098	0.099	0.103	1.228	1.27	1.273	1.283	1.254	1.26	1.249	1.265	1.249	0.101	0.1	0.102	1.253	1.288	1.224	1.271	1.286	1.249	1.258	1.226	1.33	0.104	0.111	0.101	1.201	1.263	1.234	1.213	1.263	1.282	1.268	1.277	1.247	0.1	0.102	0.101	1.181	1.232	1.292	1.252	1.227	1.292	1.265	1.228	1.24	0.102	0.099	0.102	1.251	1.221	1.29	1.274	1.282	1.28	1.282	1.26	1.248	0.1	0.109	0.101	1.24	1.199	1.263	1.254	1.264	1.271	1.3	1.231	1.219	0.098	0.099	0.1
0.1	0.101	0.099	0.103	0.101	0.102	0.101	0.11	0.1	0.102	0.101	0.101	1.17	1.313	1.305	1.267	1.297	1.244	1.232	1.231	1.224	0.098	0.099	0.103	1.229	1.271	1.274	1.285	1.256	1.261	1.25	1.266	1.25	0.101	0.1	0.101	1.254	1.287	1.225	1.273	1.287	1.249	1.259	1.227	1.33	0.104	0.111	0.101	1.202	1.264	1.234	1.213	1.264	1.284	1.269	1.277	1.248	0.1	0.102	0.101	1.182	1.232	1.292	1.252	1.228	1.292	1.265	1.229	1.24	0.102	0.099	0.102	1.252	1.222	1.29	1.275	1.283	1.282	1.283	1.261	1.248	0.1	0.109	0.101	1.24	1.2	1.265	1.254	1.264	1.273	1.3	1.232	1.22	0.098	0.099	0.1
0.1	0.101	0.1	0.103	0.102	0.102	0.101	0.11	0.1	0.102	0.101	0.101	1.171	1.314	1.306	1.267	1.298	1.244	1.231	1.231	1.224	0.098	0.099	0.103	1.23	1.272	1.275	1.286	1.257	1.262	1.251	1.267	1.251	0.101	0.1	0.102	1.255	1.29	1.226	1.274	1.288	1.25	1.26	1.228	1.332	0.104	0.111	0.101	1.202	1.265	1.235	1.214	1.266	1.285	1.269	1.278	1.249	0.1	0.102	0.101	1.183	1.234	1.293	1.254	1.229	1.293	1.266	1.23	1.242	0.102	0.099	0.103	1.252	1.223	1.291	1.276	1.284	1.283	1.284	1.262	1.249	0.1	0.109	0.101	1.241	1.201	1.266	1.255	1.266	1.274	1.301	1.234	1.221	0.098	0.099	0.1
0.1	0.101	0.099	0.103	0.102	0.102	0.101	0.11	0.1	0.102	0.101	0.101	1.172	1.314	1.306	1.269	1.298	1.246	1.232	1.232	1.226	0.098	0.099	0.103	1.231	1.273	1.276	1.287	1.258	1.262	1.252	1.268	1.253	0.101	0.1	0.102	1.255	1.29	1.227	1.275	1.29	1.252	1.261	1.229	1.332	0.104	0.111	0.101	1.204	1.266	1.235	1.216	1.266	1.284	1.269	1.279	1.248	0.1	0.102	0.101	1.184	1.235	1.293	1.254	1.23	1.294	1.266	1.232	1.243	0.102	0.099	0.104	1.253	1.224	1.293	1.278	1.285	1.284	1.285	1.262	1.251	0.101	0.109	0.101	1.242	1.201	1.267	1.257	1.266	1.275	1.302	1.234	1.222	0.098	0.099	0.1
0.1	0.101	0.099	0.103	0.101	0.102	0.101	0.11	0.1	0.102	0.101	0.101	1.172	1.315	1.307	1.27	1.298	1.246	1.232	1.233	1.226	0.098	0.099	0.103	1.232	1.274	1.277	1.289	1.259	1.263	1.252	1.269	1.253	0.101	0.1	0.101	1.256	1.292	1.228	1.276	1.29	1.253	1.261	1.23	1.333	0.104	0.11	0.101	1.204	1.266	1.236	1.216	1.265	1.285	1.271	1.28	1.25	0.1	0.102	0.101	1.184	1.235	1.295	1.256	1.231	1.295	1.267	1.233	1.245	0.102	0.099	0.104	1.254	1.224	1.293	1.279	1.286	1.284	1.284	1.262	1.252	0.101	0.109	0.1	1.242	1.202	1.268	1.258	1.266	1.275	1.301	1.236	1.224	0.098	0.099	0.1
0.1	0.101	0.099	0.103	0.102	0.102	0.101	0.11	0.1	0.102	0.101	0.101	1.173	1.315	1.308	1.271	1.299	1.247	1.233	1.235	1.226	0.097	0.099	0.103	1.233	1.275	1.279	1.293	1.262	1.264	1.252	1.271	1.254	0.101	0.1	0.102	1.257	1.292	1.228	1.276	1.291	1.253	1.262	1.231	1.333	0.104	0.111	0.101	1.206	1.267	1.237	1.217	1.267	1.286	1.27	1.28	1.25	0.1	0.102	0.101	1.185	1.236	1.296	1.256	1.233	1.296	1.268	1.234	1.247	0.102	0.099	0.104	1.255	1.225	1.294	1.279	1.286	1.285	1.285	1.264	1.252	0.102	0.109	0.1	1.242	1.204	1.268	1.259	1.268	1.276	1.301	1.236	1.225	0.098	0.099	0.1
0.1	0.101	0.099	0.103	0.102	0.102	0.101	0.11	0.1	0.102	0.101	0.101	1.174	1.316	1.31	1.272	1.3	1.248	1.234	1.235	1.228	0.098	0.099	0.104	1.234	1.276	1.28	1.296	1.262	1.265	1.253	1.27	1.255	0.101	0.1	0.102	1.258	1.293	1.23	1.277	1.291	1.253	1.262	1.232	1.335	0.104	0.111	0.101	1.207	1.267	1.238	1.217	1.268	1.287	1.271	1.281	1.252	0.1	0.102	0.101	1.187	1.238	1.297	1.257	1.234	1.297	1.268	1.235	1.248	0.102	0.099	0.104	1.256	1.226	1.294	1.28	1.287	1.286	1.286	1.264	1.253	0.101	0.109	0.101	1.243	1.204	1.269	1.26	1.269	1.277	1.303	1.238	1.225	0.098	0.099	0.1
0.1	0.101	0.099	0.103	0.102	0.102	0.101	0.109	0.1	0.102	0.101	0.101	1.174	1.317	1.31	1.273	1.3	1.248	1.234	1.236	1.227	0.098	0.099	0.104	1.235	1.277	1.281	1.298	1.264	1.266	1.253	1.272	1.256	0.101	0.1	0.101	1.258	1.293	1.23	1.279	1.292	1.256	1.262	1.233	1.335	0.104	0.111	0.101	1.207	1.269	1.238	1.219	1.268	1.287	1.273	1.281	1.253	0.1	0.102	0.101	1.188	1.239	1.298	1.258	1.234	1.298	1.269	1.236	1.248	0.102	0.099	0.104	1.256	1.227	1.296	1.282	1.288	1.287	1.287	1.266	1.255	0.1	0.109	0.101	1.244	1.206	1.269	1.261	1.269	1.278	1.302	1.239	1.226	0.098	0.099	0.1
0.1	0.101	0.1	0.103	0.102	0.102	0.101	0.11	0.1	0.102	0.101	0.101	1.175	1.317	1.311	1.275	1.301	1.25	1.234	1.236	1.229	0.098	0.099	0.104	1.237	1.279	1.282	1.3	1.265	1.268	1.254	1.272	1.258	0.101	0.1	0.102	1.259	1.295	1.232	1.28	1.293	1.257	1.263	1.234	1.335	0.104	0.111	0.101	1.208	1.27	1.239	1.22	1.27	1.288	1.272	1.282	1.253	0.1	0.102	0.101	1.19	1.239	1.299	1.26	1.236	1.298	1.269	1.237	1.249	0.102	0.099	0.104	1.256	1.228	1.296	1.282	1.289	1.288	1.289	1.266	1.255	0.1	0.11	0.101	1.244	1.208	1.271	1.262	1.27	1.28	1.304	1.241	1.228	0.098	0.099	0.1
0.1	0.101	0.099	0.103	0.101	0.102	0.101	0.11	0.1	0.102	0.101	0.101	1.175	1.318	1.312	1.276	1.302	1.25	1.235	1.237	1.229	0.098	0.099	0.103	1.238	1.279	1.283	1.301	1.266	1.268	1.255	1.274	1.257	0.101	0.1	0.101	1.261	1.296	1.232	1.28	1.294	1.257	1.263	1.235	1.337	0.104	0.111	0.101	1.209	1.27	1.239	1.221	1.269	1.288	1.272	1.283	1.253	0.1	0.102	0.101	1.19	1.241	1.299	1.261	1.236	1.299	1.27	1.238	1.249	0.102	0.099	0.104	1.257	1.229	1.297	1.283	1.289	1.288	1.288	1.266	1.256	0.1	0.109	0.101	1.245	1.207	1.271	1.264	1.271	1.28	1.305	1.241	1.228	0.098	0.099	0.1
0.1	0.101	0.099	0.103	0.101	0.102	0.101	0.11	0.1	0.102	0.101	0.101	1.175	1.318	1.312	1.277	1.303	1.251	1.237	1.238	1.231	0.098	0.098	0.104	1.238	1.28	1.284	1.302	1.268	1.269	1.256	1.275	1.26	0.101	0.1	0.101	1.262	1.296	1.233	1.281	1.294	1.259	1.264	1.236	1.337	0.104	0.11	0.101	1.209	1.271	1.24	1.222	1.27	1.29	1.272	1.283	1.253	0.1	0.102	0.101	1.191	1.242	1.3	1.262	1.237	1.3	1.27	1.239	1.251	0.102	0.099	0.103	1.257	1.23	1.298	1.284	1.29	1.289	1.289	1.268	1.256	0.1	0.109	0.101	1.245	1.208	1.272	1.265	1.271	1.281	1.305	1.242	1.228	0.098	0.099	0.1
0.1	0.101	0.099	0.103	0.101	0.102	0.101	0.11	0.1	0.102	0.101	0.101	1.176	1.319	1.313	1.278	1.303	1.252	1.236	1.238	1.232	0.098	0.099	0.104	1.241	1.281	1.285	1.303	1.269	1.269	1.257	1.275	1.26	0.101	0.1	0.102	1.263	1.297	1.235	1.282	1.296	1.259	1.265	1.236	1.338	0.104	0.11	0.101	1.21	1.272	1.24	1.223	1.271	1.29	1.272	1.284	1.254	0.1	0.102	0.101	1.192	1.243	1.301	1.263	1.239	1.301	1.271	1.241	1.252	0.102	0.099	0.103	1.259	1.231	1.299	1.286	1.291	1.29	1.289	1.268	1.257	0.099	0.109	0.101	1.245	1.209	1.273	1.265	1.272	1.282	1.306	1.243	1.231	0.098	0.099	0.1
0.1	0.101	0.099	0.103	0.102	0.102	0.101	0.11	0.1	0.102	0.101	0.101	1.176	1.319	1.314	1.279	1.304	1.252	1.237	1.239	1.232	0.098	0.099	0.103	1.242	1.282	1.286	1.304	1.271	1.271	1.256	1.276	1.262	0.101	0.1	0.101	1.263	1.298	1.236	1.284	1.297	1.261	1.265	1.238	1.338	0.104	0.111	0.101	1.212	1.272	1.243	1.223	1.271	1.291	1.274	1.284	1.255	0.1	0.102	0.101	1.192	1.244	1.302	1.265	1.24	1.302	1.272	1.242	1.253	0.102	0.099	0.102	1.259	1.231	1.299	1.287	1.292	1.291	1.289	1.269	1.258	0.1	0.109	0.101	1.246	1.21	1.274	1.266	1.274	1.283	1.306	1.244	1.232	0.098	0.099	0.1
0.1	0.101	0.099	0.103	0.101	0.102	0.101	0.11	0.1	0.102	0.101	0.101	1.177	1.32	1.315	1.28	1.305	1.253	1.236	1.238	1.232	0.098	0.099	0.103	1.242	1.283	1.287	1.306	1.272	1.272	1.257	1.277	1.262	0.101	0.1	0.101	1.264	1.299	1.237	1.284	1.297	1.262	1.265	1.238	1.339	0.104	0.111	0.101	1.212	1.274	1.243	1.225	1.272	1.291	1.273	1.285	1.256	0.1	0.102	0.101	1.194	1.244	1.303	1.266	1.241	1.302	1.272	1.243	1.254	0.102	0.099	0.103	1.26	1.233	1.301	1.288	1.292	1.292	1.29	1.27	1.259	0.1	0.109	0.101	1.247	1.211	1.275	1.267	1.273	1.283	1.306	1.245	1.232	0.098	0.099	0.1
0.101	0.101	0.099	0.103	0.102	0.102	0.101	0.11	0.1	0.102	0.101	0.102	1.178	1.322	1.316	1.281	1.305	1.254	1.236	1.24	1.233	0.098	0.099	0.103	1.244	1.284	1.289	1.306	1.273	1.273	1.259	1.278	1.263	0.102	0.1	0.102	1.264	1.3	1.238	1.286	1.298	1.263	1.265	1.239	1.34	0.104	0.111	0.101	1.213	1.274	1.243	1.225	1.273	1.292	1.274	1.286	1.257	0.1	0.102	0.101	1.194	1.246	1.304	1.266	1.242	1.304	1.273	1.244	1.255	0.102	0.099	0.104	1.26	1.235	1.301	1.289	1.293	1.293	1.29	1.27	1.26	0.099	0.109	0.101	1.248	1.212	1.276	1.269	1.274	1.285	1.307	1.247	1.234	0.098	0.099	0.1
0.1	0.101	0.099	0.103	0.101	0.102	0.101	0.11	0.1	0.102	0.101	0.101	1.179	1.321	1.316	1.282	1.306	1.256	1.236	1.241	1.233	0.098	0.099	0.103	1.245	1.285	1.29	1.308	1.274	1.273	1.259	1.278	1.264	0.101	0.1	0.102	1.266	1.301	1.239	1.286	1.3	1.263	1.266	1.24	1.34	0.104	0.111	0.101	1.214	1.275	1.243	1.226	1.275	1.293	1.274	1.287	1.257	0.1	0.102	0.101	1.195	1.246	1.304	1.267	1.243	1.304	1.273	1.245	1.255	0.102	0.099	0.104	1.261	1.236	1.302	1.289	1.294	1.293	1.29	1.271	1.26	0.1	0.109	0.101	1.248	1.213	1.277	1.27	1.275	1.285	1.307	1.246	1.234	0.098	0.099	0.1
0.101	0.101	0.099	0.103	0.102	0.102	0.101	0.11	0.1	0.102	0.101	0.101	1.18	1.322	1.317	1.284	1.307	1.256	1.237	1.241	1.235	0.098	0.099	0.103	1.246	1.287	1.291	1.309	1.276	1.274	1.26	1.279	1.264	0.102	0.1	0.101	1.267	1.301	1.24	1.287	1.3	1.264	1.266	1.24	1.342	0.104	0.11	0.101	1.214	1.277	1.244	1.227	1.276	1.294	1.275	1.288	1.258	0.1	0.102	0.101	1.196	1.248	1.305	1.269	1.244	1.305	1.274	1.246	1.257	0.102	0.099	0.104	1.262	1.237	1.303	1.29	1.295	1.294	1.292	1.271	1.261	0.098	0.109	0.101	1.248	1.214	1.278	1.271	1.276	1.286	1.308	1.247	1.235	0.098	0.099	0.1
0.101	0.101	0.099	0.103	0.102	0.102	0.101	0.11	0.1	0.102	0.101	0.102	1.181	1.324	1.318	1.285	1.308	1.257	1.238	1.241	1.236	0.098	0.099	0.103	1.246	1.288	1.291	1.31	1.277	1.276	1.261	1.28	1.266	0.102	0.1	0.102	1.268	1.302	1.241	1.288	1.3	1.266	1.267	1.241	1.342	0.104	0.111	0.101	1.215	1.278	1.244	1.228	1.275	1.294	1.274	1.287	1.259	0.1	0.102	0.101	1.198	1.249	1.306	1.27	1.245	1.306	1.275	1.248	1.257	0.102	0.099	0.104	1.263	1.237	1.304	1.291	1.296	1.296	1.292	1.272	1.261	0.098	0.109	0.101	1.249	1.214	1.279	1.272	1.276	1.287	1.308	1.249	1.236	0.098	0.099	0.1
0.101	0.101	0.099	0.103	0.102	0.102	0.101	0.11	0.1	0.102	0.101	0.102	1.181	1.324	1.319	1.287	1.308	1.258	1.239	1.242	1.236	0.098	0.099	0.103	1.247	1.289	1.292	1.311	1.278	1.276	1.261	1.28	1.266	0.101	0.1	0.102	1.269	1.304	1.242	1.289	1.302	1.267	1.267	1.242	1.343	0.104	0.111	0.101	1.217	1.279	1.244	1.228	1.277	1.294	1.274	1.288	1.26	0.1	0.102	0.101	1.199	1.25	1.307	1.27	1.247	1.306	1.275	1.248	1.258	0.102	0.099	0.104	1.264	1.238	1.305	1.292	1.297	1.296	1.292	1.272	1.262	0.099	0.109	0.101	1.248	1.215	1.28	1.273	1.278	1.288	1.309	1.249	1.236	0.098	0.099	0.1
0.101	0.101	0.099	0.103	0.101	0.102	0.101	0.11	0.1	0.102	0.101	0.102	1.182	1.324	1.319	1.287	1.309	1.258	1.238	1.242	1.237	0.098	0.099	0.103	1.248	1.289	1.294	1.312	1.279	1.276	1.261	1.281	1.268	0.101	0.1	0.102	1.269	1.304	1.242	1.29	1.302	1.268	1.268	1.242	1.343	0.104	0.111	0.101	1.217	1.279	1.246	1.229	1.277	1.295	1.276	1.289	1.259	0.1	0.102	0.101	1.2	1.252	1.308	1.271	1.248	1.308	1.275	1.249	1.26	0.102	0.099	0.103	1.264	1.239	1.306	1.293	1.298	1.298	1.293	1.274	1.264	0.098	0.109	0.101	1.249	1.215	1.281	1.274	1.278	1.289	1.309	1.25	1.237	0.098	0.099	0.1
0.101	0.101	0.099	0.103	0.102	0.102	0.101	0.11	0.1	0.102	0.101	0.102	1.182	1.325	1.321	1.289	1.31	1.259	1.239	1.243	1.238	0.098	0.099	0.103	1.249	1.291	1.295	1.313	1.28	1.277	1.262	1.281	1.268	0.101	0.1	0.102	1.27	1.306	1.244	1.291	1.303	1.269	1.268	1.243	1.343	0.104	0.111	0.101	1.218	1.28	1.247	1.23	1.278	1.296	1.276	1.289	1.261	0.1	0.102	0.101	1.201	1.252	1.308	1.272	1.248	1.308	1.276	1.25	1.26	0.102	0.099	0.103	1.265	1.239	1.306	1.294	1.298	1.298	1.293	1.273	1.263	0.099	0.109	0.101	1.249	1.216	1.282	1.274	1.279	1.29	1.308	1.251	1.237	0.098	0.099	0.1
0.101	0.101	0.099	0.103	0.101	0.102	0.101	0.11	0.1	0.102	0.101	0.101	1.183	1.326	1.321	1.289	1.311	1.26	1.239	1.244	1.239	0.097	0.099	0.103	1.25	1.291	1.296	1.313	1.281	1.278	1.263	1.282	1.269	0.101	0.1	0.102	1.271	1.306	1.244	1.292	1.304	1.27	1.268	1.244	1.344	0.104	0.111	0.101	1.219	1.281	1.248	1.23	1.279	1.296	1.275	1.289	1.261	0.1	0.102	0.101	1.202	1.253	1.31	1.274	1.249	1.309	1.276	1.25	1.261	0.102	0.099	0.103	1.266	1.241	1.307	1.294	1.299	1.3	1.293	1.275	1.264	0.098	0.109	0.101	1.25	1.217	1.282	1.275	1.28	1.29	1.309	1.252	1.238	0.098	0.099	0.1
0.101	0.101	0.099	0.103	0.101	0.102	0.101	0.11	0.1	0.102	0.101	0.101	1.184	1.326	1.322	1.29	1.311	1.26	1.239	1.245	1.238	0.098	0.099	0.103	1.251	1.292	1.298	1.315	1.282	1.279	1.263	1.283	1.27	0.102	0.1	0.102	1.273	1.307	1.246	1.293	1.304	1.27	1.269	1.245	1.345	0.104	0.111	0.101	1.22	1.281	1.248	1.231	1.28	1.297	1.277	1.291	1.262	0.1	0.102	0.101	1.203	1.254	1.311	1.275	1.25	1.31	1.277	1.251	1.261	0.102	0.099	0.104	1.266	1.242	1.308	1.296	1.3	1.3	1.294	1.276	1.264	0.097	0.109	0.101	1.25	1.217	1.283	1.276	1.281	1.291	1.31	1.252	1.24	0.098	0.099	0.1
0.101	0.101	0.099	0.103	0.101	0.102	0.101	0.11	0.1	0.102	0.101	0.101	1.185	1.327	1.323	1.291	1.312	1.262	1.24	1.246	1.239	0.098	0.099	0.103	1.252	1.293	1.298	1.316	1.282	1.28	1.264	1.284	1.27	0.101	0.1	0.102	1.274	1.307	1.246	1.293	1.305	1.272	1.269	1.246	1.346	0.104	0.111	0.101	1.221	1.283	1.248	1.232	1.28	1.297	1.276	1.291	1.262	0.1	0.102	0.101	1.204	1.254	1.312	1.276	1.251	1.31	1.277	1.252	1.262	0.102	0.099	0.104	1.267	1.244	1.309	1.296	1.3	1.3	1.294	1.275	1.265	0.098	0.109	0.101	1.251	1.219	1.284	1.277	1.281	1.292	1.31	1.253	1.24	0.098	0.099	0.1
0.101	0.101	0.099	0.103	0.101	0.102	0.101	0.11	0.1	0.102	0.101	0.101	1.185	1.328	1.323	1.292	1.312	1.262	1.24	1.245	1.24	0.098	0.099	0.103	1.254	1.294	1.3	1.317	1.283	1.28	1.265	1.284	1.27	0.101	0.1	0.102	1.274	1.308	1.248	1.295	1.307	1.273	1.27	1.247	1.347	0.104	0.111	0.101	1.222	1.284	1.249	1.233	1.282	1.298	1.277	1.292	1.263	0.1	0.102	0.101	1.204	1.256	1.312	1.276	1.252	1.311	1.278	1.254	1.262	0.101	0.099	0.105	1.267	1.244	1.31	1.297	1.301	1.301	1.295	1.277	1.265	0.098	0.109	0.101	1.252	1.22	1.286	1.278	1.282	1.292	1.311	1.255	1.24	0.098	0.099	0.1
0.101	0.101	0.099	0.103	0.101	0.102	0.101	0.11	0.1	0.102	0.101	0.101	1.185	1.328	1.325	1.293	1.313	1.263	1.241	1.247	1.24	0.098	0.099	0.103	1.254	1.295	1.301	1.319	1.284	1.282	1.265	1.286	1.272	0.101	0.1	0.101	1.276	1.309	1.248	1.295	1.307	1.274	1.27	1.248	1.347	0.104	0.11	0.101	1.223	1.284	1.25	1.234	1.282	1.298	1.277	1.292	1.264	0.1	0.102	0.101	1.205	1.257	1.314	1.277	1.252	1.311	1.279	1.254	1.264	0.102	0.099	0.104	1.268	1.245	1.311	1.298	1.302	1.302	1.296	1.277	1.267	0.098	0.109	0.101	1.252	1.221	1.286	1.279	1.282	1.292	1.311	1.256	1.241	0.098	0.099	0.1
0.101	0.101	0.099	0.103	0.102	0.102	0.101	0.11	0.1	0.102	0.101	0.101	1.185	1.329	1.325	1.294	1.313	1.263	1.242	1.247	1.241	0.098	0.099	0.103	1.254	1.296	1.302	1.319	1.285	1.283	1.266	1.286	1.273	0.101	0.1	0.102	1.275	1.31	1.249	1.297	1.307	1.275	1.27	1.248	1.347	0.104	0.111	0.101	1.224	1.285	1.251	1.235	1.283	1.3	1.278	1.293	1.264	0.1	0.102	0.101	1.206	1.258	1.314	1.279	1.254	1.312	1.28	1.256	1.264	0.102	0.099	0.103	1.269	1.245	1.311	1.299	1.302	1.303	1.296	1.277	1.268	0.099	0.109	0.101	1.252	1.222	1.287	1.28	1.283	1.294	1.312	1.256	1.243	0.098	0.099	0.099
0.101	0.101	0.099	0.103	0.101	0.102	0.101	0.11	0.1	0.102	0.101	0.101	1.186	1.33	1.326	1.296	1.315	1.265	1.242	1.248	1.242	0.098	0.099	0.103	1.255	1.297	1.303	1.321	1.286	1.283	1.266	1.287	1.274	0.102	0.1	0.102	1.277	1.311	1.25	1.298	1.308	1.276	1.271	1.248	1.348	0.104	0.111	0.101	1.225	1.286	1.252	1.235	1.283	1.3	1.278	1.293	1.264	0.1	0.102	0.101	1.207	1.26	1.315	1.28	1.254	1.313	1.28	1.257	1.265	0.102	0.099	0.103	1.269	1.247	1.313	1.3	1.304	1.303	1.298	1.278	1.268	0.099	0.109	0.101	1.253	1.222	1.289	1.28	1.284	1.295	1.312	1.257	1.242	0.098	0.099	0.1
0.101	0.101	0.099	0.103	0.101	0.102	0.101	0.11	0.1	0.102	0.101	0.101	1.186	1.331	1.326	1.296	1.315	1.265	1.242	1.248	1.243	0.098	0.099	0.103	1.256	1.297	1.304	1.322	1.287	1.284	1.267	1.288	1.276	0.101	0.1	0.102	1.278	1.311	1.251	1.298	1.309	1.277	1.271	1.25	1.348	0.104	0.111	0.101	1.225	1.287	1.252	1.236	1.284	1.3	1.278	1.294	1.265	0.1	0.102	0.101	1.208	1.26	1.316	1.28	1.256	1.313	1.28	1.257	1.265	0.102	0.099	0.104	1.27	1.248	1.314	1.301	1.304	1.305	1.296	1.279	1.268	0.099	0.108	0.101	1.253	1.223	1.289	1.281	1.284	1.296	1.312	1.258	1.242	0.098	0.099	0.099
0.101	0.101	0.099	0.103	0.101	0.102	0.101	0.11	0.1	0.102	0.101	0.101	1.187	1.331	1.327	1.297	1.315	1.266	1.244	1.249	1.243	0.098	0.099	0.103	1.257	1.298	1.305	1.323	1.288	1.284	1.268	1.289	1.274	0.101	0.1	0.102	1.278	1.313	1.252	1.3	1.31	1.278	1.272	1.25	1.349	0.104	0.111	0.101	1.226	1.288	1.252	1.237	1.285	1.302	1.277	1.294	1.266	0.1	0.102	0.101	1.209	1.261	1.317	1.282	1.257	1.314	1.281	1.258	1.266	0.102	0.099	0.103	1.271	1.248	1.315	1.301	1.305	1.305	1.297	1.28	1.268	0.1	0.109	0.101	1.253	1.224	1.29	1.282	1.285	1.296	1.312	1.258	1.243	0.098	0.099	0.099
0.1	0.101	0.099	0.103	0.102	0.102	0.101	0.11	0.1	0.102	0.101	0.101	1.188	1.331	1.329	1.298	1.316	1.266	1.243	1.249	1.245	0.098	0.099	0.103	1.258	1.299	1.306	1.324	1.289	1.286	1.268	1.288	1.276	0.102	0.1	0.102	1.28	1.313	1.253	1.3	1.311	1.279	1.273	1.251	1.35	0.104	0.111	0.101	1.227	1.29	1.254	1.238	1.284	1.301	1.278	1.295	1.266	0.1	0.102	0.101	1.211	1.262	1.318	1.283	1.258	1.316	1.281	1.258	1.268	0.102	0.099	0.103	1.272	1.249	1.315	1.302	1.305	1.306	1.298	1.28	1.27	0.099	0.109	0.101	1.253	1.225	1.291	1.283	1.285	1.297	1.313	1.258	1.243	0.098	0.099	0.1
0.101	0.101	0.099	0.103	0.101	0.102	0.101	0.11	0.1	0.102	0.101	0.102	1.189	1.334	1.329	1.299	1.317	1.267	1.244	1.25	1.245	0.098	0.099	0.103	1.26	1.3	1.307	1.325	1.29	1.286	1.268	1.29	1.276	0.101	0.1	0.102	1.28	1.314	1.254	1.301	1.311	1.28	1.272	1.252	1.35	0.104	0.111	0.101	1.228	1.289	1.254	1.239	1.285	1.302	1.278	1.296	1.267	0.1	0.102	0.101	1.212	1.263	1.319	1.283	1.258	1.316	1.282	1.26	1.268	0.102	0.099	0.103	1.272	1.25	1.317	1.304	1.306	1.306	1.298	1.282	1.27	0.1	0.108	0.101	1.254	1.226	1.292	1.284	1.286	1.298	1.314	1.258	1.244	0.098	0.099	0.1
0.101	0.101	0.099	0.103	0.102	0.102	0.101	0.11	0.1	0.102	0.101	0.102	1.189	1.333	1.331	1.3	1.317	1.268	1.245	1.251	1.245	0.098	0.099	0.103	1.26	1.301	1.309	1.326	1.292	1.287	1.27	1.291	1.278	0.101	0.1	0.102	1.281	1.315	1.255	1.302	1.312	1.281	1.273	1.253	1.35	0.104	0.111	0.101	1.229	1.29	1.255	1.24	1.286	1.303	1.279	1.296	1.266	0.1	0.102	0.101	1.213	1.264	1.32	1.285	1.26	1.317	1.283	1.261	1.268	0.102	0.099	0.104	1.273	1.251	1.317	1.304	1.307	1.307	1.298	1.281	1.271	0.1	0.109	0.102	1.254	1.227	1.293	1.284	1.286	1.298	1.315	1.261	1.246	0.098	0.099	0.1
0.101	0.101	0.099	0.103	0.101	0.102	0.101	0.11	0.1	0.102	0.101	0.102	1.19	1.334	1.331	1.3	1.318	1.269	1.245	1.251	1.246	0.098	0.099	0.103	1.261	1.302	1.309	1.327	1.293	1.288	1.27	1.291	1.278	0.101	0.1	0.102	1.282	1.315	1.256	1.303	1.313	1.281	1.273	1.254	1.351	0.104	0.111	0.101	1.229	1.291	1.256	1.241	1.288	1.304	1.28	1.296	1.268	0.1	0.102	0.101	1.213	1.264	1.321	1.285	1.26	1.318	1.283	1.262	1.269	0.102	0.099	0.104	1.274	1.252	1.318	1.305	1.307	1.308	1.299	1.282	1.271	0.101	0.109	0.101	1.255	1.227	1.294	1.286	1.288	1.299	1.314	1.26	1.246	0.098	0.099	0.099
0.1	0.101	0.099	0.103	0.101	0.102	0.101	0.11	0.1	0.102	0.101	0.102	1.19	1.334	1.332	1.301	1.319	1.269	1.245	1.252	1.246	0.098	0.099	0.103	1.262	1.302	1.31	1.328	1.294	1.288	1.27	1.292	1.279	0.101	0.1	0.102	1.283	1.316	1.256	1.304	1.314	1.282	1.272	1.255	1.351	0.104	0.111	0.101	1.23	1.292	1.256	1.241	1.288	1.304	1.28	1.296	1.267	0.1	0.102	0.101	1.214	1.265	1.321	1.285	1.261	1.318	1.284	1.262	1.27	0.102	0.099	0.104	1.274	1.252	1.319	1.306	1.308	1.309	1.298	1.283	1.271	0.101	0.109	0.101	1.256	1.228	1.295	1.286	1.288	1.3	1.315	1.261	1.246	0.098	0.099	0.1
0.1	0.101	0.099	0.103	0.101	0.102	0.101	0.11	0.1	0.102	0.101	0.102	1.191	1.335	1.333	1.302	1.32	1.27	1.245	1.252	1.247	0.098	0.099	0.103	1.263	1.303	1.311	1.328	1.295	1.289	1.27	1.292	1.28	0.101	0.1	0.102	1.284	1.316	1.256	1.304	1.314	1.282	1.273	1.255	1.351	0.104	0.111	0.101	1.232	1.293	1.256	1.242	1.288	1.304	1.28	1.297	1.267	0.1	0.102	0.101	1.216	1.267	1.322	1.287	1.262	1.319	1.284	1.264	1.27	0.102	0.099	0.104	1.275	1.254	1.319	1.306	1.309	1.309	1.299	1.283	1.272	0.101	0.109	0.101	1.256	1.228	1.295	1.287	1.288	1.301	1.314	1.262	1.246	0.098	0.099	0.1
0.1	0.101	0.099	0.103	0.101	0.102	0.101	0.11	0.1	0.102	0.101	0.102	1.192	1.336	1.333	1.302	1.32	1.271	1.245	1.253	1.247	0.098	0.099	0.103	1.263	1.304	1.312	1.329	1.295	1.29	1.27	1.293	1.28	0.101	0.1	0.102	1.284	1.317	1.258	1.304	1.315	1.284	1.274	1.256	1.352	0.104	0.111	0.101	1.231	1.294	1.258	1.242	1.289	1.304	1.282	1.298	1.268	0.1	0.102	0.101	1.215	1.268	1.323	1.287	1.263	1.319	1.284	1.264	1.27	0.102	0.099	0.103	1.276	1.254	1.32	1.307	1.309	1.31	1.299	1.283	1.272	0.102	0.109	0.101	1.256	1.228	1.296	1.287	1.289	1.301	1.315	1.262	1.246	0.098	0.099	0.099
0.1	0.101	0.099	0.103	0.101	0.102	0.101	0.11	0.1	0.102	0.101	0.101	1.192	1.335	1.334	1.303	1.321	1.272	1.246	1.253	1.248	0.098	0.099	0.103	1.265	1.305	1.313	1.331	1.296	1.29	1.271	1.294	1.282	0.101	0.1	0.101	1.285	1.319	1.258	1.305	1.315	1.284	1.274	1.256	1.353	0.104	0.111	0.101	1.233	1.296	1.258	1.243	1.29	1.305	1.281	1.298	1.269	0.1	0.102	0.101	1.216	1.268	1.323	1.288	1.264	1.319	1.285	1.264	1.273	0.102	0.099	0.103	1.276	1.255	1.321	1.308	1.31	1.311	1.301	1.284	1.273	0.1	0.109	0.101	1.256	1.229	1.297	1.288	1.289	1.302	1.315	1.262	1.247	0.098	0.099	0.1
0.1	0.101	0.099	0.103	0.101	0.102	0.101	0.11	0.1	0.102	0.101	0.101	1.193	1.337	1.335	1.304	1.321	1.273	1.246	1.254	1.249	0.098	0.099	0.103	1.266	1.306	1.314	1.332	1.297	1.291	1.272	1.295	1.282	0.101	0.1	0.102	1.286	1.319	1.26	1.306	1.317	1.285	1.274	1.257	1.354	0.104	0.11	0.101	1.234	1.295	1.258	1.243	1.289	1.306	1.281	1.298	1.269	0.1	0.102	0.101	1.217	1.269	1.324	1.289	1.264	1.32	1.285	1.265	1.273	0.102	0.099	0.104	1.276	1.256	1.321	1.308	1.31	1.313	1.3	1.285	1.274	0.099	0.109	0.101	1.256	1.231	1.298	1.288	1.291	1.302	1.315	1.263	1.249	0.098	0.099	0.1
0.1	0.101	0.099	0.103	0.101	0.102	0.101	0.11	0.1	0.102	0.101	0.101	1.193	1.336	1.335	1.305	1.322	1.274	1.247	1.254	1.25	0.098	0.099	0.103	1.267	1.307	1.315	1.333	1.298	1.291	1.273	1.296	1.283	0.102	0.1	0.102	1.287	1.32	1.26	1.307	1.318	1.285	1.275	1.258	1.355	0.104	0.111	0.101	1.234	1.295	1.26	1.244	1.29	1.306	1.282	1.298	1.269	0.1	0.102	0.101	1.218	1.27	1.325	1.29	1.265	1.321	1.286	1.266	1.274	0.102	0.099	0.103	1.278	1.258	1.323	1.31	1.311	1.312	1.301	1.285	1.274	0.1	0.109	0.102	1.258	1.231	1.3	1.289	1.291	1.303	1.317	1.264	1.249	0.098	0.099	0.1
0.1	0.101	0.099	0.103	0.101	0.102	0.101	0.11	0.1	0.102	0.101	0.101	1.194	1.337	1.336	1.305	1.323	1.274	1.248	1.255	1.25	0.098	0.099	0.103	1.266	1.308	1.316	1.334	1.299	1.291	1.274	1.297	1.284	0.101	0.1	0.102	1.288	1.321	1.262	1.308	1.318	1.285	1.275	1.258	1.355	0.104	0.111	0.101	1.236	1.296	1.26	1.245	1.29	1.306	1.282	1.298	1.27	0.1	0.102	0.101	1.219	1.271	1.326	1.29	1.266	1.322	1.287	1.267	1.274	0.102	0.099	0.105	1.278	1.257	1.323	1.31	1.311	1.313	1.3	1.285	1.275	0.1	0.109	0.101	1.258	1.232	1.3	1.29	1.292	1.304	1.317	1.265	1.249	0.098	0.099	0.1
0.1	0.101	0.099	0.103	0.101	0.102	0.101	0.11	0.1	0.102	0.101	0.101	1.195	1.338	1.336	1.305	1.323	1.275	1.249	1.255	1.251	0.098	0.099	0.103	1.267	1.309	1.318	1.335	1.3	1.293	1.275	1.298	1.284	0.101	0.1	0.102	1.288	1.321	1.262	1.308	1.318	1.288	1.275	1.259	1.355	0.104	0.111	0.101	1.236	1.298	1.26	1.245	1.292	1.307	1.282	1.3	1.27	0.1	0.102	0.101	1.22	1.272	1.326	1.291	1.267	1.322	1.287	1.267	1.276	0.102	0.099	0.104	1.279	1.259	1.324	1.311	1.312	1.313	1.302	1.287	1.274	0.1	0.109	0.101	1.258	1.233	1.301	1.291	1.292	1.305	1.317	1.265	1.249	0.098	0.099	0.1
0.1	0.101	0.099	0.103	0.101	0.102	0.101	0.11	0.1	0.102	0.101	0.102	1.196	1.338	1.337	1.306	1.323	1.276	1.248	1.256	1.251	0.098	0.099	0.103	1.268	1.309	1.318	1.336	1.301	1.294	1.274	1.298	1.284	0.101	0.1	0.102	1.289	1.322	1.263	1.309	1.319	1.288	1.274	1.26	1.356	0.104	0.111	0.101	1.236	1.297	1.261	1.247	1.292	1.307	1.282	1.299	1.27	0.1	0.102	0.101	1.22	1.273	1.327	1.292	1.267	1.323	1.287	1.267	1.275	0.102	0.099	0.104	1.28	1.259	1.324	1.312	1.313	1.314	1.301	1.286	1.275	0.1	0.109	0.102	1.259	1.234	1.302	1.291	1.294	1.305	1.317	1.266	1.249	0.098	0.099	0.1
0.1	0.101	0.099	0.103	0.101	0.102	0.101	0.11	0.1	0.102	0.101	0.102	1.196	1.338	1.338	1.307	1.324	1.277	1.248	1.257	1.252	0.098	0.099	0.103	1.269	1.31	1.319	1.336	1.301	1.294	1.276	1.299	1.285	0.101	0.1	0.102	1.291	1.323	1.263	1.31	1.32	1.288	1.276	1.261	1.357	0.104	0.111	0.101	1.237	1.299	1.262	1.247	1.293	1.307	1.283	1.3	1.271	0.1	0.102	0.101	1.222	1.274	1.327	1.292	1.268	1.323	1.287	1.268	1.276	0.102	0.099	0.104	1.281	1.26	1.326	1.313	1.313	1.316	1.302	1.288	1.275	0.101	0.109	0.102	1.259	1.233	1.302	1.292	1.294	1.306	1.317	1.267	1.251	0.098	0.099	0.1
0.1	0.101	0.099	0.103	0.102	0.102	0.101	0.11	0.1	0.102	0.101	0.102	1.197	1.339	1.339	1.309	1.325	1.277	1.249	1.257	1.253	0.098	0.099	0.103	1.27	1.312	1.321	1.338	1.303	1.295	1.276	1.3	1.285	0.101	0.1	0.102	1.291	1.323	1.264	1.31	1.32	1.289	1.276	1.261	1.357	0.104	0.111	0.101	1.238	1.3	1.263	1.248	1.293	1.309	1.283	1.301	1.272	0.1	0.102	0.101	1.223	1.274	1.328	1.293	1.269	1.324	1.288	1.269	1.277	0.102	0.099	0.104	1.282	1.261	1.327	1.313	1.314	1.315	1.302	1.287	1.276	0.101	0.109	0.102	1.258	1.234	1.303	1.293	1.294	1.307	1.318	1.267	1.251	0.098	0.099	0.1
0.1	0.101	0.099	0.103	0.101	0.102	0.101	0.11	0.1	0.102	0.101	0.102	1.198	1.341	1.339	1.309	1.325	1.278	1.25	1.257	1.253	0.098	0.099	0.103	1.27	1.312	1.321	1.338	1.303	1.296	1.276	1.3	1.289	0.101	0.1	0.102	1.292	1.324	1.265	1.31	1.321	1.29	1.278	1.262	1.357	0.104	0.111	0.101	1.239	1.301	1.264	1.249	1.294	1.308	1.282	1.301	1.273	0.1	0.102	0.101	1.223	1.275	1.329	1.294	1.27	1.324	1.288	1.269	1.278	0.102	0.099	0.104	1.282	1.262	1.327	1.314	1.314	1.316	1.303	1.288	1.276	0.1	0.109	0.102	1.259	1.235	1.304	1.294	1.294	1.307	1.318	1.267	1.252	0.098	0.099	0.1
0.1	0.101	0.099	0.103	0.101	0.102	0.101	0.11	0.099	0.102	0.101	0.102	1.198	1.34	1.34	1.31	1.325	1.279	1.251	1.258	1.254	0.098	0.098	0.103	1.272	1.313	1.323	1.34	1.303	1.296	1.277	1.301	1.289	0.101	0.099	0.101	1.292	1.325	1.265	1.312	1.321	1.291	1.277	1.263	1.357	0.104	0.111	0.101	1.24	1.301	1.264	1.249	1.293	1.31	1.283	1.302	1.272	0.1	0.102	0.101	1.224	1.276	1.33	1.295	1.27	1.325	1.289	1.271	1.279	0.101	0.099	0.104	1.283	1.263	1.327	1.314	1.316	1.316	1.303	1.288	1.277	0.1	0.109	0.102	1.26	1.235	1.305	1.295	1.295	1.308	1.318	1.268	1.252	0.098	0.099	0.1
0.1	0.101	0.099	0.103	0.101	0.102	0.101	0.11	0.1	0.102	0.101	0.102	1.2	1.341	1.341	1.31	1.326	1.279	1.25	1.259	1.255	0.098	0.099	0.103	1.272	1.313	1.324	1.34	1.305	1.297	1.278	1.302	1.289	0.101	0.1	0.102	1.293	1.326	1.267	1.313	1.322	1.291	1.278	1.263	1.358	0.104	0.111	0.101	1.241	1.303	1.265	1.25	1.295	1.31	1.284	1.302	1.273	0.1	0.102	0.101	1.225	1.276	1.331	1.296	1.271	1.326	1.29	1.271	1.279	0.102	0.099	0.104	1.283	1.264	1.329	1.315	1.316	1.317	1.303	1.289	1.277	0.1	0.109	0.102	1.26	1.237	1.305	1.295	1.295	1.308	1.319	1.268	1.252	0.098	0.099	0.101
0.1	0.101	0.099	0.103	0.101	0.102	0.101	0.11	0.1	0.102	0.101	0.102	1.2	1.342	1.342	1.311	1.327	1.279	1.251	1.26	1.254	0.098	0.099	0.103	1.273	1.315	1.325	1.341	1.305	1.298	1.279	1.302	1.29	0.101	0.1	0.102	1.294	1.327	1.268	1.314	1.322	1.292	1.278	1.264	1.358	0.104	0.111	0.101	1.243	1.303	1.266	1.251	1.296	1.31	1.284	1.303	1.274	0.1	0.102	0.101	1.226	1.278	1.332	1.297	1.272	1.327	1.289	1.272	1.28	0.101	0.099	0.104	1.283	1.265	1.329	1.315	1.316	1.317	1.304	1.289	1.277	0.099	0.109	0.102	1.262	1.236	1.306	1.296	1.296	1.309	1.319	1.27	1.253	0.098	0.099	0.1
0.1	0.101	0.099	0.103	0.101	0.102	0.101	0.11	0.1	0.102	0.101	0.102	1.201	1.342	1.342	1.312	1.328	1.28	1.251	1.261	1.255	0.098	0.099	0.103	1.274	1.316	1.325	1.343	1.306	1.298	1.278	1.304	1.29	0.101	0.1	0.101	1.295	1.327	1.269	1.315	1.323	1.293	1.279	1.265	1.359	0.104	0.111	0.101	1.244	1.304	1.266	1.252	1.295	1.311	1.284	1.304	1.274	0.1	0.102	0.101	1.227	1.279	1.332	1.297	1.273	1.327	1.291	1.273	1.28	0.101	0.099	0.103	1.284	1.265	1.331	1.317	1.317	1.318	1.305	1.29	1.278	0.1	0.109	0.102	1.261	1.237	1.307	1.296	1.297	1.309	1.32	1.27	1.254	0.098	0.099	0.1
0.1	0.101	0.099	0.103	0.101	0.102	0.101	0.11	0.099	0.102	0.101	0.102	1.201	1.343	1.343	1.313	1.327	1.28	1.252	1.26	1.256	0.097	0.098	0.103	1.275	1.317	1.326	1.344	1.307	1.299	1.28	1.303	1.292	0.101	0.1	0.102	1.295	1.327	1.27	1.316	1.324	1.294	1.278	1.265	1.359	0.104	0.111	0.101	1.244	1.305	1.267	1.252	1.298	1.31	1.284	1.304	1.275	0.1	0.102	0.101	1.228	1.28	1.333	1.298	1.274	1.328	1.291	1.273	1.281	0.101	0.099	0.104	1.285	1.266	1.331	1.317	1.317	1.319	1.305	1.292	1.279	0.099	0.109	0.102	1.261	1.238	1.308	1.298	1.297	1.31	1.32	1.27	1.255	0.098	0.099	0.101
0.1	0.101	0.099	0.103	0.101	0.102	0.101	0.11	0.1	0.102	0.101	0.102	1.202	1.343	1.344	1.313	1.329	1.281	1.253	1.262	1.257	0.098	0.099	0.104	1.276	1.318	1.328	1.345	1.308	1.3	1.281	1.305	1.292	0.101	0.099	0.102	1.296	1.329	1.27	1.316	1.325	1.294	1.28	1.266	1.36	0.104	0.111	0.101	1.245	1.305	1.267	1.253	1.297	1.312	1.286	1.305	1.275	0.1	0.102	0.101	1.228	1.28	1.334	1.299	1.275	1.329	1.291	1.274	1.28	0.101	0.099	0.104	1.285	1.267	1.331	1.318	1.318	1.32	1.305	1.292	1.279	0.099	0.109	0.102	1.262	1.239	1.309	1.298	1.298	1.31	1.321	1.27	1.254	0.098	0.099	0.1
0.1	0.101	0.099	0.103	0.101	0.102	0.101	0.11	0.1	0.102	0.101	0.102	1.203	1.344	1.345	1.314	1.329	1.282	1.253	1.262	1.257	0.098	0.099	0.104	1.277	1.319	1.328	1.346	1.308	1.3	1.281	1.306	1.293	0.101	0.1	0.102	1.297	1.33	1.27	1.316	1.326	1.296	1.28	1.267	1.361	0.104	0.112	0.101	1.246	1.307	1.268	1.253	1.299	1.311	1.285	1.305	1.275	0.1	0.102	0.102	1.23	1.282	1.334	1.299	1.275	1.329	1.292	1.275	1.281	0.102	0.099	0.103	1.286	1.268	1.333	1.319	1.319	1.32	1.306	1.292	1.28	0.098	0.109	0.102	1.263	1.239	1.31	1.299	1.299	1.311	1.321	1.271	1.256	0.098	0.099	0.1
0.1	0.1	0.099	0.103	0.101	0.102	0.101	0.11	0.1	0.102	0.101	0.102	1.204	1.344	1.345	1.315	1.329	1.282	1.253	1.263	1.259	0.098	0.098	0.104	1.277	1.319	1.329	1.347	1.31	1.302	1.282	1.306	1.293	0.101	0.099	0.102	1.298	1.33	1.272	1.318	1.327	1.296	1.281	1.267	1.361	0.104	0.111	0.101	1.247	1.307	1.269	1.254	1.299	1.312	1.286	1.306	1.275	0.1	0.102	0.101	1.23	1.282	1.335	1.3	1.276	1.329	1.292	1.276	1.282	0.101	0.099	0.103	1.286	1.269	1.333	1.32	1.319	1.321	1.306	1.292	1.281	0.098	0.109	0.102	1.263	1.241	1.311	1.3	1.299	1.312	1.322	1.271	1.257	0.098	0.099	0.1
0.1	0.1	0.099	0.103	0.101	0.102	0.101	0.11	0.1	0.102	0.101	0.102	1.204	1.344	1.346	1.316	1.33	1.283	1.253	1.264	1.259	0.098	0.099	0.104	1.278	1.32	1.331	1.349	1.311	1.302	1.282	1.307	1.295	0.101	0.099	0.102	1.299	1.331	1.272	1.318	1.327	1.296	1.281	1.269	1.361	0.104	0.111	0.101	1.248	1.308	1.27	1.255	1.299	1.314	1.286	1.307	1.275	0.1	0.102	0.101	1.231	1.283	1.336	1.301	1.277	1.33	1.293	1.276	1.282	0.101	0.099	0.103	1.287	1.27	1.334	1.321	1.321	1.322	1.306	1.294	1.281	0.097	0.109	0.102	1.263	1.242	1.312	1.3	1.3	1.312	1.322	1.272	1.258	0.097	0.099	0.1
0.1	0.101	0.099	0.103	0.101	0.102	0.101	0.11	0.1	0.102	0.101	0.102	1.205	1.346	1.347	1.317	1.33	1.284	1.254	1.263	1.26	0.097	0.099	0.103	1.279	1.321	1.331	1.349	1.312	1.303	1.283	1.307	1.295	0.101	0.1	0.102	1.3	1.331	1.273	1.319	1.327	1.297	1.281	1.268	1.362	0.104	0.111	0.101	1.248	1.309	1.27	1.255	1.3	1.313	1.286	1.308	1.276	0.1	0.102	0.102	1.232	1.284	1.337	1.302	1.278	1.331	1.293	1.276	1.284	0.102	0.099	0.104	1.288	1.27	1.335	1.321	1.32	1.323	1.307	1.293	1.281	0.098	0.109	0.102	1.264	1.242	1.312	1.301	1.3	1.313	1.323	1.273	1.258	0.098	0.099	0.1
0.1	0.101	0.099	0.103	0.102	0.102	0.101	0.11	0.1	0.102	0.101	0.102	1.205	1.346	1.348	1.318	1.331	1.285	1.255	1.265	1.26	0.098	0.099	0.103	1.28	1.322	1.333	1.35	1.313	1.303	1.283	1.309	1.294	0.101	0.1	0.102	1.301	1.332	1.274	1.32	1.328	1.298	1.282	1.269	1.362	0.104	0.111	0.101	1.249	1.31	1.271	1.256	1.3	1.314	1.286	1.308	1.276	0.1	0.102	0.102	1.233	1.286	1.338	1.302	1.279	1.332	1.294	1.277	1.283	0.102	0.099	0.105	1.288	1.273	1.335	1.323	1.321	1.324	1.308	1.294	1.282	0.099	0.109	0.102	1.264	1.243	1.313	1.302	1.302	1.315	1.323	1.273	1.259	0.098	0.099	0.1
0.1	0.101	0.099	0.103	0.101	0.102	0.101	0.11	0.1	0.102	0.101	0.101	1.205	1.347	1.348	1.319	1.332	1.285	1.255	1.265	1.261	0.098	0.099	0.103	1.28	1.323	1.333	1.351	1.314	1.304	1.283	1.309	1.297	0.101	0.1	0.102	1.301	1.333	1.275	1.32	1.33	1.299	1.282	1.27	1.363	0.104	0.111	0.101	1.249	1.309	1.271	1.256	1.3	1.314	1.287	1.308	1.276	0.1	0.102	0.101	1.234	1.286	1.339	1.303	1.279	1.332	1.294	1.277	1.284	0.102	0.099	0.105	1.289	1.273	1.335	1.323	1.321	1.324	1.308	1.294	1.282	0.099	0.109	0.102	1.264	1.243	1.314	1.302	1.302	1.314	1.323	1.273	1.258	0.098	0.099	0.1
0.1	0.101	0.099	0.103	0.101	0.102	0.101	0.109	0.099	0.102	0.101	0.101	1.207	1.347	1.349	1.32	1.333	1.285	1.255	1.265	1.261	0.098	0.098	0.103	1.282	1.324	1.335	1.352	1.315	1.304	1.284	1.309	1.296	0.101	0.099	0.102	1.302	1.334	1.275	1.321	1.329	1.3	1.282	1.27	1.363	0.104	0.112	0.101	1.25	1.31	1.272	1.258	1.301	1.315	1.287	1.308	1.277	0.1	0.102	0.101	1.235	1.287	1.34	1.303	1.28	1.333	1.295	1.278	1.285	0.101	0.099	0.105	1.289	1.274	1.336	1.323	1.322	1.325	1.308	1.296	1.282	0.098	0.109	0.102	1.265	1.244	1.314	1.303	1.302	1.315	1.324	1.274	1.259	0.098	0.099	0.1
0.1	0.101	0.099	0.103	0.101	0.102	0.101	0.11	0.1	0.102	0.101	0.101	1.207	1.348	1.35	1.32	1.333	1.286	1.256	1.266	1.261	0.098	0.099	0.103	1.282	1.323	1.335	1.353	1.315	1.305	1.284	1.31	1.297	0.101	0.1	0.102	1.303	1.335	1.276	1.322	1.33	1.3	1.282	1.27	1.363	0.104	0.111	0.101	1.251	1.311	1.272	1.258	1.301	1.315	1.287	1.308	1.278	0.1	0.102	0.101	1.236	1.288	1.339	1.304	1.28	1.333	1.295	1.279	1.285	0.102	0.099	0.105	1.29	1.274	1.337	1.324	1.323	1.325	1.308	1.296	1.282	0.099	0.109	0.102	1.265	1.246	1.315	1.303	1.303	1.316	1.323	1.274	1.26	0.098	0.099	0.1
0.1	0.101	0.099	0.103	0.101	0.102	0.101	0.11	0.1	0.102	0.101	0.101	1.208	1.349	1.35	1.321	1.333	1.287	1.256	1.266	1.263	0.098	0.099	0.104	1.283	1.325	1.336	1.353	1.316	1.306	1.285	1.31	1.297	0.102	0.1	0.102	1.304	1.335	1.277	1.322	1.331	1.3	1.282	1.272	1.364	0.104	0.111	0.101	1.252	1.312	1.274	1.259	1.302	1.315	1.287	1.309	1.278	0.1	0.102	0.101	1.236	1.288	1.341	1.305	1.281	1.334	1.296	1.279	1.285	0.102	0.099	0.105	1.291	1.275	1.339	1.324	1.323	1.326	1.31	1.296	1.283	0.1	0.109	0.102	1.266	1.245	1.316	1.304	1.303	1.317	1.323	1.274	1.26	0.098	0.099	0.1
0.1	0.101	0.099	0.103	0.101	0.102	0.101	0.11	0.1	0.102	0.101	0.101	1.208	1.349	1.35	1.321	1.334	1.287	1.256	1.267	1.263	0.098	0.099	0.104	1.284	1.325	1.337	1.355	1.317	1.307	1.286	1.312	1.298	0.101	0.1	0.102	1.305	1.336	1.278	1.322	1.331	1.301	1.283	1.272	1.365	0.104	0.111	0.101	1.253	1.313	1.274	1.259	1.302	1.315	1.287	1.309	1.278	0.1	0.102	0.101	1.237	1.289	1.341	1.306	1.282	1.335	1.297	1.28	1.286	0.102	0.099	0.105	1.291	1.276	1.339	1.326	1.323	1.326	1.309	1.296	1.283	0.1	0.109	0.102	1.266	1.246	1.317	1.304	1.304	1.317	1.324	1.276	1.261	0.098	0.099	0.1
0.1	0.1	0.099	0.103	0.101	0.102	0.101	0.109	0.1	0.102	0.101	0.101	1.21	1.35	1.351	1.322	1.335	1.287	1.257	1.266	1.264	0.098	0.098	0.103	1.284	1.326	1.337	1.355	1.317	1.306	1.286	1.312	1.299	0.101	0.099	0.102	1.305	1.336	1.279	1.323	1.331	1.302	1.283	1.272	1.364	0.104	0.111	0.101	1.254	1.313	1.274	1.26	1.303	1.316	1.287	1.31	1.279	0.1	0.102	0.101	1.238	1.29	1.341	1.306	1.282	1.335	1.297	1.28	1.286	0.101	0.099	0.104	1.291	1.277	1.339	1.326	1.324	1.326	1.309	1.297	1.284	0.101	0.109	0.102	1.266	1.248	1.317	1.305	1.304	1.317	1.324	1.276	1.261	0.098	0.099	0.1
0.1	0.1	0.099	0.103	0.101	0.102	0.101	0.11	0.099	0.102	0.101	0.101	1.21	1.35	1.352	1.322	1.335	1.288	1.257	1.268	1.265	0.097	0.098	0.103	1.286	1.327	1.338	1.355	1.318	1.307	1.287	1.313	1.298	0.101	0.099	0.102	1.306	1.337	1.28	1.323	1.332	1.303	1.284	1.273	1.365	0.104	0.111	0.101	1.254	1.315	1.275	1.261	1.303	1.316	1.289	1.311	1.279	0.1	0.102	0.101	1.239	1.291	1.342	1.306	1.282	1.335	1.297	1.281	1.286	0.102	0.099	0.104	1.292	1.277	1.34	1.327	1.324	1.328	1.31	1.297	1.283	0.1	0.109	0.102	1.266	1.247	1.318	1.306	1.305	1.318	1.324	1.275	1.262	0.098	0.099	0.1
0.1	0.101	0.099	0.103	0.101	0.102	0.101	0.11	0.1	0.102	0.101	0.101	1.21	1.35	1.353	1.324	1.335	1.288	1.257	1.268	1.264	0.098	0.099	0.104	1.286	1.328	1.339	1.356	1.319	1.308	1.288	1.313	1.3	0.101	0.1	0.102	1.307	1.338	1.28	1.325	1.332	1.303	1.284	1.273	1.365	0.104	0.111	0.101	1.255	1.314	1.276	1.261	1.305	1.318	1.289	1.311	1.279	0.1	0.102	0.101	1.24	1.292	1.343	1.307	1.283	1.336	1.298	1.281	1.288	0.102	0.099	0.104	1.292	1.278	1.34	1.328	1.325	1.328	1.31	1.297	1.284	0.099	0.109	0.102	1.266	1.248	1.319	1.306	1.305	1.318	1.325	1.277	1.263	0.098	0.099	0.101
0.1	0.1	0.099	0.103	0.101	0.102	0.101	0.11	0.099	0.102	0.101	0.101	1.211	1.351	1.353	1.324	1.336	1.289	1.259	1.269	1.266	0.097	0.098	0.103	1.287	1.329	1.34	1.357	1.319	1.309	1.287	1.314	1.3	0.101	0.099	0.102	1.308	1.338	1.28	1.325	1.333	1.305	1.285	1.274	1.366	0.104	0.111	0.101	1.256	1.316	1.277	1.262	1.304	1.317	1.289	1.312	1.28	0.1	0.102	0.101	1.241	1.292	1.344	1.308	1.284	1.337	1.298	1.283	1.289	0.101	0.099	0.104	1.294	1.278	1.341	1.329	1.326	1.329	1.31	1.298	1.285	0.099	0.109	0.102	1.267	1.248	1.319	1.307	1.305	1.318	1.325	1.276	1.262	0.098	0.099	0.101
0.1	0.1	0.099	0.103	0.101	0.102	0.101	0.11	0.1	0.102	0.101	0.101	1.211	1.351	1.354	1.325	1.336	1.289	1.259	1.27	1.266	0.097	0.099	0.103	1.288	1.329	1.341	1.358	1.32	1.309	1.288	1.315	1.301	0.101	0.1	0.101	1.309	1.34	1.281	1.326	1.333	1.304	1.285	1.275	1.366	0.104	0.111	0.101	1.257	1.316	1.277	1.262	1.306	1.318	1.289	1.311	1.28	0.1	0.102	0.101	1.242	1.292	1.344	1.308	1.285	1.337	1.298	1.284	1.288	0.101	0.099	0.104	1.293	1.279	1.342	1.329	1.326	1.329	1.311	1.298	1.285	0.099	0.109	0.102	1.267	1.249	1.321	1.307	1.307	1.319	1.325	1.277	1.264	0.097	0.099	0.101
0.1	0.1	0.099	0.103	0.101	0.102	0.101	0.11	0.099	0.102	0.101	0.101	1.212	1.352	1.354	1.325	1.337	1.29	1.259	1.27	1.267	0.097	0.099	0.103	1.288	1.33	1.341	1.359	1.321	1.31	1.288	1.315	1.301	0.101	0.1	0.102	1.309	1.339	1.282	1.327	1.333	1.305	1.286	1.275	1.366	0.104	0.111	0.101	1.258	1.317	1.278	1.263	1.305	1.32	1.29	1.312	1.281	0.1	0.102	0.101	1.242	1.294	1.344	1.308	1.285	1.337	1.299	1.284	1.289	0.101	0.099	0.103	1.294	1.28	1.343	1.33	1.327	1.329	1.311	1.299	1.286	0.1	0.109	0.102	1.268	1.248	1.321	1.308	1.306	1.32	1.326	1.278	1.263	0.098	0.099	0.101
0.1	0.101	0.099	0.103	0.101	0.102	0.101	0.11	0.1	0.102	0.101	0.101	1.213	1.353	1.355	1.327	1.337	1.291	1.259	1.27	1.267	0.098	0.098	0.104	1.289	1.331	1.343	1.359	1.322	1.31	1.29	1.316	1.301	0.101	0.1	0.102	1.31	1.34	1.282	1.327	1.335	1.307	1.287	1.276	1.366	0.104	0.111	0.101	1.258	1.318	1.278	1.264	1.306	1.319	1.289	1.312	1.281	0.1	0.102	0.101	1.243	1.295	1.346	1.309	1.286	1.339	1.3	1.285	1.289	0.102	0.099	0.103	1.294	1.281	1.343	1.331	1.328	1.33	1.311	1.3	1.287	0.101	0.109	0.102	1.268	1.25	1.322	1.309	1.308	1.32	1.326	1.278	1.264	0.098	0.099	0.101
0.1	0.1	0.099	0.103	0.101	0.102	0.101	0.109	0.1	0.102	0.101	0.101	1.213	1.354	1.356	1.327	1.338	1.292	1.26	1.272	1.267	0.097	0.098	0.104	1.29	1.331	1.343	1.36	1.323	1.311	1.29	1.316	1.302	0.101	0.1	0.102	1.31	1.341	1.283	1.328	1.335	1.306	1.286	1.276	1.367	0.104	0.111	0.101	1.259	1.318	1.279	1.264	1.306	1.32	1.29	1.313	1.281	0.1	0.102	0.101	1.244	1.295	1.346	1.31	1.286	1.339	1.3	1.285	1.29	0.101	0.099	0.103	1.295	1.281	1.343	1.331	1.328	1.331	1.311	1.3	1.288	0.101	0.109	0.102	1.267	1.251	1.323	1.309	1.308	1.321	1.327	1.278	1.265	0.097	0.099	0.101
0.1	0.101	0.099	0.103	0.101	0.102	0.101	0.11	0.1	0.102	0.101	0.101	1.214	1.354	1.356	1.327	1.339	1.292	1.26	1.271	1.269	0.098	0.099	0.104	1.291	1.332	1.344	1.361	1.324	1.312	1.29	1.317	1.302	0.101	0.1	0.102	1.312	1.342	1.284	1.329	1.336	1.308	1.286	1.277	1.367	0.104	0.111	0.101	1.259	1.318	1.279	1.264	1.306	1.319	1.29	1.313	1.281	0.1	0.102	0.101	1.244	1.296	1.346	1.311	1.287	1.339	1.3	1.286	1.291	0.101	0.099	0.104	1.296	1.282	1.344	1.332	1.329	1.331	1.311	1.301	1.288	0.101	0.109	0.102	1.268	1.253	1.324	1.309	1.309	1.322	1.327	1.278	1.265	0.098	0.099	0.101
0.1	0.101	0.099	0.103	0.101	0.102	0.101	0.11	0.1	0.102	0.101	0.101	1.215	1.354	1.357	1.329	1.339	1.292	1.26	1.272	1.269	0.098	0.099	0.104	1.291	1.332	1.345	1.362	1.324	1.312	1.29	1.318	1.304	0.101	0.099	0.102	1.312	1.342	1.285	1.329	1.338	1.308	1.286	1.277	1.367	0.104	0.111	0.101	1.26	1.319	1.28	1.266	1.307	1.32	1.291	1.313	1.281	0.1	0.102	0.101	1.245	1.297	1.347	1.312	1.288	1.34	1.301	1.286	1.292	0.102	0.099	0.104	1.296	1.283	1.346	1.333	1.329	1.331	1.312	1.301	1.288	0.101	0.109	0.102	1.268	1.252	1.324	1.31	1.309	1.322	1.327	1.28	1.266	0.098	0.099	0.101
0.1	0.101	0.099	0.103	0.101	0.102	0.101	0.11	0.099	0.102	0.101	0.101	1.215	1.355	1.357	1.329	1.34	1.293	1.262	1.273	1.27	0.098	0.099	0.103	1.291	1.333	1.346	1.363	1.325	1.313	1.291	1.319	1.304	0.101	0.1	0.102	1.313	1.342	1.285	1.33	1.337	1.309	1.287	1.278	1.368	0.104	0.111	0.101	1.261	1.32	1.281	1.266	1.308	1.321	1.291	1.314	1.283	0.1	0.102	0.101	1.247	1.298	1.348	1.313	1.289	1.34	1.302	1.287	1.292	0.101	0.099	0.105	1.297	1.284	1.346	1.333	1.33	1.333	1.313	1.302	1.289	0.098	0.109	0.102	1.268	1.253	1.325	1.311	1.31	1.323	1.327	1.28	1.267	0.098	0.099	0.101
0.1	0.101	0.099	0.103	0.101	0.102	0.101	0.11	0.1	0.102	0.101	0.101	1.216	1.356	1.357	1.33	1.341	1.294	1.262	1.273	1.27	0.098	0.099	0.103	1.292	1.334	1.347	1.363	1.326	1.313	1.292	1.319	1.304	0.101	0.1	0.102	1.313	1.344	1.287	1.33	1.338	1.309	1.288	1.279	1.369	0.104	0.111	0.101	1.261	1.32	1.281	1.266	1.308	1.321	1.292	1.315	1.282	0.1	0.102	0.101	1.248	1.299	1.347	1.313	1.29	1.341	1.302	1.287	1.292	0.101	0.099	0.104	1.297	1.285	1.347	1.334	1.331	1.332	1.312	1.303	1.288	0.099	0.109	0.102	1.269	1.253	1.326	1.311	1.31	1.323	1.327	1.28	1.266	0.098	0.099	0.101
0.1	0.1	0.099	0.103	0.101	0.102	0.101	0.109	0.099	0.102	0.101	0.102	1.216	1.356	1.358	1.331	1.341	1.295	1.262	1.274	1.27	0.098	0.098	0.104	1.294	1.335	1.348	1.364	1.327	1.313	1.292	1.319	1.306	0.101	0.099	0.102	1.315	1.344	1.287	1.331	1.338	1.31	1.287	1.279	1.368	0.104	0.111	0.101	1.262	1.321	1.282	1.267	1.308	1.321	1.292	1.315	1.283	0.1	0.102	0.101	1.248	1.299	1.349	1.314	1.29	1.342	1.302	1.288	1.292	0.101	0.099	0.105	1.299	1.286	1.347	1.335	1.331	1.334	1.313	1.303	1.288	0.1	0.109	0.102	1.269	1.253	1.327	1.311	1.31	1.323	1.327	1.281	1.267	0.098	0.099	0.101
0.1	0.1	0.099	0.103	0.101	0.102	0.101	0.11	0.1	0.102	0.101	0.101	1.217	1.357	1.359	1.331	1.342	1.295	1.263	1.274	1.27	0.098	0.099	0.104	1.294	1.335	1.348	1.364	1.327	1.314	1.293	1.32	1.305	0.101	0.1	0.102	1.314	1.345	1.287	1.331	1.339	1.311	1.289	1.28	1.37	0.104	0.111	0.101	1.263	1.321	1.282	1.267	1.31	1.323	1.292	1.315	1.284	0.1	0.102	0.101	1.25	1.299	1.35	1.314	1.291	1.342	1.302	1.288	1.293	0.101	0.099	0.104	1.299	1.286	1.347	1.335	1.331	1.334	1.313	1.303	1.289	0.1	0.109	0.102	1.269	1.254	1.328	1.312	1.311	1.324	1.328	1.281	1.268	0.098	0.099	0.101
0.1	0.1	0.099	0.103	0.101	0.102	0.101	0.11	0.1	0.102	0.101	0.101	1.218	1.358	1.36	1.332	1.342	1.295	1.263	1.275	1.271	0.097	0.098	0.103	1.294	1.336	1.348	1.366	1.328	1.314	1.294	1.321	1.306	0.101	0.1	0.102	1.315	1.346	1.288	1.331	1.339	1.311	1.289	1.28	1.371	0.104	0.111	0.101	1.264	1.323	1.283	1.268	1.309	1.323	1.293	1.317	1.284	0.1	0.102	0.101	1.25	1.3	1.351	1.315	1.292	1.342	1.304	1.29	1.294	0.101	0.099	0.104	1.299	1.287	1.347	1.336	1.331	1.335	1.314	1.304	1.29	0.101	0.109	0.102	1.269	1.255	1.329	1.313	1.312	1.325	1.33	1.283	1.269	0.098	0.099	0.101