

Software Version	3.16.10



Experiment File Path:	C:\Users\Public\Documents\Experiments\Erika\2026_07_02_GC_MCF.xpt
Protocol File Path:	C:\Users\Public\Documents\Protocols\48_Hour_Calbicans_Growth_Curve.prt



Plate Number	Plate 1
Date	7/2/2026
Time	6:22:58 PM
Reader Type:	Epoch 2
Reader Serial Number:	1803065
Reading Type	Reader

Procedure Details

Plate Type	96 WELL PLATE (Use plate lid)
Set Temperature	Setpoint 30°C, Gradient 1 °C
	Preheat before moving to next step
Start Kinetic	Runtime 48:00:00 (HH:MM:SS), Interval 0:15:00, 193 Reads
    Shake	Double Orbital: Continuous
	Frequency: 355 cpm (4 mm)
    Read	Absorbance Endpoint
	Full Plate
	Wavelengths:  600
	Read Speed: Normal,  Delay: 100 msec,  Measurements/Data Point: 8
End Kinetic	
Set Temperature	Incubator off

Layout
	1	2	3	4	5	6	7	8	9	10	11	12
A	SPL1	SPL9	SPL17	SPL25	SPL33	SPL41	SPL49	SPL57	SPL65	SPL73	SPL81	SPL89	Well ID
B	SPL2	SPL10	SPL18	SPL26	SPL34	SPL42	SPL50	SPL58	SPL66	SPL74	SPL82	SPL90	Well ID
C	SPL3	SPL11	SPL19	SPL27	SPL35	SPL43	SPL51	SPL59	SPL67	SPL75	SPL83	SPL91	Well ID
D	SPL4	SPL12	SPL20	SPL28	SPL36	SPL44	SPL52	SPL60	SPL68	SPL76	SPL84	SPL92	Well ID
E	SPL5	SPL13	SPL21	SPL29	SPL37	SPL45	SPL53	SPL61	SPL69	SPL77	SPL85	SPL93	Well ID
F	SPL6	SPL14	SPL22	SPL30	SPL38	SPL46	SPL54	SPL62	SPL70	SPL78	SPL86	SPL94	Well ID
G	SPL7	SPL15	SPL23	SPL31	SPL39	SPL47	SPL55	SPL63	SPL71	SPL79	SPL87	SPL95	Well ID
H	SPL8	SPL16	SPL24	SPL32	SPL40	SPL48	SPL56	SPL64	SPL72	SPL80	SPL88	SPL96	Well ID

600

Time	Temp	A1	A2	A3	A4	A5	A6	A7	A8	A9	A10	A11	A12	B1	B2	B3	B4	B5	B6	B7	B8	B9	B10	B11	B12	C1	C2	C3	C4	C5	C6	C7	C8	C9	C10	C11	C12	D1	D2	D3	D4	D5	D6	D7	D8	D9	D10	D11	D12	E1	E2	E3	E4	E5	E6	E7	E8	E9	E10	E11	E12	F1	F2	F3	F4	F5	F6	F7	F8	F9	F10	F11	F12	G1	G2	G3	G4	G5	G6	G7	G8	G9	G10	G11	G12	H1	H2	H3	H4	H5	H6	H7	H8	H9	H10	H11	H12
0:14:16	30.0	0.101	0.106	0.105	0.103	0.104	0.101	0.104	0.108	0.105	0.103	0.102	0.101	0.105	0.100	0.102	0.102	0.100	0.100	0.099	0.100	0.103	0.098	0.101	0.104	0.107	0.101	0.102	0.102	0.100	0.099	0.099	0.105	0.103	0.101	0.101	0.101	0.111	0.104	0.105	0.105	0.106	0.112	0.111	0.108	0.110	0.101	0.104	0.102	0.102	0.101	0.099	0.101	0.103	0.098	0.102	0.101	0.103	0.097	0.100	0.100	0.103	0.104	0.101	0.104	0.103	0.098	0.102	0.101	0.103	0.101	0.102	0.100	0.102	0.103	0.103	0.101	0.101	0.100	0.101	0.103	0.105	0.100	0.102	0.098	0.101	0.106	0.105	0.104	0.100	0.099	0.101	0.101	0.103	0.100	0.101	0.097
0:29:16	30.0	0.102	0.106	0.105	0.104	0.104	0.102	0.104	0.108	0.105	0.103	0.103	0.102	0.104	0.101	0.103	0.102	0.100	0.100	0.100	0.101	0.104	0.099	0.101	0.105	0.108	0.102	0.103	0.102	0.101	0.100	0.100	0.106	0.103	0.102	0.101	0.101	0.112	0.105	0.106	0.105	0.107	0.112	0.111	0.108	0.111	0.101	0.105	0.103	0.103	0.101	0.100	0.102	0.103	0.099	0.102	0.101	0.103	0.097	0.100	0.101	0.103	0.105	0.102	0.105	0.104	0.098	0.103	0.101	0.103	0.101	0.102	0.100	0.103	0.104	0.103	0.102	0.101	0.100	0.101	0.104	0.105	0.100	0.102	0.098	0.101	0.106	0.105	0.104	0.100	0.099	0.101	0.101	0.103	0.101	0.102	0.098
0:44:16	30.1	0.103	0.104	0.106	0.104	0.105	0.102	0.105	0.108	0.105	0.104	0.104	0.102	0.104	0.101	0.103	0.103	0.100	0.100	0.100	0.101	0.104	0.099	0.102	0.105	0.108	0.103	0.103	0.103	0.101	0.100	0.100	0.106	0.104	0.102	0.101	0.102	0.112	0.106	0.106	0.106	0.107	0.112	0.111	0.108	0.111	0.102	0.105	0.103	0.103	0.101	0.100	0.102	0.103	0.099	0.102	0.101	0.103	0.098	0.100	0.101	0.104	0.105	0.102	0.105	0.104	0.098	0.103	0.101	0.104	0.102	0.102	0.101	0.103	0.104	0.103	0.102	0.101	0.101	0.101	0.104	0.105	0.100	0.102	0.099	0.101	0.107	0.105	0.104	0.100	0.100	0.101	0.101	0.103	0.100	0.102	0.098
0:59:16	30.1	0.103	0.103	0.106	0.104	0.105	0.102	0.105	0.108	0.105	0.104	0.104	0.102	0.104	0.101	0.104	0.103	0.100	0.101	0.100	0.101	0.104	0.099	0.102	0.106	0.109	0.103	0.103	0.103	0.101	0.100	0.100	0.107	0.104	0.102	0.101	0.102	0.112	0.106	0.106	0.106	0.107	0.113	0.111	0.108	0.111	0.102	0.105	0.103	0.103	0.102	0.100	0.102	0.103	0.099	0.102	0.101	0.104	0.098	0.100	0.101	0.104	0.105	0.102	0.106	0.104	0.099	0.103	0.101	0.104	0.102	0.103	0.101	0.103	0.104	0.103	0.102	0.101	0.100	0.101	0.103	0.105	0.100	0.102	0.098	0.101	0.107	0.105	0.104	0.100	0.100	0.102	0.101	0.103	0.100	0.102	0.098
1:14:16	30.1	0.103	0.103	0.106	0.105	0.105	0.102	0.105	0.109	0.106	0.104	0.104	0.102	0.111	0.101	0.104	0.103	0.100	0.101	0.100	0.101	0.104	0.099	0.102	0.106	0.109	0.103	0.103	0.104	0.101	0.101	0.101	0.107	0.104	0.102	0.101	0.102	0.113	0.106	0.107	0.106	0.107	0.113	0.111	0.108	0.111	0.102	0.105	0.103	0.103	0.102	0.100	0.102	0.103	0.099	0.102	0.101	0.104	0.098	0.100	0.101	0.104	0.105	0.103	0.106	0.104	0.099	0.103	0.101	0.104	0.102	0.103	0.102	0.103	0.104	0.103	0.102	0.101	0.101	0.101	0.104	0.105	0.100	0.102	0.099	0.101	0.107	0.105	0.104	0.100	0.100	0.102	0.101	0.103	0.100	0.102	0.098
1:29:16	30.1	0.103	0.103	0.106	0.105	0.105	0.102	0.105	0.109	0.106	0.104	0.104	0.102	0.111	0.102	0.104	0.103	0.101	0.101	0.100	0.101	0.104	0.100	0.102	0.106	0.109	0.103	0.103	0.104	0.101	0.101	0.101	0.107	0.104	0.102	0.102	0.102	0.113	0.106	0.107	0.106	0.107	0.113	0.111	0.108	0.111	0.102	0.105	0.103	0.104	0.102	0.101	0.102	0.103	0.099	0.102	0.101	0.104	0.098	0.100	0.101	0.104	0.106	0.103	0.106	0.105	0.099	0.103	0.102	0.104	0.102	0.103	0.101	0.103	0.104	0.103	0.102	0.101	0.101	0.101	0.104	0.105	0.100	0.102	0.099	0.101	0.107	0.106	0.104	0.100	0.100	0.102	0.101	0.103	0.100	0.102	0.098
1:44:16	30.1	0.103	0.104	0.106	0.105	0.105	0.102	0.105	0.109	0.106	0.104	0.104	0.102	0.113	0.102	0.104	0.103	0.101	0.101	0.101	0.102	0.104	0.100	0.102	0.106	0.110	0.104	0.104	0.104	0.102	0.101	0.101	0.107	0.105	0.102	0.101	0.102	0.113	0.107	0.107	0.106	0.108	0.113	0.111	0.108	0.111	0.102	0.105	0.103	0.104	0.102	0.101	0.102	0.103	0.100	0.102	0.101	0.105	0.098	0.101	0.101	0.105	0.106	0.103	0.107	0.105	0.099	0.103	0.102	0.105	0.103	0.103	0.100	0.103	0.104	0.103	0.102	0.101	0.101	0.101	0.104	0.105	0.101	0.102	0.099	0.102	0.107	0.106	0.104	0.100	0.100	0.102	0.101	0.103	0.101	0.102	0.098
1:59:16	30.0	0.104	0.104	0.107	0.105	0.106	0.103	0.105	0.109	0.106	0.104	0.104	0.103	0.113	0.102	0.104	0.103	0.101	0.101	0.101	0.102	0.104	0.100	0.102	0.106	0.110	0.104	0.104	0.104	0.102	0.101	0.101	0.108	0.105	0.102	0.102	0.102	0.114	0.107	0.108	0.107	0.108	0.114	0.111	0.108	0.111	0.102	0.105	0.103	0.104	0.102	0.101	0.103	0.103	0.100	0.102	0.101	0.105	0.098	0.101	0.102	0.105	0.107	0.104	0.107	0.105	0.100	0.103	0.102	0.105	0.103	0.103	0.099	0.103	0.104	0.103	0.102	0.101	0.101	0.101	0.104	0.105	0.101	0.102	0.099	0.102	0.107	0.106	0.104	0.100	0.100	0.102	0.101	0.103	0.101	0.102	0.098
2:14:16	30.1	0.104	0.104	0.107	0.105	0.106	0.103	0.105	0.109	0.106	0.104	0.104	0.103	0.114	0.102	0.104	0.104	0.101	0.101	0.101	0.102	0.104	0.100	0.102	0.106	0.110	0.104	0.104	0.104	0.102	0.101	0.101	0.108	0.105	0.102	0.102	0.102	0.114	0.107	0.108	0.107	0.109	0.114	0.111	0.108	0.112	0.102	0.105	0.104	0.104	0.102	0.101	0.103	0.103	0.100	0.103	0.101	0.105	0.098	0.101	0.102	0.105	0.107	0.104	0.108	0.106	0.100	0.103	0.102	0.105	0.103	0.103	0.099	0.103	0.105	0.104	0.102	0.102	0.101	0.101	0.104	0.105	0.101	0.102	0.099	0.102	0.107	0.106	0.104	0.100	0.100	0.102	0.101	0.103	0.101	0.102	0.098
2:29:16	30.1	0.105	0.104	0.107	0.106	0.106	0.103	0.105	0.109	0.106	0.104	0.105	0.103	0.115	0.102	0.105	0.104	0.101	0.102	0.101	0.102	0.105	0.100	0.102	0.106	0.110	0.104	0.104	0.105	0.102	0.102	0.101	0.109	0.106	0.102	0.102	0.102	0.114	0.108	0.109	0.108	0.109	0.114	0.111	0.109	0.112	0.102	0.105	0.104	0.105	0.103	0.102	0.103	0.104	0.100	0.103	0.102	0.105	0.098	0.101	0.102	0.106	0.108	0.105	0.108	0.106	0.100	0.104	0.102	0.105	0.103	0.104	0.099	0.104	0.105	0.104	0.103	0.102	0.101	0.101	0.104	0.105	0.101	0.102	0.099	0.102	0.108	0.106	0.105	0.101	0.101	0.102	0.101	0.103	0.101	0.102	0.099
2:44:16	30.1	0.105	0.105	0.108	0.106	0.107	0.103	0.105	0.109	0.106	0.104	0.105	0.103	0.116	0.102	0.105	0.104	0.101	0.102	0.101	0.102	0.105	0.100	0.102	0.106	0.111	0.105	0.105	0.105	0.102	0.102	0.101	0.109	0.106	0.102	0.102	0.102	0.115	0.108	0.109	0.108	0.109	0.115	0.111	0.108	0.112	0.102	0.105	0.104	0.105	0.103	0.102	0.103	0.104	0.100	0.103	0.102	0.105	0.099	0.101	0.102	0.107	0.108	0.105	0.109	0.107	0.101	0.104	0.102	0.106	0.103	0.104	0.099	0.104	0.105	0.104	0.103	0.102	0.102	0.102	0.104	0.106	0.101	0.102	0.099	0.103	0.108	0.106	0.105	0.101	0.101	0.102	0.101	0.103	0.101	0.102	0.099
2:59:16	30.1	0.105	0.105	0.108	0.107	0.107	0.104	0.105	0.109	0.106	0.105	0.105	0.103	0.117	0.102	0.105	0.104	0.102	0.102	0.101	0.102	0.105	0.100	0.102	0.106	0.111	0.105	0.105	0.105	0.103	0.102	0.102	0.110	0.106	0.102	0.102	0.102	0.116	0.109	0.110	0.108	0.110	0.115	0.111	0.108	0.112	0.102	0.105	0.104	0.105	0.104	0.102	0.104	0.104	0.101	0.103	0.102	0.105	0.099	0.101	0.102	0.107	0.109	0.106	0.109	0.107	0.101	0.104	0.102	0.106	0.103	0.103	0.099	0.104	0.106	0.105	0.103	0.102	0.102	0.101	0.104	0.106	0.101	0.103	0.099	0.103	0.108	0.107	0.105	0.101	0.101	0.102	0.101	0.104	0.101	0.102	0.099
3:14:16	30.1	0.106	0.106	0.109	0.107	0.107	0.104	0.105	0.109	0.107	0.105	0.105	0.103	0.118	0.103	0.105	0.104	0.102	0.102	0.101	0.102	0.105	0.100	0.103	0.106	0.112	0.106	0.105	0.106	0.103	0.102	0.102	0.110	0.107	0.103	0.102	0.102	0.116	0.109	0.111	0.109	0.110	0.115	0.111	0.108	0.112	0.102	0.105	0.104	0.106	0.104	0.103	0.104	0.105	0.101	0.103	0.102	0.105	0.099	0.101	0.102	0.108	0.110	0.106	0.110	0.108	0.102	0.104	0.102	0.106	0.103	0.104	0.099	0.105	0.106	0.105	0.104	0.103	0.102	0.101	0.104	0.106	0.101	0.102	0.099	0.103	0.109	0.107	0.105	0.101	0.101	0.102	0.101	0.104	0.101	0.102	0.099
3:29:16	30.1	0.107	0.107	0.109	0.108	0.108	0.104	0.105	0.109	0.107	0.105	0.105	0.103	0.118	0.103	0.105	0.104	0.102	0.102	0.101	0.102	0.105	0.100	0.103	0.107	0.112	0.106	0.106	0.106	0.103	0.103	0.102	0.110	0.107	0.103	0.102	0.103	0.117	0.110	0.112	0.109	0.111	0.116	0.111	0.108	0.112	0.102	0.105	0.104	0.107	0.105	0.104	0.105	0.105	0.102	0.103	0.102	0.106	0.099	0.101	0.102	0.109	0.111	0.107	0.111	0.109	0.102	0.104	0.102	0.107	0.103	0.104	0.099	0.105	0.106	0.106	0.104	0.103	0.102	0.102	0.104	0.106	0.101	0.103	0.099	0.104	0.109	0.107	0.106	0.102	0.102	0.102	0.101	0.104	0.101	0.102	0.099
3:44:16	30.1	0.108	0.107	0.110	0.109	0.109	0.105	0.106	0.110	0.107	0.105	0.105	0.103	0.120	0.103	0.106	0.105	0.102	0.102	0.101	0.103	0.105	0.100	0.103	0.107	0.113	0.107	0.106	0.107	0.104	0.103	0.102	0.111	0.108	0.103	0.102	0.103	0.118	0.111	0.113	0.110	0.111	0.116	0.111	0.109	0.112	0.102	0.105	0.104	0.107	0.106	0.104	0.105	0.105	0.102	0.103	0.102	0.106	0.099	0.101	0.102	0.110	0.112	0.108	0.111	0.110	0.102	0.104	0.103	0.107	0.103	0.104	0.099	0.106	0.107	0.106	0.105	0.104	0.103	0.102	0.104	0.106	0.101	0.103	0.099	0.105	0.110	0.108	0.106	0.102	0.102	0.102	0.101	0.104	0.101	0.102	0.099
3:59:16	30.1	0.109	0.108	0.112	0.110	0.110	0.106	0.106	0.110	0.107	0.105	0.105	0.103	0.121	0.103	0.106	0.105	0.102	0.103	0.102	0.103	0.106	0.100	0.103	0.107	0.114	0.107	0.107	0.108	0.104	0.104	0.103	0.112	0.108	0.103	0.103	0.103	0.119	0.112	0.114	0.111	0.112	0.117	0.111	0.109	0.112	0.102	0.105	0.104	0.109	0.106	0.105	0.106	0.106	0.103	0.103	0.102	0.106	0.099	0.101	0.102	0.112	0.113	0.109	0.113	0.111	0.103	0.104	0.103	0.107	0.104	0.104	0.099	0.107	0.108	0.107	0.106	0.104	0.103	0.102	0.104	0.106	0.101	0.103	0.099	0.105	0.111	0.109	0.107	0.103	0.102	0.102	0.101	0.104	0.101	0.102	0.099
4:14:16	30.1	0.111	0.110	0.113	0.111	0.111	0.106	0.106	0.110	0.107	0.105	0.105	0.104	0.123	0.104	0.106	0.105	0.103	0.103	0.102	0.103	0.106	0.100	0.103	0.107	0.114	0.108	0.107	0.108	0.104	0.104	0.103	0.112	0.109	0.103	0.103	0.103	0.121	0.113	0.115	0.111	0.113	0.117	0.111	0.109	0.112	0.102	0.105	0.104	0.110	0.108	0.107	0.107	0.107	0.103	0.104	0.103	0.106	0.099	0.102	0.103	0.112	0.114	0.110	0.113	0.111	0.104	0.105	0.103	0.108	0.104	0.104	0.099	0.108	0.109	0.108	0.107	0.105	0.104	0.102	0.104	0.107	0.101	0.103	0.100	0.106	0.112	0.109	0.107	0.103	0.103	0.102	0.101	0.104	0.101	0.102	0.099
4:29:16	30.1	0.113	0.111	0.114	0.112	0.112	0.107	0.106	0.110	0.108	0.105	0.105	0.104	0.125	0.104	0.107	0.105	0.103	0.103	0.102	0.103	0.106	0.100	0.103	0.107	0.115	0.109	0.108	0.109	0.105	0.105	0.103	0.113	0.110	0.103	0.103	0.103	0.122	0.114	0.117	0.112	0.113	0.118	0.111	0.109	0.112	0.102	0.105	0.104	0.111	0.109	0.108	0.108	0.108	0.104	0.104	0.103	0.107	0.099	0.102	0.102	0.113	0.116	0.112	0.114	0.112	0.104	0.104	0.103	0.108	0.104	0.104	0.099	0.109	0.110	0.109	0.108	0.106	0.105	0.102	0.104	0.107	0.101	0.103	0.099	0.107	0.113	0.110	0.108	0.104	0.104	0.102	0.101	0.104	0.101	0.102	0.099
4:44:16	30.1	0.115	0.113	0.116	0.114	0.113	0.108	0.106	0.110	0.108	0.106	0.106	0.104	0.127	0.105	0.107	0.106	0.103	0.104	0.102	0.104	0.106	0.100	0.103	0.107	0.116	0.110	0.109	0.110	0.105	0.106	0.103	0.114	0.110	0.103	0.103	0.103	0.124	0.116	0.119	0.113	0.114	0.119	0.112	0.109	0.112	0.103	0.105	0.104	0.113	0.110	0.110	0.109	0.109	0.105	0.104	0.103	0.107	0.100	0.102	0.103	0.115	0.118	0.113	0.115	0.114	0.105	0.105	0.103	0.108	0.104	0.104	0.099	0.110	0.112	0.111	0.109	0.107	0.106	0.102	0.104	0.107	0.101	0.103	0.100	0.109	0.114	0.111	0.109	0.105	0.105	0.102	0.102	0.104	0.101	0.102	0.099
4:59:16	30.1	0.118	0.116	0.118	0.115	0.115	0.110	0.106	0.110	0.108	0.106	0.106	0.104	0.129	0.105	0.108	0.106	0.103	0.104	0.102	0.104	0.107	0.101	0.103	0.107	0.117	0.111	0.110	0.111	0.106	0.106	0.104	0.114	0.111	0.103	0.103	0.103	0.126	0.117	0.121	0.114	0.115	0.120	0.111	0.109	0.112	0.103	0.105	0.104	0.115	0.112	0.112	0.110	0.110	0.107	0.104	0.103	0.107	0.100	0.102	0.103	0.116	0.120	0.115	0.117	0.115	0.106	0.105	0.103	0.109	0.104	0.104	0.099	0.112	0.114	0.113	0.111	0.108	0.107	0.102	0.104	0.107	0.101	0.103	0.100	0.111	0.116	0.113	0.110	0.106	0.106	0.102	0.102	0.105	0.101	0.103	0.099
5:14:16	30.1	0.121	0.118	0.121	0.117	0.117	0.111	0.106	0.110	0.108	0.106	0.106	0.104	0.131	0.106	0.109	0.107	0.104	0.105	0.102	0.104	0.107	0.101	0.103	0.108	0.119	0.112	0.111	0.112	0.107	0.107	0.104	0.115	0.112	0.103	0.103	0.103	0.128	0.120	0.123	0.115	0.116	0.120	0.112	0.109	0.113	0.103	0.106	0.104	0.117	0.115	0.115	0.112	0.112	0.108	0.104	0.104	0.108	0.100	0.102	0.103	0.119	0.122	0.117	0.118	0.116	0.107	0.105	0.103	0.109	0.104	0.105	0.099	0.114	0.115	0.115	0.112	0.110	0.108	0.102	0.105	0.107	0.101	0.103	0.100	0.113	0.118	0.114	0.111	0.107	0.107	0.102	0.102	0.105	0.101	0.103	0.099
5:29:16	30.1	0.124	0.121	0.124	0.120	0.119	0.113	0.107	0.111	0.109	0.106	0.106	0.104	0.133	0.106	0.110	0.107	0.104	0.105	0.103	0.105	0.107	0.101	0.103	0.108	0.120	0.114	0.112	0.113	0.108	0.108	0.105	0.116	0.113	0.103	0.104	0.103	0.132	0.122	0.126	0.116	0.117	0.122	0.112	0.109	0.113	0.103	0.105	0.104	0.120	0.117	0.118	0.114	0.113	0.110	0.105	0.104	0.108	0.100	0.102	0.103	0.121	0.125	0.119	0.119	0.117	0.108	0.105	0.103	0.110	0.104	0.105	0.099	0.116	0.118	0.118	0.115	0.111	0.110	0.102	0.105	0.107	0.101	0.103	0.100	0.115	0.120	0.116	0.113	0.108	0.108	0.102	0.102	0.105	0.101	0.103	0.099
5:44:16	30.0	0.129	0.125	0.128	0.123	0.121	0.115	0.107	0.111	0.109	0.106	0.106	0.104	0.137	0.107	0.110	0.107	0.105	0.106	0.103	0.105	0.108	0.101	0.103	0.108	0.122	0.115	0.113	0.114	0.108	0.109	0.105	0.117	0.114	0.103	0.104	0.103	0.135	0.125	0.130	0.118	0.118	0.123	0.112	0.109	0.113	0.103	0.105	0.104	0.124	0.121	0.121	0.116	0.115	0.112	0.105	0.104	0.108	0.100	0.102	0.103	0.124	0.128	0.122	0.121	0.119	0.109	0.105	0.103	0.110	0.104	0.105	0.099	0.119	0.121	0.120	0.117	0.113	0.112	0.102	0.105	0.107	0.101	0.103	0.100	0.118	0.123	0.119	0.115	0.110	0.110	0.102	0.102	0.105	0.101	0.103	0.099
5:59:16	30.1	0.134	0.130	0.132	0.126	0.124	0.117	0.107	0.111	0.109	0.107	0.106	0.105	0.138	0.108	0.111	0.108	0.105	0.106	0.103	0.105	0.108	0.101	0.103	0.108	0.124	0.117	0.114	0.116	0.110	0.111	0.105	0.117	0.115	0.103	0.104	0.104	0.139	0.128	0.134	0.119	0.119	0.124	0.112	0.109	0.113	0.103	0.105	0.104	0.128	0.125	0.125	0.118	0.118	0.114	0.105	0.104	0.108	0.100	0.102	0.103	0.127	0.132	0.125	0.122	0.120	0.110	0.105	0.103	0.110	0.104	0.105	0.099	0.122	0.124	0.124	0.120	0.116	0.114	0.102	0.105	0.108	0.101	0.103	0.100	0.121	0.127	0.122	0.117	0.112	0.112	0.102	0.102	0.105	0.101	0.103	0.099
6:14:16	30.1	0.140	0.135	0.138	0.129	0.127	0.120	0.107	0.111	0.110	0.107	0.106	0.105	0.138	0.109	0.112	0.108	0.106	0.107	0.103	0.106	0.108	0.101	0.103	0.108	0.127	0.119	0.116	0.117	0.111	0.112	0.106	0.118	0.116	0.103	0.104	0.104	0.143	0.132	0.138	0.121	0.121	0.125	0.112	0.109	0.113	0.103	0.106	0.104	0.134	0.130	0.131	0.121	0.120	0.117	0.105	0.104	0.109	0.100	0.102	0.103	0.130	0.135	0.129	0.124	0.122	0.111	0.105	0.104	0.110	0.104	0.105	0.099	0.127	0.128	0.129	0.124	0.119	0.117	0.102	0.105	0.108	0.101	0.103	0.100	0.125	0.131	0.125	0.119	0.114	0.114	0.102	0.102	0.105	0.101	0.103	0.099
6:29:16	30.1	0.147	0.141	0.144	0.134	0.130	0.122	0.107	0.111	0.110	0.107	0.106	0.105	0.150	0.110	0.114	0.109	0.107	0.107	0.103	0.106	0.109	0.101	0.103	0.108	0.129	0.121	0.118	0.119	0.112	0.113	0.106	0.119	0.116	0.103	0.104	0.104	0.148	0.136	0.143	0.122	0.122	0.126	0.112	0.109	0.113	0.103	0.105	0.104	0.139	0.135	0.137	0.125	0.124	0.120	0.105	0.104	0.109	0.100	0.102	0.103	0.134	0.139	0.133	0.125	0.123	0.112	0.105	0.103	0.111	0.104	0.105	0.099	0.131	0.133	0.134	0.127	0.122	0.119	0.102	0.105	0.108	0.101	0.103	0.100	0.130	0.135	0.128	0.122	0.116	0.117	0.103	0.102	0.105	0.101	0.103	0.099
6:44:16	30.1	0.154	0.148	0.151	0.138	0.135	0.126	0.107	0.111	0.110	0.107	0.107	0.105	0.154	0.111	0.115	0.110	0.107	0.108	0.104	0.107	0.109	0.101	0.104	0.108	0.132	0.124	0.120	0.121	0.113	0.115	0.107	0.120	0.117	0.104	0.104	0.104	0.154	0.141	0.149	0.124	0.124	0.128	0.112	0.109	0.113	0.103	0.105	0.104	0.146	0.142	0.143	0.129	0.127	0.124	0.105	0.104	0.109	0.100	0.103	0.103	0.139	0.144	0.137	0.127	0.126	0.114	0.105	0.104	0.111	0.104	0.105	0.099	0.137	0.139	0.140	0.132	0.126	0.123	0.102	0.105	0.108	0.101	0.103	0.100	0.135	0.140	0.132	0.126	0.119	0.120	0.103	0.102	0.105	0.101	0.103	0.099
6:59:16	30.1	0.164	0.156	0.160	0.142	0.139	0.129	0.107	0.111	0.110	0.107	0.107	0.105	0.156	0.112	0.116	0.111	0.108	0.109	0.104	0.107	0.110	0.101	0.104	0.109	0.136	0.127	0.123	0.123	0.115	0.117	0.107	0.121	0.119	0.104	0.105	0.104	0.161	0.146	0.156	0.126	0.126	0.130	0.112	0.109	0.113	0.103	0.105	0.104	0.154	0.150	0.152	0.133	0.132	0.128	0.105	0.104	0.109	0.100	0.103	0.103	0.144	0.150	0.142	0.129	0.127	0.115	0.105	0.104	0.111	0.104	0.105	0.099	0.143	0.145	0.147	0.137	0.131	0.127	0.102	0.105	0.108	0.101	0.103	0.100	0.141	0.146	0.137	0.129	0.123	0.124	0.103	0.102	0.105	0.101	0.103	0.100
7:14:16	30.1	0.174	0.165	0.169	0.147	0.144	0.133	0.107	0.111	0.110	0.107	0.107	0.105	0.158	0.114	0.118	0.112	0.109	0.110	0.104	0.107	0.110	0.101	0.104	0.109	0.140	0.131	0.125	0.125	0.117	0.119	0.108	0.122	0.120	0.104	0.105	0.104	0.168	0.153	0.164	0.128	0.128	0.131	0.112	0.109	0.113	0.103	0.106	0.104	0.164	0.160	0.162	0.138	0.136	0.132	0.105	0.104	0.110	0.100	0.103	0.103	0.149	0.156	0.147	0.131	0.130	0.116	0.105	0.104	0.111	0.104	0.105	0.099	0.150	0.153	0.156	0.142	0.135	0.131	0.102	0.105	0.109	0.101	0.103	0.100	0.148	0.153	0.142	0.133	0.127	0.127	0.103	0.102	0.105	0.101	0.103	0.099
7:29:16	30.1	0.187	0.177	0.180	0.153	0.148	0.137	0.108	0.111	0.111	0.107	0.107	0.105	0.160	0.115	0.120	0.113	0.110	0.111	0.104	0.108	0.110	0.101	0.104	0.109	0.144	0.135	0.129	0.128	0.118	0.121	0.108	0.123	0.121	0.104	0.105	0.104	0.177	0.160	0.173	0.131	0.130	0.133	0.112	0.109	0.113	0.103	0.105	0.104	0.175	0.171	0.174	0.144	0.141	0.137	0.105	0.104	0.110	0.100	0.103	0.103	0.155	0.164	0.153	0.133	0.132	0.118	0.105	0.104	0.112	0.104	0.105	0.099	0.160	0.162	0.165	0.148	0.141	0.135	0.102	0.105	0.109	0.101	0.103	0.100	0.157	0.162	0.149	0.138	0.132	0.132	0.103	0.102	0.106	0.101	0.103	0.100
7:44:16	30.1	0.201	0.189	0.193	0.159	0.154	0.142	0.108	0.112	0.111	0.107	0.107	0.105	0.165	0.117	0.122	0.114	0.111	0.112	0.105	0.109	0.111	0.101	0.104	0.109	0.149	0.139	0.133	0.131	0.120	0.123	0.109	0.123	0.122	0.104	0.105	0.104	0.187	0.169	0.183	0.133	0.132	0.135	0.112	0.109	0.113	0.103	0.105	0.104	0.189	0.183	0.188	0.151	0.148	0.143	0.106	0.104	0.110	0.100	0.103	0.103	0.162	0.171	0.160	0.136	0.134	0.120	0.106	0.104	0.112	0.104	0.105	0.099	0.171	0.172	0.177	0.156	0.148	0.141	0.102	0.105	0.109	0.101	0.103	0.100	0.166	0.171	0.157	0.143	0.137	0.137	0.102	0.102	0.106	0.101	0.103	0.099
7:59:16	30.1	0.218	0.203	0.208	0.166	0.160	0.147	0.108	0.112	0.111	0.107	0.107	0.105	0.167	0.120	0.125	0.115	0.112	0.113	0.105	0.110	0.111	0.102	0.104	0.110	0.156	0.145	0.138	0.134	0.122	0.126	0.109	0.124	0.123	0.104	0.106	0.105	0.199	0.179	0.195	0.136	0.135	0.138	0.112	0.109	0.113	0.103	0.106	0.104	0.204	0.198	0.203	0.159	0.155	0.150	0.106	0.104	0.110	0.101	0.103	0.103	0.170	0.180	0.168	0.138	0.137	0.122	0.106	0.104	0.112	0.104	0.105	0.099	0.184	0.184	0.191	0.165	0.155	0.147	0.102	0.105	0.109	0.101	0.103	0.100	0.177	0.183	0.166	0.149	0.143	0.142	0.102	0.102	0.106	0.101	0.103	0.100
8:14:16	30.1	0.236	0.220	0.225	0.173	0.167	0.152	0.108	0.112	0.111	0.107	0.107	0.105	0.171	0.122	0.128	0.116	0.113	0.114	0.105	0.111	0.112	0.102	0.104	0.110	0.163	0.151	0.143	0.138	0.125	0.129	0.110	0.125	0.124	0.104	0.106	0.105	0.213	0.190	0.209	0.139	0.137	0.140	0.112	0.109	0.113	0.103	0.106	0.104	0.222	0.215	0.221	0.169	0.164	0.158	0.106	0.105	0.110	0.100	0.103	0.103	0.179	0.191	0.177	0.141	0.140	0.124	0.106	0.104	0.112	0.104	0.105	0.099	0.198	0.198	0.207	0.174	0.164	0.154	0.102	0.105	0.109	0.101	0.103	0.100	0.190	0.195	0.176	0.157	0.149	0.148	0.103	0.102	0.106	0.101	0.103	0.100
8:29:16	30.1	0.257	0.239	0.244	0.181	0.174	0.158	0.108	0.112	0.111	0.108	0.107	0.105	0.180	0.125	0.132	0.117	0.115	0.116	0.105	0.112	0.112	0.102	0.104	0.110	0.171	0.159	0.149	0.141	0.127	0.132	0.110	0.126	0.125	0.104	0.106	0.105	0.228	0.203	0.224	0.142	0.140	0.142	0.112	0.109	0.113	0.103	0.106	0.104	0.242	0.235	0.242	0.179	0.172	0.167	0.106	0.105	0.111	0.101	0.103	0.103	0.189	0.202	0.186	0.144	0.143	0.126	0.106	0.104	0.113	0.104	0.105	0.099	0.216	0.214	0.227	0.185	0.173	0.164	0.103	0.105	0.110	0.101	0.103	0.100	0.204	0.210	0.189	0.165	0.156	0.155	0.103	0.102	0.106	0.101	0.103	0.100
8:44:16	30.1	0.280	0.259	0.265	0.191	0.182	0.164	0.108	0.112	0.112	0.107	0.107	0.105	0.188	0.129	0.136	0.119	0.116	0.117	0.106	0.112	0.112	0.102	0.105	0.110	0.180	0.167	0.156	0.145	0.130	0.136	0.110	0.127	0.126	0.105	0.106	0.105	0.245	0.217	0.241	0.145	0.143	0.145	0.112	0.109	0.113	0.103	0.106	0.104	0.265	0.258	0.266	0.190	0.183	0.177	0.106	0.105	0.111	0.100	0.103	0.103	0.201	0.214	0.197	0.147	0.146	0.128	0.106	0.104	0.113	0.104	0.105	0.099	0.235	0.232	0.248	0.198	0.184	0.173	0.102	0.105	0.110	0.101	0.103	0.100	0.221	0.228	0.203	0.174	0.165	0.163	0.103	0.102	0.106	0.101	0.103	0.100
8:59:16	30.1	0.306	0.283	0.289	0.201	0.190	0.172	0.108	0.112	0.112	0.107	0.107	0.105	0.199	0.133	0.141	0.120	0.118	0.119	0.106	0.112	0.113	0.102	0.105	0.110	0.190	0.177	0.164	0.149	0.133	0.139	0.111	0.127	0.127	0.105	0.106	0.105	0.265	0.233	0.260	0.149	0.146	0.148	0.112	0.109	0.113	0.103	0.105	0.104	0.291	0.283	0.293	0.203	0.196	0.188	0.106	0.105	0.111	0.100	0.102	0.103	0.213	0.229	0.209	0.150	0.150	0.130	0.106	0.104	0.113	0.104	0.105	0.099	0.257	0.253	0.272	0.213	0.196	0.184	0.102	0.105	0.110	0.101	0.103	0.100	0.240	0.246	0.220	0.184	0.174	0.172	0.103	0.102	0.106	0.101	0.103	0.099
9:14:16	30.1	0.336	0.309	0.316	0.211	0.200	0.180	0.108	0.112	0.112	0.107	0.107	0.105	0.212	0.138	0.146	0.122	0.119	0.120	0.106	0.113	0.113	0.102	0.105	0.110	0.203	0.188	0.174	0.154	0.137	0.143	0.111	0.128	0.128	0.105	0.107	0.105	0.287	0.251	0.281	0.153	0.150	0.151	0.112	0.109	0.113	0.103	0.106	0.104	0.323	0.313	0.324	0.219	0.210	0.202	0.106	0.105	0.111	0.100	0.103	0.103	0.227	0.245	0.223	0.153	0.154	0.133	0.106	0.104	0.113	0.104	0.105	0.099	0.286	0.277	0.301	0.230	0.210	0.197	0.102	0.105	0.110	0.101	0.103	0.100	0.261	0.269	0.239	0.196	0.185	0.183	0.103	0.102	0.106	0.101	0.103	0.099
9:29:16	30.1	0.368	0.338	0.346	0.223	0.211	0.188	0.108	0.112	0.112	0.107	0.107	0.105	0.222	0.144	0.152	0.124	0.121	0.122	0.106	0.114	0.114	0.102	0.105	0.111	0.217	0.201	0.185	0.160	0.141	0.148	0.112	0.129	0.129	0.105	0.107	0.105	0.311	0.272	0.306	0.156	0.153	0.154	0.112	0.109	0.113	0.103	0.105	0.104	0.357	0.347	0.359	0.236	0.225	0.217	0.106	0.105	0.111	0.100	0.103	0.103	0.243	0.261	0.238	0.157	0.158	0.136	0.106	0.104	0.114	0.104	0.105	0.099	0.317	0.304	0.341	0.250	0.227	0.212	0.102	0.105	0.110	0.101	0.103	0.100	0.285	0.294	0.261	0.209	0.198	0.195	0.103	0.102	0.106	0.101	0.103	0.099
9:44:16	30.1	0.403	0.371	0.380	0.237	0.223	0.198	0.108	0.112	0.112	0.107	0.107	0.105	0.233	0.150	0.160	0.126	0.123	0.124	0.107	0.114	0.114	0.102	0.105	0.111	0.233	0.215	0.197	0.166	0.145	0.153	0.112	0.129	0.130	0.105	0.107	0.106	0.340	0.295	0.333	0.161	0.157	0.158	0.112	0.109	0.113	0.103	0.106	0.104	0.395	0.384	0.399	0.257	0.243	0.235	0.106	0.105	0.111	0.100	0.103	0.103	0.260	0.281	0.255	0.161	0.163	0.139	0.106	0.104	0.114	0.104	0.105	0.099	0.349	0.335	0.379	0.272	0.245	0.229	0.103	0.105	0.111	0.101	0.103	0.100	0.313	0.324	0.286	0.224	0.213	0.210	0.103	0.102	0.106	0.101	0.103	0.099
9:59:16	30.1	0.442	0.406	0.417	0.252	0.236	0.208	0.108	0.112	0.112	0.107	0.106	0.105	0.247	0.157	0.168	0.128	0.126	0.126	0.107	0.114	0.115	0.102	0.105	0.111	0.251	0.232	0.212	0.172	0.149	0.158	0.113	0.130	0.131	0.105	0.107	0.106	0.370	0.320	0.363	0.165	0.161	0.161	0.112	0.109	0.113	0.102	0.105	0.104	0.438	0.427	0.443	0.280	0.265	0.254	0.106	0.105	0.112	0.100	0.103	0.103	0.279	0.302	0.273	0.166	0.167	0.142	0.106	0.104	0.114	0.104	0.105	0.099	0.388	0.370	0.420	0.298	0.268	0.249	0.103	0.105	0.111	0.101	0.103	0.100	0.343	0.358	0.316	0.241	0.229	0.226	0.103	0.102	0.106	0.101	0.103	0.099
10:14:16	30.1	0.484	0.445	0.457	0.268	0.250	0.220	0.108	0.112	0.112	0.107	0.107	0.105	0.269	0.166	0.177	0.130	0.128	0.128	0.107	0.115	0.115	0.102	0.105	0.111	0.272	0.251	0.228	0.179	0.154	0.164	0.113	0.131	0.132	0.105	0.107	0.106	0.406	0.349	0.397	0.170	0.166	0.166	0.112	0.109	0.113	0.103	0.105	0.104	0.485	0.473	0.492	0.305	0.288	0.277	0.106	0.105	0.112	0.100	0.103	0.103	0.300	0.325	0.294	0.170	0.172	0.146	0.106	0.104	0.114	0.104	0.105	0.099	0.431	0.410	0.468	0.328	0.292	0.270	0.103	0.105	0.111	0.101	0.103	0.100	0.378	0.396	0.351	0.261	0.247	0.243	0.103	0.102	0.106	0.101	0.103	0.099
10:29:16	30.1	0.531	0.488	0.500	0.286	0.266	0.233	0.108	0.112	0.113	0.107	0.107	0.105	0.288	0.176	0.188	0.133	0.130	0.130	0.107	0.115	0.115	0.102	0.105	0.111	0.295	0.273	0.248	0.188	0.160	0.172	0.114	0.131	0.134	0.105	0.107	0.106	0.443	0.381	0.433	0.176	0.170	0.170	0.112	0.109	0.113	0.103	0.106	0.104	0.537	0.524	0.544	0.335	0.316	0.304	0.106	0.105	0.112	0.100	0.103	0.103	0.323	0.351	0.316	0.175	0.177	0.149	0.106	0.104	0.115	0.104	0.105	0.099	0.478	0.454	0.521	0.361	0.322	0.297	0.103	0.105	0.111	0.101	0.103	0.100	0.416	0.440	0.389	0.284	0.270	0.264	0.103	0.102	0.107	0.101	0.103	0.099
10:44:16	30.1	0.578	0.535	0.548	0.306	0.284	0.247	0.108	0.112	0.113	0.107	0.107	0.105	0.309	0.189	0.201	0.135	0.133	0.133	0.107	0.115	0.116	0.102	0.105	0.111	0.321	0.296	0.268	0.196	0.166	0.178	0.114	0.132	0.135	0.105	0.107	0.106	0.483	0.416	0.475	0.181	0.176	0.175	0.112	0.109	0.113	0.102	0.105	0.104	0.593	0.580	0.603	0.368	0.346	0.333	0.106	0.105	0.112	0.100	0.102	0.103	0.348	0.379	0.341	0.180	0.183	0.153	0.106	0.104	0.115	0.104	0.105	0.099	0.530	0.503	0.578	0.401	0.357	0.328	0.103	0.105	0.111	0.101	0.103	0.100	0.459	0.486	0.431	0.309	0.293	0.289	0.103	0.102	0.107	0.101	0.103	0.099
10:59:16	30.1	0.629	0.582	0.598	0.328	0.303	0.262	0.108	0.112	0.113	0.107	0.106	0.105	0.335	0.201	0.214	0.138	0.136	0.136	0.108	0.115	0.116	0.102	0.105	0.111	0.351	0.324	0.291	0.205	0.173	0.186	0.114	0.132	0.136	0.105	0.107	0.106	0.529	0.454	0.519	0.187	0.181	0.180	0.112	0.109	0.113	0.103	0.105	0.104	0.652	0.640	0.666	0.404	0.382	0.366	0.106	0.105	0.113	0.100	0.102	0.103	0.376	0.409	0.368	0.186	0.189	0.157	0.106	0.104	0.115	0.104	0.105	0.099	0.586	0.556	0.637	0.444	0.396	0.363	0.102	0.105	0.111	0.101	0.103	0.100	0.507	0.537	0.478	0.337	0.321	0.314	0.103	0.102	0.107	0.101	0.103	0.099
11:14:16	30.1	0.681	0.635	0.650	0.354	0.324	0.279	0.108	0.112	0.113	0.107	0.106	0.105	0.362	0.215	0.230	0.141	0.140	0.139	0.108	0.115	0.116	0.102	0.105	0.111	0.383	0.354	0.318	0.217	0.181	0.195	0.115	0.133	0.137	0.105	0.108	0.106	0.578	0.495	0.567	0.194	0.187	0.185	0.112	0.109	0.113	0.103	0.105	0.104	0.714	0.701	0.730	0.443	0.421	0.404	0.106	0.105	0.113	0.100	0.103	0.103	0.407	0.443	0.398	0.192	0.196	0.162	0.106	0.104	0.115	0.104	0.105	0.099	0.646	0.613	0.701	0.495	0.440	0.407	0.102	0.105	0.111	0.101	0.103	0.100	0.559	0.592	0.530	0.369	0.352	0.345	0.103	0.102	0.107	0.101	0.103	0.099
11:29:16	30.1	0.737	0.687	0.706	0.381	0.348	0.297	0.108	0.112	0.113	0.107	0.107	0.105	0.397	0.230	0.248	0.145	0.143	0.142	0.108	0.116	0.117	0.102	0.105	0.112	0.419	0.387	0.347	0.229	0.189	0.205	0.115	0.133	0.138	0.105	0.108	0.106	0.628	0.541	0.619	0.202	0.193	0.191	0.112	0.109	0.113	0.103	0.105	0.104	0.778	0.765	0.795	0.485	0.466	0.448	0.107	0.105	0.113	0.100	0.103	0.103	0.441	0.480	0.431	0.199	0.203	0.167	0.106	0.104	0.115	0.104	0.105	0.099	0.708	0.673	0.768	0.549	0.485	0.456	0.103	0.105	0.112	0.101	0.103	0.100	0.615	0.653	0.587	0.406	0.387	0.382	0.103	0.102	0.107	0.101	0.103	0.099
11:44:16	30.1	0.793	0.743	0.762	0.411	0.374	0.318	0.108	0.113	0.114	0.107	0.107	0.105	0.434	0.249	0.267	0.149	0.147	0.145	0.108	0.116	0.117	0.102	0.105	0.112	0.460	0.426	0.379	0.242	0.199	0.217	0.116	0.134	0.140	0.105	0.108	0.106	0.683	0.591	0.673	0.210	0.200	0.198	0.112	0.109	0.113	0.103	0.105	0.104	0.841	0.827	0.860	0.534	0.515	0.496	0.107	0.105	0.114	0.100	0.103	0.103	0.476	0.521	0.467	0.206	0.211	0.172	0.106	0.105	0.116	0.104	0.105	0.099	0.771	0.736	0.835	0.603	0.535	0.505	0.103	0.105	0.112	0.101	0.103	0.100	0.674	0.714	0.648	0.449	0.429	0.421	0.103	0.102	0.107	0.101	0.103	0.100
11:59:16	30.1	0.848	0.800	0.820	0.441	0.403	0.340	0.108	0.113	0.114	0.107	0.107	0.105	0.472	0.271	0.290	0.154	0.151	0.149	0.108	0.116	0.117	0.103	0.105	0.112	0.503	0.465	0.415	0.257	0.209	0.229	0.116	0.135	0.141	0.105	0.108	0.106	0.740	0.642	0.728	0.219	0.208	0.205	0.112	0.109	0.113	0.103	0.105	0.104	0.905	0.891	0.925	0.583	0.567	0.550	0.107	0.106	0.114	0.100	0.103	0.103	0.515	0.560	0.505	0.214	0.219	0.178	0.106	0.105	0.116	0.104	0.105	0.099	0.837	0.802	0.902	0.663	0.592	0.561	0.103	0.105	0.112	0.101	0.103	0.100	0.736	0.777	0.709	0.497	0.479	0.463	0.103	0.102	0.107	0.101	0.103	0.100
12:14:16	30.1	0.905	0.858	0.877	0.476	0.434	0.366	0.108	0.113	0.114	0.107	0.106	0.105	0.514	0.294	0.315	0.159	0.156	0.154	0.109	0.116	0.117	0.103	0.105	0.112	0.547	0.507	0.454	0.274	0.221	0.243	0.117	0.135	0.143	0.105	0.108	0.106	0.796	0.697	0.786	0.228	0.217	0.213	0.112	0.109	0.113	0.103	0.106	0.104	0.967	0.956	0.986	0.637	0.626	0.605	0.107	0.106	0.114	0.100	0.102	0.103	0.556	0.604	0.547	0.222	0.228	0.184	0.106	0.105	0.116	0.104	0.105	0.099	0.900	0.864	0.963	0.723	0.653	0.621	0.103	0.105	0.112	0.101	0.103	0.100	0.797	0.840	0.773	0.549	0.532	0.510	0.103	0.102	0.107	0.101	0.103	0.099
12:29:16	30.0	0.960	0.915	0.934	0.513	0.467	0.395	0.108	0.113	0.114	0.107	0.106	0.105	0.558	0.321	0.343	0.164	0.161	0.158	0.109	0.117	0.118	0.102	0.105	0.112	0.597	0.554	0.498	0.293	0.233	0.258	0.117	0.136	0.144	0.105	0.108	0.106	0.854	0.753	0.845	0.239	0.226	0.222	0.112	0.109	0.113	0.103	0.105	0.104	1.027	1.014	1.047	0.693	0.685	0.663	0.107	0.106	0.115	0.100	0.103	0.103	0.600	0.652	0.592	0.231	0.239	0.191	0.106	0.105	0.116	0.104	0.105	0.099	0.961	0.927	1.023	0.783	0.714	0.683	0.103	0.105	0.112	0.101	0.103	0.100	0.857	0.904	0.842	0.603	0.591	0.563	0.103	0.102	0.107	0.101	0.103	0.099
12:44:16	30.1	1.012	0.970	0.989	0.555	0.505	0.427	0.108	0.113	0.114	0.107	0.106	0.105	0.606	0.350	0.374	0.170	0.167	0.164	0.109	0.117	0.118	0.103	0.105	0.112	0.648	0.606	0.543	0.315	0.248	0.275	0.117	0.136	0.146	0.105	0.108	0.106	0.911	0.811	0.904	0.251	0.237	0.231	0.112	0.109	0.113	0.103	0.106	0.104	1.083	1.072	1.102	0.754	0.745	0.722	0.107	0.106	0.115	0.100	0.103	0.103	0.647	0.701	0.640	0.241	0.250	0.199	0.106	0.105	0.117	0.104	0.105	0.099	1.019	0.988	1.076	0.848	0.779	0.744	0.103	0.105	0.113	0.101	0.103	0.100	0.918	0.963	0.905	0.657	0.653	0.616	0.103	0.102	0.107	0.101	0.103	0.099
12:59:16	30.1	1.064	1.024	1.044	0.598	0.546	0.462	0.108	0.113	0.115	0.107	0.106	0.105	0.659	0.385	0.408	0.176	0.173	0.169	0.109	0.117	0.119	0.102	0.105	0.112	0.704	0.657	0.593	0.339	0.265	0.294	0.118	0.136	0.148	0.105	0.108	0.106	0.970	0.869	0.961	0.265	0.248	0.241	0.112	0.109	0.113	0.102	0.105	0.104	1.134	1.124	1.152	0.813	0.809	0.786	0.107	0.106	0.115	0.100	0.102	0.103	0.694	0.749	0.688	0.252	0.262	0.207	0.106	0.105	0.117	0.104	0.105	0.099	1.074	1.046	1.129	0.909	0.844	0.809	0.102	0.105	0.113	0.101	0.103	0.100	0.975	1.020	0.972	0.717	0.713	0.675	0.103	0.102	0.107	0.101	0.103	0.099
13:14:16	30.0	1.113	1.075	1.096	0.643	0.588	0.501	0.109	0.113	0.115	0.107	0.106	0.105	0.712	0.423	0.445	0.183	0.181	0.176	0.109	0.117	0.119	0.103	0.105	0.112	0.762	0.714	0.647	0.365	0.284	0.316	0.118	0.137	0.150	0.105	0.108	0.106	1.025	0.927	1.017	0.280	0.262	0.253	0.112	0.109	0.113	0.103	0.105	0.104	1.175	1.167	1.194	0.873	0.871	0.848	0.107	0.106	0.116	0.100	0.102	0.103	0.746	0.801	0.739	0.263	0.275	0.216	0.106	0.105	0.117	0.104	0.105	0.099	1.119	1.097	1.173	0.968	0.906	0.867	0.103	0.105	0.113	0.101	0.103	0.100	1.031	1.072	1.028	0.777	0.778	0.736	0.103	0.102	0.107	0.101	0.103	0.099
13:29:16	30.1	1.157	1.124	1.144	0.690	0.634	0.542	0.109	0.113	0.115	0.107	0.106	0.105	0.779	0.464	0.486	0.191	0.189	0.183	0.109	0.117	0.119	0.103	0.105	0.112	0.820	0.771	0.700	0.393	0.305	0.339	0.119	0.138	0.152	0.105	0.108	0.106	1.077	0.983	1.069	0.295	0.276	0.267	0.112	0.109	0.113	0.103	0.105	0.104	1.204	1.199	1.222	0.932	0.934	0.910	0.107	0.106	0.116	0.100	0.102	0.103	0.797	0.854	0.790	0.278	0.289	0.226	0.106	0.105	0.117	0.104	0.105	0.099	1.154	1.142	1.207	1.020	0.968	0.924	0.103	0.105	0.113	0.101	0.103	0.100	1.083	1.121	1.082	0.835	0.845	0.794	0.103	0.102	0.107	0.101	0.103	0.099
13:44:16	30.1	1.201	1.171	1.189	0.742	0.684	0.587	0.109	0.113	0.115	0.107	0.107	0.105	0.835	0.509	0.529	0.200	0.198	0.192	0.110	0.117	0.120	0.103	0.105	0.112	0.880	0.830	0.758	0.424	0.328	0.364	0.119	0.138	0.154	0.105	0.108	0.106	1.123	1.036	1.113	0.313	0.292	0.282	0.112	0.109	0.113	0.103	0.106	0.104	1.225	1.222	1.244	0.989	0.993	0.967	0.107	0.106	0.117	0.100	0.103	0.103	0.850	0.906	0.841	0.291	0.304	0.236	0.106	0.105	0.118	0.104	0.105	0.099	1.177	1.173	1.230	1.063	1.019	0.979	0.103	0.105	0.113	0.101	0.103	0.100	1.129	1.168	1.133	0.895	0.909	0.850	0.103	0.102	0.108	0.101	0.103	0.100
13:59:16	30.1	1.237	1.211	1.231	0.790	0.731	0.635	0.109	0.113	0.116	0.107	0.107	0.105	0.899	0.556	0.577	0.209	0.208	0.201	0.110	0.118	0.120	0.103	0.105	0.112	0.939	0.890	0.816	0.455	0.355	0.394	0.120	0.139	0.156	0.105	0.108	0.106	1.160	1.078	1.149	0.333	0.310	0.298	0.112	0.109	0.113	0.103	0.106	0.104	1.240	1.238	1.258	1.037	1.045	1.019	0.108	0.106	0.117	0.100	0.103	0.103	0.901	0.960	0.896	0.308	0.322	0.248	0.106	0.105	0.118	0.104	0.105	0.099	1.193	1.195	1.245	1.096	1.059	1.022	0.103	0.105	0.114	0.101	0.103	0.100	1.165	1.204	1.173	0.954	0.968	0.910	0.103	0.102	0.108	0.101	0.103	0.099
14:14:16	30.1	1.268	1.248	1.266	0.841	0.782	0.683	0.109	0.113	0.116	0.107	0.107	0.105	0.964	0.604	0.626	0.220	0.218	0.211	0.110	0.118	0.121	0.102	0.105	0.112	0.995	0.948	0.877	0.491	0.383	0.425	0.121	0.140	0.158	0.105	0.108	0.106	1.187	1.112	1.175	0.354	0.329	0.316	0.112	0.109	0.114	0.103	0.105	0.104	1.250	1.248	1.268	1.072	1.084	1.059	0.108	0.106	0.118	0.100	0.103	0.103	0.954	1.007	0.944	0.326	0.342	0.261	0.106	0.105	0.118	0.104	0.105	0.099	1.205	1.208	1.255	1.119	1.089	1.052	0.103	0.105	0.114	0.101	0.103	0.100	1.191	1.227	1.202	1.002	1.019	0.966	0.103	0.102	0.108	0.101	0.103	0.099
14:29:16	30.1	1.290	1.275	1.293	0.889	0.833	0.734	0.109	0.113	0.116	0.107	0.106	0.105	1.030	0.658	0.681	0.233	0.231	0.223	0.110	0.118	0.121	0.102	0.105	0.112	1.047	1.001	0.936	0.530	0.414	0.459	0.121	0.141	0.161	0.105	0.108	0.106	1.207	1.136	1.195	0.378	0.350	0.336	0.112	0.109	0.114	0.103	0.105	0.104	1.256	1.257	1.275	1.099	1.114	1.090	0.108	0.107	0.118	0.100	0.103	0.103	1.002	1.055	0.994	0.346	0.363	0.275	0.107	0.105	0.118	0.104	0.105	0.099	1.212	1.220	1.264	1.136	1.113	1.074	0.103	0.105	0.114	0.101	0.103	0.100	1.208	1.244	1.222	1.037	1.062	1.013	0.103	0.102	0.108	0.101	0.103	0.099
14:44:16	30.1	1.306	1.296	1.313	0.938	0.883	0.786	0.109	0.113	0.116	0.107	0.106	0.105	1.084	0.713	0.736	0.246	0.245	0.235	0.110	0.119	0.121	0.102	0.105	0.112	1.088	1.049	0.982	0.571	0.448	0.495	0.122	0.141	0.163	0.105	0.108	0.106	1.221	1.156	1.209	0.404	0.372	0.356	0.112	0.109	0.113	0.103	0.105	0.104	1.261	1.263	1.280	1.120	1.135	1.113	0.108	0.107	0.119	0.100	0.103	0.103	1.046	1.096	1.036	0.366	0.386	0.291	0.107	0.105	0.118	0.104	0.105	0.099	1.217	1.226	1.270	1.149	1.129	1.091	0.103	0.105	0.114	0.101	0.103	0.100	1.221	1.255	1.235	1.064	1.093	1.048	0.103	0.102	0.108	0.101	0.103	0.100
14:59:16	30.1	1.318	1.310	1.327	0.985	0.935	0.837	0.109	0.114	0.117	0.107	0.106	0.105	1.141	0.769	0.790	0.259	0.262	0.249	0.111	0.119	0.122	0.102	0.105	0.112	1.120	1.083	1.020	0.613	0.487	0.534	0.122	0.142	0.166	0.105	0.107	0.106	1.230	1.169	1.218	0.433	0.399	0.380	0.112	0.109	0.114	0.103	0.105	0.104	1.265	1.266	1.284	1.135	1.154	1.131	0.108	0.107	0.119	0.100	0.103	0.103	1.075	1.129	1.068	0.387	0.410	0.307	0.107	0.105	0.119	0.104	0.105	0.099	1.222	1.230	1.273	1.158	1.143	1.102	0.103	0.105	0.114	0.101	0.103	0.100	1.229	1.264	1.245	1.084	1.118	1.071	0.103	0.102	0.108	0.101	0.103	0.099
15:14:16	30.0	1.326	1.319	1.337	1.033	0.982	0.888	0.109	0.114	0.117	0.107	0.107	0.105	1.188	0.824	0.848	0.275	0.279	0.265	0.111	0.119	0.122	0.102	0.105	0.112	1.140	1.107	1.048	0.662	0.527	0.577	0.123	0.143	0.169	0.105	0.107	0.106	1.237	1.178	1.225	0.465	0.426	0.407	0.112	0.109	0.114	0.103	0.105	0.104	1.267	1.269	1.287	1.145	1.167	1.142	0.108	0.107	0.120	0.100	0.103	0.103	1.098	1.153	1.091	0.412	0.438	0.327	0.107	0.105	0.119	0.104	0.105	0.099	1.225	1.234	1.276	1.165	1.152	1.110	0.103	0.105	0.114	0.101	0.103	0.100	1.236	1.269	1.249	1.098	1.134	1.089	0.103	0.102	0.108	0.101	0.103	0.099
15:29:16	30.1	1.330	1.326	1.343	1.073	1.029	0.937	0.109	0.114	0.117	0.107	0.106	0.105	1.227	0.881	0.904	0.295	0.298	0.281	0.111	0.119	0.123	0.102	0.105	0.112	1.156	1.123	1.064	0.712	0.570	0.625	0.124	0.143	0.172	0.105	0.107	0.106	1.242	1.185	1.229	0.499	0.457	0.434	0.112	0.109	0.114	0.103	0.105	0.104	1.268	1.271	1.290	1.154	1.178	1.152	0.108	0.107	0.121	0.100	0.102	0.103	1.115	1.171	1.109	0.438	0.468	0.350	0.107	0.105	0.119	0.104	0.105	0.099	1.226	1.237	1.280	1.171	1.159	1.116	0.103	0.105	0.115	0.101	0.103	0.100	1.240	1.272	1.255	1.108	1.147	1.103	0.103	0.102	0.108	0.101	0.103	0.099
15:44:16	30.1	1.334	1.331	1.347	1.110	1.072	0.985	0.109	0.114	0.117	0.107	0.107	0.105	1.253	0.937	0.957	0.316	0.319	0.301	0.111	0.119	0.123	0.102	0.105	0.112	1.168	1.136	1.079	0.764	0.617	0.673	0.125	0.144	0.176	0.105	0.107	0.106	1.245	1.190	1.233	0.535	0.490	0.466	0.112	0.109	0.114	0.103	0.105	0.104	1.270	1.272	1.291	1.159	1.186	1.159	0.108	0.107	0.121	0.100	0.103	0.103	1.125	1.182	1.122	0.466	0.500	0.374	0.107	0.105	0.119	0.104	0.105	0.099	1.230	1.240	1.280	1.175	1.166	1.121	0.103	0.105	0.115	0.101	0.103	0.100	1.243	1.275	1.258	1.117	1.159	1.115	0.103	0.102	0.108	0.101	0.103	0.099
15:59:16	30.1	1.337	1.333	1.349	1.141	1.110	1.033	0.109	0.114	0.118	0.107	0.107	0.105	1.276	0.985	1.001	0.339	0.342	0.323	0.111	0.119	0.124	0.102	0.105	0.112	1.176	1.145	1.087	0.818	0.667	0.724	0.125	0.146	0.179	0.105	0.107	0.106	1.247	1.194	1.235	0.577	0.528	0.499	0.112	0.109	0.114	0.103	0.105	0.104	1.271	1.273	1.291	1.164	1.192	1.164	0.108	0.107	0.122	0.100	0.103	0.103	1.132	1.191	1.131	0.496	0.535	0.401	0.107	0.105	0.119	0.104	0.105	0.099	1.232	1.242	1.284	1.179	1.171	1.126	0.103	0.105	0.115	0.101	0.103	0.100	1.246	1.278	1.262	1.123	1.167	1.122	0.103	0.102	0.108	0.101	0.103	0.099
16:14:16	30.1	1.338	1.336	1.351	1.166	1.140	1.068	0.109	0.114	0.118	0.107	0.107	0.105	1.289	1.022	1.034	0.365	0.367	0.349	0.111	0.119	0.124	0.102	0.105	0.112	1.183	1.151	1.094	0.870	0.720	0.774	0.126	0.146	0.183	0.105	0.108	0.106	1.250	1.196	1.235	0.617	0.568	0.535	0.112	0.109	0.114	0.103	0.106	0.104	1.272	1.274	1.292	1.168	1.196	1.167	0.109	0.107	0.123	0.100	0.103	0.103	1.138	1.198	1.138	0.529	0.573	0.431	0.107	0.105	0.119	0.104	0.105	0.099	1.233	1.243	1.286	1.185	1.175	1.129	0.103	0.106	0.115	0.101	0.103	0.100	1.248	1.282	1.264	1.128	1.174	1.128	0.103	0.102	0.108	0.101	0.103	0.100
16:29:16	30.1	1.340	1.338	1.353	1.184	1.163	1.097	0.109	0.114	0.119	0.107	0.107	0.105	1.301	1.049	1.059	0.393	0.396	0.377	0.111	0.120	0.125	0.102	0.105	0.112	1.188	1.157	1.100	0.922	0.775	0.827	0.127	0.147	0.187	0.105	0.107	0.106	1.252	1.197	1.238	0.662	0.608	0.574	0.112	0.109	0.114	0.103	0.105	0.104	1.273	1.274	1.293	1.171	1.200	1.171	0.109	0.108	0.124	0.100	0.103	0.103	1.142	1.202	1.144	0.564	0.615	0.465	0.107	0.105	0.120	0.104	0.105	0.099	1.234	1.245	1.288	1.187	1.178	1.132	0.103	0.105	0.115	0.101	0.103	0.100	1.250	1.283	1.266	1.132	1.179	1.132	0.103	0.102	0.108	0.101	0.103	0.099
16:44:16	30.1	1.341	1.339	1.355	1.197	1.179	1.116	0.110	0.114	0.119	0.107	0.107	0.105	1.308	1.071	1.076	0.424	0.430	0.408	0.112	0.120	0.125	0.102	0.105	0.112	1.191	1.161	1.104	0.967	0.827	0.879	0.128	0.148	0.192	0.105	0.107	0.106	1.252	1.199	1.239	0.707	0.654	0.615	0.112	0.109	0.114	0.103	0.105	0.104	1.274	1.276	1.294	1.174	1.204	1.175	0.109	0.108	0.124	0.100	0.103	0.103	1.144	1.206	1.147	0.605	0.659	0.500	0.107	0.106	0.120	0.104	0.105	0.099	1.235	1.246	1.290	1.189	1.181	1.135	0.103	0.105	0.115	0.101	0.103	0.100	1.251	1.285	1.268	1.135	1.183	1.136	0.103	0.102	0.108	0.101	0.103	0.099
16:59:16	30.1	1.341	1.339	1.355	1.206	1.191	1.132	0.110	0.114	0.119	0.107	0.107	0.105	1.313	1.087	1.087	0.457	0.465	0.443	0.112	0.120	0.126	0.102	0.105	0.112	1.195	1.165	1.109	1.006	0.875	0.927	0.129	0.149	0.197	0.105	0.107	0.106	1.254	1.200	1.240	0.752	0.698	0.658	0.112	0.109	0.114	0.102	0.105	0.104	1.275	1.276	1.295	1.174	1.207	1.179	0.109	0.108	0.125	0.100	0.103	0.103	1.146	1.210	1.149	0.645	0.705	0.537	0.107	0.106	0.120	0.104	0.105	0.099	1.237	1.248	1.292	1.191	1.183	1.136	0.103	0.105	0.115	0.101	0.103	0.100	1.252	1.286	1.270	1.138	1.188	1.139	0.103	0.102	0.108	0.101	0.103	0.099
17:14:16	30.1	1.342	1.342	1.357	1.214	1.202	1.144	0.110	0.114	0.120	0.107	0.107	0.105	1.315	1.099	1.097	0.492	0.503	0.478	0.112	0.120	0.127	0.102	0.106	0.112	1.197	1.167	1.111	1.034	0.916	0.967	0.130	0.150	0.202	0.105	0.107	0.106	1.255	1.200	1.241	0.801	0.746	0.704	0.112	0.109	0.114	0.103	0.106	0.104	1.275	1.277	1.295	1.177	1.210	1.183	0.110	0.108	0.126	0.100	0.103	0.103	1.148	1.212	1.151	0.689	0.751	0.578	0.107	0.106	0.120	0.104	0.105	0.099	1.238	1.249	1.294	1.193	1.186	1.139	0.103	0.106	0.116	0.101	0.103	0.100	1.253	1.288	1.272	1.141	1.190	1.142	0.103	0.102	0.108	0.101	0.103	0.100
17:29:16	30.1	1.342	1.343	1.357	1.218	1.209	1.153	0.110	0.114	0.120	0.107	0.106	0.105	1.318	1.105	1.105	0.533	0.545	0.521	0.112	0.120	0.127	0.102	0.105	0.112	1.200	1.170	1.114	1.054	0.945	0.998	0.131	0.151	0.207	0.105	0.107	0.106	1.255	1.201	1.242	0.848	0.791	0.750	0.112	0.108	0.114	0.102	0.105	0.104	1.276	1.277	1.296	1.178	1.213	1.186	0.110	0.108	0.127	0.100	0.103	0.103	1.149	1.214	1.153	0.734	0.801	0.619	0.107	0.105	0.120	0.104	0.105	0.099	1.239	1.250	1.295	1.194	1.188	1.140	0.103	0.105	0.116	0.101	0.103	0.099	1.254	1.288	1.274	1.143	1.194	1.144	0.103	0.102	0.108	0.101	0.103	0.099
17:44:16	30.1	1.344	1.343	1.357	1.223	1.215	1.160	0.110	0.114	0.121	0.107	0.107	0.105	1.320	1.111	1.111	0.577	0.588	0.565	0.112	0.121	0.128	0.102	0.105	0.112	1.201	1.172	1.116	1.071	0.969	1.022	0.132	0.153	0.212	0.105	0.107	0.106	1.258	1.202	1.242	0.895	0.838	0.797	0.112	0.109	0.114	0.103	0.105	0.104	1.277	1.278	1.296	1.180	1.216	1.188	0.110	0.108	0.128	0.100	0.103	0.103	1.151	1.216	1.154	0.777	0.849	0.663	0.107	0.106	0.121	0.104	0.105	0.099	1.241	1.251	1.297	1.195	1.190	1.141	0.103	0.106	0.116	0.101	0.103	0.100	1.255	1.289	1.276	1.145	1.196	1.147	0.103	0.102	0.108	0.101	0.103	0.099
17:59:16	30.1	1.344	1.344	1.359	1.226	1.219	1.165	0.110	0.114	0.121	0.107	0.106	0.105	1.327	1.117	1.115	0.621	0.636	0.614	0.113	0.121	0.129	0.102	0.105	0.112	1.203	1.174	1.120	1.084	0.986	1.040	0.133	0.154	0.218	0.105	0.107	0.106	1.259	1.203	1.243	0.941	0.884	0.842	0.112	0.109	0.114	0.103	0.105	0.104	1.277	1.278	1.297	1.181	1.220	1.189	0.110	0.108	0.130	0.100	0.103	0.103	1.151	1.217	1.155	0.823	0.897	0.710	0.107	0.106	0.121	0.104	0.105	0.099	1.241	1.252	1.299	1.197	1.192	1.143	0.103	0.105	0.116	0.101	0.103	0.100	1.256	1.291	1.277	1.147	1.199	1.149	0.103	0.102	0.108	0.101	0.103	0.100
18:14:16	30.1	1.344	1.345	1.359	1.229	1.223	1.168	0.110	0.115	0.121	0.107	0.107	0.105	1.329	1.121	1.118	0.674	0.684	0.663	0.113	0.121	0.129	0.102	0.106	0.112	1.205	1.176	1.120	1.094	0.997	1.054	0.134	0.156	0.224	0.105	0.107	0.106	1.260	1.203	1.244	0.981	0.927	0.886	0.112	0.109	0.114	0.102	0.106	0.104	1.277	1.279	1.298	1.183	1.221	1.191	0.110	0.109	0.131	0.100	0.103	0.103	1.152	1.218	1.156	0.864	0.941	0.756	0.107	0.106	0.121	0.104	0.105	0.099	1.242	1.254	1.302	1.200	1.194	1.145	0.103	0.106	0.117	0.101	0.103	0.100	1.258	1.292	1.279	1.149	1.201	1.151	0.103	0.102	0.108	0.101	0.103	0.100
18:29:16	30.0	1.345	1.345	1.360	1.232	1.225	1.171	0.110	0.115	0.122	0.107	0.106	0.105	1.328	1.124	1.122	0.725	0.729	0.718	0.113	0.121	0.130	0.102	0.105	0.112	1.205	1.177	1.121	1.101	1.007	1.063	0.135	0.157	0.231	0.105	0.107	0.106	1.261	1.204	1.244	1.018	0.964	0.925	0.112	0.109	0.114	0.102	0.105	0.104	1.277	1.280	1.297	1.183	1.225	1.193	0.110	0.109	0.132	0.100	0.103	0.103	1.152	1.218	1.156	0.903	0.978	0.798	0.107	0.106	0.121	0.104	0.105	0.099	1.244	1.255	1.305	1.201	1.195	1.145	0.103	0.105	0.117	0.101	0.103	0.099	1.258	1.293	1.281	1.153	1.202	1.153	0.103	0.102	0.108	0.101	0.103	0.100
18:44:16	30.1	1.346	1.346	1.361	1.234	1.228	1.174	0.110	0.115	0.122	0.107	0.107	0.105	1.327	1.128	1.125	0.781	0.778	0.772	0.113	0.121	0.130	0.102	0.106	0.112	1.207	1.178	1.122	1.107	1.014	1.071	0.136	0.159	0.238	0.105	0.107	0.107	1.261	1.205	1.246	1.046	0.994	0.956	0.112	0.108	0.114	0.103	0.106	0.104	1.278	1.280	1.298	1.185	1.230	1.194	0.111	0.109	0.134	0.100	0.103	0.103	1.152	1.219	1.158	0.937	1.010	0.834	0.107	0.106	0.121	0.104	0.105	0.099	1.245	1.255	1.307	1.202	1.197	1.147	0.103	0.106	0.117	0.101	0.103	0.100	1.259	1.296	1.283	1.155	1.202	1.155	0.103	0.102	0.108	0.101	0.103	0.100
18:59:16	30.1	1.346	1.347	1.361	1.236	1.230	1.179	0.110	0.115	0.123	0.107	0.106	0.105	1.332	1.130	1.126	0.832	0.828	0.826	0.113	0.121	0.131	0.102	0.106	0.112	1.208	1.179	1.122	1.112	1.021	1.078	0.137	0.159	0.246	0.105	0.107	0.106	1.262	1.206	1.246	1.069	1.016	0.980	0.112	0.109	0.114	0.103	0.105	0.104	1.279	1.280	1.298	1.187	1.232	1.195	0.111	0.109	0.135	0.100	0.103	0.103	1.152	1.220	1.161	0.965	1.034	0.861	0.107	0.106	0.121	0.104	0.105	0.099	1.246	1.256	1.309	1.204	1.199	1.148	0.103	0.106	0.117	0.101	0.103	0.099	1.260	1.299	1.285	1.156	1.205	1.157	0.103	0.102	0.108	0.101	0.103	0.100
19:14:16	30.0	1.346	1.347	1.361	1.238	1.232	1.182	0.110	0.115	0.123	0.107	0.106	0.105	1.328	1.133	1.129	0.877	0.877	0.876	0.113	0.122	0.132	0.102	0.106	0.112	1.209	1.179	1.125	1.114	1.025	1.083	0.138	0.161	0.255	0.105	0.107	0.106	1.263	1.207	1.247	1.087	1.032	1.000	0.112	0.108	0.114	0.102	0.105	0.104	1.279	1.281	1.299	1.187	1.234	1.196	0.111	0.109	0.136	0.100	0.103	0.103	1.153	1.221	1.161	0.988	1.052	0.884	0.107	0.106	0.121	0.104	0.105	0.099	1.246	1.257	1.309	1.205	1.199	1.149	0.103	0.105	0.117	0.101	0.103	0.099	1.263	1.300	1.287	1.157	1.207	1.158	0.103	0.102	0.108	0.101	0.103	0.099
19:29:16	30.1	1.347	1.348	1.362	1.240	1.234	1.184	0.111	0.115	0.124	0.107	0.107	0.105	1.335	1.134	1.130	0.911	0.923	0.919	0.114	0.122	0.133	0.102	0.106	0.112	1.209	1.180	1.124	1.117	1.028	1.087	0.140	0.163	0.264	0.105	0.107	0.106	1.265	1.208	1.247	1.100	1.044	1.016	0.112	0.109	0.114	0.103	0.105	0.104	1.279	1.281	1.299	1.188	1.236	1.197	0.111	0.110	0.138	0.100	0.103	0.103	1.153	1.220	1.162	1.008	1.067	0.900	0.107	0.106	0.122	0.104	0.105	0.099	1.249	1.259	1.310	1.206	1.201	1.150	0.103	0.106	0.117	0.101	0.103	0.100	1.263	1.302	1.290	1.159	1.208	1.160	0.103	0.102	0.108	0.101	0.103	0.099
19:44:16	30.1	1.348	1.349	1.363	1.242	1.236	1.186	0.111	0.115	0.124	0.107	0.107	0.105	1.334	1.137	1.131	0.935	0.960	0.954	0.114	0.122	0.134	0.102	0.106	0.112	1.210	1.182	1.124	1.120	1.031	1.090	0.141	0.164	0.273	0.105	0.107	0.106	1.266	1.209	1.248	1.110	1.054	1.025	0.112	0.109	0.114	0.103	0.105	0.104	1.280	1.281	1.300	1.190	1.238	1.198	0.112	0.110	0.140	0.100	0.103	0.103	1.153	1.221	1.163	1.021	1.079	0.912	0.107	0.106	0.122	0.104	0.105	0.099	1.250	1.261	1.312	1.208	1.202	1.152	0.103	0.106	0.118	0.101	0.103	0.100	1.264	1.304	1.293	1.161	1.210	1.161	0.103	0.102	0.108	0.101	0.103	0.100
19:59:16	30.1	1.348	1.349	1.364	1.243	1.238	1.189	0.111	0.115	0.125	0.107	0.106	0.105	1.331	1.137	1.133	0.952	0.986	0.980	0.114	0.122	0.135	0.102	0.106	0.112	1.211	1.182	1.126	1.122	1.033	1.092	0.142	0.166	0.282	0.105	0.107	0.106	1.267	1.209	1.248	1.118	1.062	1.034	0.112	0.108	0.114	0.102	0.105	0.104	1.280	1.282	1.300	1.191	1.240	1.199	0.112	0.110	0.142	0.100	0.103	0.103	1.154	1.221	1.162	1.031	1.087	0.920	0.107	0.106	0.122	0.104	0.105	0.099	1.252	1.262	1.314	1.209	1.204	1.153	0.103	0.106	0.118	0.101	0.103	0.099	1.265	1.305	1.295	1.162	1.212	1.163	0.103	0.102	0.108	0.101	0.103	0.099
20:14:16	30.1	1.348	1.350	1.364	1.245	1.240	1.191	0.111	0.115	0.125	0.107	0.106	0.105	1.336	1.140	1.133	0.966	1.008	1.000	0.114	0.122	0.136	0.102	0.106	0.112	1.211	1.182	1.125	1.124	1.035	1.094	0.144	0.168	0.294	0.105	0.107	0.107	1.268	1.210	1.248	1.124	1.069	1.039	0.112	0.109	0.114	0.102	0.105	0.104	1.281	1.282	1.301	1.192	1.243	1.200	0.112	0.110	0.145	0.100	0.103	0.103	1.155	1.222	1.165	1.040	1.094	0.927	0.107	0.106	0.122	0.104	0.105	0.099	1.252	1.264	1.317	1.210	1.205	1.154	0.103	0.106	0.118	0.101	0.103	0.100	1.266	1.307	1.295	1.163	1.214	1.164	0.103	0.102	0.108	0.101	0.103	0.100
20:29:16	30.1	1.349	1.351	1.365	1.247	1.241	1.194	0.111	0.115	0.126	0.107	0.106	0.105	1.338	1.140	1.134	0.975	1.024	1.016	0.114	0.122	0.137	0.102	0.106	0.112	1.211	1.183	1.126	1.125	1.036	1.096	0.145	0.169	0.305	0.105	0.107	0.107	1.270	1.210	1.250	1.128	1.072	1.044	0.112	0.109	0.114	0.102	0.105	0.104	1.281	1.283	1.301	1.192	1.245	1.202	0.112	0.110	0.148	0.100	0.103	0.103	1.155	1.222	1.164	1.047	1.100	0.932	0.107	0.106	0.122	0.104	0.105	0.099	1.255	1.265	1.318	1.211	1.207	1.155	0.103	0.106	0.118	0.101	0.103	0.100	1.268	1.309	1.297	1.165	1.216	1.165	0.103	0.102	0.108	0.101	0.103	0.100
20:44:16	30.1	1.349	1.351	1.365	1.249	1.243	1.195	0.111	0.116	0.126	0.107	0.107	0.105	1.338	1.142	1.135	0.981	1.037	1.028	0.115	0.123	0.138	0.102	0.106	0.112	1.212	1.183	1.125	1.126	1.039	1.097	0.147	0.171	0.318	0.105	0.107	0.107	1.271	1.210	1.250	1.132	1.075	1.046	0.112	0.109	0.114	0.103	0.106	0.104	1.282	1.284	1.301	1.194	1.249	1.202	0.113	0.111	0.151	0.100	0.103	0.103	1.156	1.223	1.166	1.051	1.104	0.938	0.107	0.106	0.122	0.104	0.105	0.099	1.256	1.266	1.319	1.212	1.208	1.156	0.103	0.106	0.119	0.101	0.103	0.100	1.270	1.312	1.297	1.166	1.218	1.167	0.103	0.102	0.108	0.101	0.103	0.100
20:59:16	30.1	1.349	1.352	1.366	1.251	1.246	1.199	0.111	0.116	0.127	0.107	0.107	0.105	1.338	1.142	1.135	0.986	1.048	1.037	0.115	0.123	0.139	0.102	0.106	0.112	1.211	1.184	1.127	1.127	1.040	1.098	0.148	0.173	0.331	0.105	0.107	0.107	1.272	1.211	1.250	1.135	1.079	1.049	0.112	0.109	0.114	0.103	0.105	0.104	1.283	1.284	1.302	1.195	1.250	1.204	0.113	0.111	0.154	0.101	0.103	0.103	1.156	1.224	1.167	1.053	1.108	0.941	0.107	0.106	0.122	0.104	0.105	0.099	1.256	1.267	1.320	1.214	1.208	1.157	0.103	0.106	0.119	0.101	0.103	0.100	1.271	1.313	1.298	1.167	1.219	1.168	0.103	0.102	0.108	0.101	0.103	0.100
21:14:16	30.1	1.350	1.352	1.367	1.253	1.248	1.200	0.111	0.116	0.128	0.107	0.107	0.105	1.338	1.142	1.136	0.992	1.054	1.044	0.115	0.124	0.140	0.102	0.106	0.112	1.212	1.184	1.129	1.128	1.040	1.100	0.150	0.175	0.345	0.105	0.107	0.107	1.274	1.212	1.251	1.137	1.080	1.052	0.112	0.108	0.114	0.103	0.105	0.104	1.283	1.284	1.302	1.196	1.254	1.205	0.113	0.111	0.158	0.100	0.103	0.103	1.156	1.224	1.168	1.057	1.110	0.944	0.107	0.106	0.123	0.104	0.105	0.099	1.258	1.268	1.322	1.214	1.210	1.159	0.103	0.106	0.119	0.101	0.103	0.099	1.272	1.316	1.305	1.169	1.220	1.169	0.103	0.102	0.108	0.101	0.103	0.100
21:29:16	30.1	1.351	1.353	1.368	1.254	1.250	1.203	0.111	0.116	0.129	0.108	0.107	0.105	1.337	1.143	1.137	0.995	1.060	1.050	0.115	0.124	0.141	0.102	0.106	0.112	1.213	1.184	1.129	1.129	1.041	1.100	0.152	0.177	0.360	0.105	0.107	0.107	1.272	1.213	1.252	1.138	1.083	1.053	0.112	0.108	0.114	0.103	0.106	0.104	1.284	1.285	1.303	1.196	1.257	1.207	0.114	0.111	0.162	0.100	0.103	0.103	1.157	1.224	1.168	1.059	1.113	0.947	0.107	0.106	0.123	0.104	0.105	0.099	1.259	1.269	1.323	1.216	1.210	1.160	0.103	0.106	0.120	0.101	0.103	0.100	1.274	1.318	1.312	1.170	1.224	1.171	0.103	0.102	0.108	0.101	0.103	0.100
21:44:16	30.1	1.351	1.353	1.368	1.256	1.251	1.205	0.111	0.116	0.129	0.107	0.107	0.105	1.341	1.144	1.137	0.999	1.063	1.055	0.116	0.124	0.142	0.102	0.106	0.112	1.213	1.185	1.129	1.129	1.042	1.101	0.154	0.179	0.376	0.105	0.108	0.107	1.272	1.213	1.253	1.139	1.085	1.055	0.112	0.109	0.114	0.103	0.105	0.104	1.285	1.285	1.303	1.198	1.259	1.208	0.114	0.112	0.166	0.100	0.103	0.103	1.157	1.225	1.169	1.060	1.116	0.949	0.107	0.106	0.123	0.104	0.105	0.099	1.261	1.270	1.325	1.216	1.212	1.161	0.103	0.106	0.120	0.101	0.103	0.100	1.275	1.320	1.316	1.174	1.227	1.172	0.103	0.102	0.108	0.101	0.103	0.100
21:59:16	30.1	1.352	1.353	1.368	1.258	1.251	1.209	0.111	0.116	0.130	0.107	0.107	0.105	1.337	1.144	1.137	1.001	1.069	1.059	0.116	0.124	0.143	0.102	0.106	0.112	1.214	1.185	1.130	1.130	1.043	1.102	0.156	0.181	0.395	0.105	0.108	0.107	1.272	1.214	1.253	1.141	1.089	1.056	0.112	0.109	0.114	0.103	0.105	0.104	1.285	1.286	1.304	1.198	1.263	1.210	0.114	0.112	0.171	0.100	0.103	0.103	1.158	1.225	1.170	1.062	1.118	0.950	0.107	0.106	0.123	0.104	0.105	0.099	1.262	1.271	1.326	1.217	1.212	1.161	0.103	0.106	0.120	0.101	0.103	0.100	1.276	1.322	1.316	1.175	1.228	1.173	0.103	0.102	0.108	0.101	0.103	0.100
22:14:16	30.1	1.353	1.354	1.369	1.260	1.252	1.212	0.112	0.116	0.131	0.107	0.106	0.105	1.340	1.146	1.137	1.003	1.073	1.061	0.116	0.124	0.144	0.102	0.106	0.112	1.214	1.186	1.130	1.130	1.044	1.103	0.158	0.183	0.414	0.105	0.107	0.107	1.272	1.214	1.254	1.143	1.091	1.057	0.111	0.108	0.114	0.102	0.105	0.104	1.285	1.287	1.304	1.199	1.267	1.213	0.114	0.112	0.176	0.100	0.103	0.103	1.158	1.226	1.171	1.063	1.119	0.953	0.107	0.106	0.123	0.104	0.105	0.099	1.265	1.272	1.327	1.218	1.215	1.162	0.103	0.106	0.120	0.101	0.103	0.100	1.277	1.323	1.330	1.176	1.232	1.174	0.103	0.102	0.108	0.101	0.103	0.100
22:29:16	30.1	1.353	1.355	1.370	1.263	1.254	1.214	0.112	0.116	0.131	0.108	0.107	0.105	1.342	1.146	1.139	1.005	1.075	1.064	0.117	0.125	0.145	0.102	0.106	0.112	1.214	1.186	1.131	1.131	1.044	1.103	0.160	0.185	0.435	0.105	0.108	0.107	1.272	1.215	1.255	1.144	1.092	1.060	0.112	0.109	0.114	0.103	0.105	0.104	1.286	1.287	1.305	1.200	1.268	1.215	0.115	0.113	0.183	0.100	0.103	0.103	1.159	1.227	1.172	1.065	1.121	0.955	0.107	0.106	0.123	0.104	0.105	0.099	1.267	1.274	1.330	1.219	1.216	1.163	0.103	0.106	0.121	0.101	0.103	0.100	1.278	1.324	1.337	1.177	1.234	1.175	0.103	0.102	0.108	0.101	0.103	0.100
22:44:16	30.1	1.354	1.355	1.371	1.265	1.256	1.217	0.112	0.116	0.132	0.108	0.107	0.105	1.341	1.147	1.139	1.006	1.077	1.065	0.117	0.125	0.147	0.102	0.106	0.112	1.214	1.188	1.131	1.131	1.045	1.104	0.162	0.188	0.458	0.105	0.108	0.107	1.273	1.216	1.256	1.145	1.093	1.060	0.112	0.108	0.114	0.103	0.105	0.104	1.286	1.288	1.305	1.201	1.272	1.216	0.115	0.113	0.189	0.100	0.103	0.103	1.160	1.228	1.172	1.066	1.123	0.956	0.107	0.106	0.124	0.104	0.105	0.099	1.269	1.276	1.332	1.220	1.217	1.165	0.103	0.106	0.121	0.101	0.103	0.099	1.280	1.329	1.338	1.178	1.238	1.176	0.103	0.102	0.108	0.101	0.103	0.100
22:59:16	30.1	1.354	1.355	1.371	1.267	1.259	1.220	0.112	0.116	0.133	0.107	0.107	0.105	1.344	1.147	1.140	1.007	1.079	1.066	0.117	0.125	0.148	0.102	0.106	0.112	1.215	1.188	1.130	1.132	1.046	1.104	0.164	0.190	0.482	0.105	0.108	0.107	1.273	1.216	1.256	1.146	1.096	1.063	0.112	0.108	0.114	0.102	0.105	0.104	1.287	1.288	1.306	1.201	1.275	1.218	0.115	0.113	0.197	0.100	0.103	0.103	1.160	1.228	1.175	1.068	1.124	0.958	0.107	0.106	0.124	0.104	0.105	0.099	1.271	1.276	1.335	1.221	1.218	1.166	0.103	0.106	0.122	0.101	0.103	0.099	1.280	1.332	1.336	1.179	1.242	1.177	0.103	0.102	0.108	0.101	0.103	0.100
23:14:16	30.1	1.355	1.357	1.373	1.271	1.260	1.223	0.112	0.117	0.134	0.107	0.107	0.105	1.343	1.148	1.141	1.008	1.079	1.068	0.117	0.126	0.149	0.102	0.106	0.112	1.216	1.188	1.133	1.132	1.046	1.105	0.166	0.192	0.507	0.105	0.108	0.107	1.273	1.217	1.257	1.148	1.096	1.064	0.112	0.108	0.114	0.102	0.105	0.104	1.287	1.289	1.307	1.203	1.277	1.219	0.116	0.113	0.205	0.100	0.103	0.103	1.161	1.229	1.176	1.068	1.124	0.959	0.107	0.106	0.124	0.104	0.105	0.099	1.275	1.278	1.336	1.221	1.219	1.167	0.103	0.106	0.122	0.101	0.103	0.099	1.283	1.335	1.336	1.182	1.244	1.179	0.103	0.101	0.108	0.101	0.103	0.100
23:29:16	30.1	1.355	1.357	1.373	1.273	1.262	1.225	0.112	0.117	0.134	0.107	0.106	0.105	1.342	1.148	1.141	1.009	1.081	1.070	0.117	0.126	0.151	0.102	0.106	0.112	1.216	1.188	1.133	1.133	1.046	1.105	0.168	0.195	0.534	0.105	0.108	0.107	1.274	1.218	1.258	1.148	1.098	1.064	0.112	0.108	0.114	0.103	0.105	0.104	1.289	1.290	1.307	1.203	1.280	1.220	0.116	0.113	0.215	0.100	0.103	0.103	1.162	1.230	1.176	1.069	1.127	0.961	0.107	0.106	0.124	0.104	0.105	0.099	1.277	1.278	1.339	1.221	1.220	1.168	0.103	0.106	0.122	0.101	0.103	0.099	1.284	1.337	1.344	1.183	1.247	1.179	0.103	0.102	0.108	0.101	0.103	0.100
23:44:16	30.1	1.356	1.357	1.373	1.276	1.264	1.230	0.112	0.117	0.135	0.107	0.107	0.105	1.341	1.149	1.141	1.010	1.083	1.071	0.118	0.126	0.152	0.102	0.106	0.112	1.216	1.189	1.133	1.133	1.047	1.105	0.171	0.197	0.564	0.105	0.108	0.107	1.276	1.219	1.258	1.149	1.103	1.066	0.112	0.108	0.114	0.102	0.105	0.104	1.289	1.290	1.308	1.204	1.282	1.225	0.116	0.114	0.226	0.100	0.103	0.103	1.163	1.231	1.178	1.072	1.129	0.962	0.107	0.106	0.124	0.104	0.105	0.099	1.282	1.280	1.342	1.223	1.221	1.169	0.103	0.106	0.123	0.101	0.103	0.099	1.286	1.338	1.351	1.184	1.255	1.181	0.103	0.102	0.108	0.101	0.103	0.100
23:59:16	30.1	1.356	1.358	1.374	1.277	1.266	1.233	0.112	0.117	0.136	0.107	0.107	0.105	1.344	1.149	1.141	1.011	1.084	1.071	0.118	0.126	0.154	0.102	0.106	0.112	1.217	1.190	1.134	1.134	1.048	1.106	0.173	0.200	0.595	0.105	0.108	0.107	1.276	1.220	1.259	1.152	1.104	1.067	0.112	0.109	0.114	0.103	0.105	0.104	1.290	1.291	1.308	1.205	1.285	1.235	0.117	0.114	0.238	0.100	0.103	0.103	1.162	1.232	1.179	1.074	1.129	0.964	0.107	0.106	0.124	0.104	0.105	0.099	1.288	1.281	1.345	1.224	1.223	1.171	0.103	0.106	0.123	0.101	0.103	0.099	1.286	1.343	1.353	1.187	1.263	1.182	0.103	0.102	0.108	0.101	0.103	0.100
24:14:16	30.1	1.357	1.360	1.376	1.280	1.269	1.235	0.113	0.117	0.137	0.107	0.107	0.105	1.345	1.149	1.143	1.012	1.084	1.072	0.119	0.127	0.156	0.102	0.106	0.112	1.217	1.191	1.135	1.135	1.048	1.107	0.176	0.203	0.627	0.105	0.108	0.107	1.275	1.220	1.259	1.152	1.106	1.068	0.112	0.108	0.114	0.103	0.105	0.104	1.290	1.292	1.309	1.205	1.288	1.246	0.117	0.115	0.253	0.101	0.103	0.103	1.164	1.231	1.179	1.075	1.131	0.966	0.107	0.106	0.124	0.104	0.105	0.099	1.292	1.282	1.349	1.224	1.226	1.173	0.104	0.106	0.124	0.101	0.103	0.100	1.293	1.345	1.361	1.188	1.269	1.183	0.103	0.102	0.108	0.101	0.103	0.100
24:29:16	30.1	1.358	1.359	1.376	1.283	1.273	1.238	0.113	0.117	0.138	0.107	0.106	0.105	1.347	1.150	1.143	1.013	1.084	1.073	0.119	0.127	0.158	0.102	0.106	0.112	1.218	1.191	1.137	1.135	1.048	1.107	0.178	0.205	0.660	0.105	0.108	0.107	1.275	1.221	1.260	1.153	1.108	1.070	0.112	0.108	0.114	0.103	0.105	0.104	1.290	1.292	1.309	1.207	1.291	1.251	0.117	0.115	0.270	0.100	0.103	0.103	1.163	1.231	1.181	1.077	1.132	0.967	0.107	0.106	0.124	0.104	0.105	0.099	1.293	1.282	1.352	1.225	1.227	1.176	0.103	0.106	0.124	0.101	0.103	0.099	1.292	1.346	1.363	1.189	1.272	1.184	0.103	0.101	0.108	0.101	0.103	0.100
24:44:16	30.1	1.359	1.360	1.377	1.284	1.281	1.240	0.113	0.117	0.139	0.108	0.106	0.105	1.343	1.150	1.143	1.014	1.087	1.074	0.119	0.127	0.160	0.102	0.106	0.112	1.219	1.192	1.136	1.135	1.049	1.107	0.181	0.209	0.694	0.105	0.108	0.107	1.276	1.221	1.260	1.155	1.112	1.071	0.112	0.108	0.114	0.102	0.105	0.104	1.291	1.292	1.310	1.208	1.294	1.254	0.118	0.115	0.288	0.100	0.103	0.103	1.164	1.232	1.182	1.078	1.134	0.970	0.107	0.106	0.124	0.104	0.105	0.099	1.294	1.284	1.355	1.226	1.228	1.180	0.103	0.106	0.125	0.101	0.103	0.099	1.296	1.348	1.365	1.190	1.278	1.187	0.103	0.102	0.108	0.101	0.103	0.100
24:59:16	30.0	1.359	1.361	1.377	1.286	1.285	1.243	0.113	0.117	0.140	0.108	0.106	0.105	1.343	1.151	1.144	1.014	1.086	1.074	0.120	0.128	0.161	0.102	0.106	0.112	1.219	1.193	1.138	1.135	1.049	1.108	0.184	0.212	0.727	0.105	0.108	0.107	1.275	1.221	1.261	1.156	1.113	1.071	0.112	0.108	0.114	0.103	0.105	0.104	1.292	1.294	1.311	1.209	1.294	1.254	0.118	0.116	0.312	0.100	0.103	0.103	1.165	1.233	1.183	1.079	1.134	0.973	0.107	0.106	0.125	0.104	0.105	0.099	1.295	1.285	1.358	1.226	1.230	1.182	0.104	0.106	0.126	0.101	0.103	0.099	1.300	1.350	1.372	1.192	1.290	1.190	0.103	0.101	0.109	0.101	0.103	0.100
25:14:16	30.1	1.359	1.361	1.378	1.288	1.287	1.246	0.113	0.117	0.141	0.108	0.107	0.105	1.347	1.151	1.144	1.014	1.087	1.075	0.120	0.128	0.163	0.102	0.106	0.112	1.220	1.194	1.137	1.136	1.050	1.110	0.188	0.215	0.761	0.105	0.108	0.107	1.276	1.223	1.262	1.157	1.115	1.073	0.112	0.108	0.115	0.102	0.105	0.104	1.293	1.295	1.311	1.209	1.297	1.255	0.119	0.116	0.335	0.100	0.103	0.103	1.166	1.234	1.185	1.080	1.136	0.975	0.107	0.106	0.125	0.104	0.105	0.099	1.298	1.285	1.362	1.228	1.233	1.184	0.104	0.106	0.127	0.101	0.103	0.099	1.304	1.349	1.373	1.194	1.292	1.191	0.103	0.101	0.109	0.101	0.103	0.100
25:29:16	30.1	1.360	1.361	1.379	1.291	1.289	1.248	0.113	0.118	0.142	0.108	0.107	0.105	1.349	1.152	1.145	1.015	1.087	1.075	0.120	0.129	0.166	0.102	0.106	0.112	1.221	1.194	1.140	1.137	1.050	1.110	0.191	0.219	0.792	0.105	0.108	0.107	1.277	1.223	1.264	1.158	1.116	1.074	0.112	0.108	0.115	0.103	0.105	0.104	1.293	1.295	1.311	1.210	1.298	1.256	0.119	0.117	0.361	0.100	0.103	0.103	1.166	1.235	1.185	1.082	1.137	0.977	0.107	0.106	0.125	0.104	0.105	0.099	1.299	1.286	1.366	1.230	1.234	1.187	0.104	0.106	0.128	0.101	0.103	0.100	1.302	1.349	1.377	1.195	1.297	1.194	0.103	0.102	0.109	0.101	0.103	0.100
25:44:16	30.1	1.361	1.362	1.380	1.292	1.291	1.250	0.114	0.118	0.143	0.107	0.106	0.105	1.348	1.152	1.146	1.015	1.087	1.076	0.121	0.129	0.167	0.102	0.106	0.112	1.221	1.195	1.141	1.137	1.051	1.110	0.194	0.222	0.818	0.105	0.108	0.107	1.278	1.222	1.264	1.159	1.117	1.075	0.112	0.108	0.115	0.102	0.105	0.104	1.293	1.295	1.312	1.211	1.302	1.257	0.120	0.117	0.391	0.100	0.103	0.103	1.167	1.235	1.187	1.082	1.138	0.978	0.107	0.106	0.125	0.104	0.105	0.099	1.301	1.290	1.367	1.230	1.237	1.188	0.104	0.106	0.130	0.101	0.103	0.099	1.290	1.352	1.375	1.196	1.302	1.195	0.103	0.101	0.108	0.101	0.103	0.100
25:59:16	30.1	1.361	1.363	1.380	1.295	1.295	1.254	0.114	0.118	0.144	0.108	0.106	0.105	1.347	1.153	1.146	1.016	1.089	1.077	0.121	0.129	0.169	0.102	0.106	0.112	1.222	1.196	1.141	1.138	1.052	1.111	0.198	0.227	0.841	0.105	0.108	0.107	1.279	1.222	1.264	1.160	1.120	1.075	0.112	0.108	0.115	0.103	0.105	0.104	1.294	1.296	1.313	1.212	1.304	1.257	0.120	0.117	0.426	0.100	0.103	0.103	1.168	1.236	1.188	1.084	1.140	0.980	0.107	0.106	0.125	0.104	0.105	0.099	1.304	1.292	1.370	1.232	1.240	1.190	0.104	0.106	0.131	0.101	0.103	0.099	1.292	1.359	1.380	1.198	1.304	1.199	0.103	0.101	0.109	0.101	0.103	0.100
26:14:16	30.1	1.362	1.363	1.381	1.296	1.299	1.256	0.114	0.118	0.145	0.108	0.106	0.105	1.345	1.153	1.147	1.017	1.087	1.078	0.121	0.130	0.172	0.102	0.106	0.112	1.223	1.197	1.142	1.139	1.052	1.112	0.201	0.231	0.858	0.105	0.108	0.107	1.280	1.222	1.265	1.161	1.122	1.078	0.112	0.108	0.115	0.103	0.105	0.104	1.296	1.296	1.314	1.213	1.305	1.259	0.120	0.117	0.463	0.100	0.103	0.103	1.169	1.237	1.189	1.085	1.141	0.980	0.107	0.107	0.126	0.104	0.105	0.099	1.300	1.294	1.372	1.232	1.251	1.192	0.104	0.106	0.134	0.101	0.103	0.099	1.317	1.353	1.385	1.200	1.307	1.202	0.103	0.101	0.109	0.101	0.103	0.100
26:29:16	30.1	1.363	1.364	1.382	1.299	1.301	1.257	0.114	0.118	0.146	0.107	0.107	0.105	1.351	1.154	1.147	1.017	1.090	1.078	0.122	0.130	0.174	0.102	0.106	0.112	1.223	1.197	1.142	1.140	1.053	1.112	0.205	0.234	0.870	0.105	0.108	0.107	1.281	1.222	1.266	1.163	1.124	1.079	0.112	0.108	0.115	0.103	0.105	0.104	1.296	1.297	1.315	1.215	1.307	1.260	0.121	0.118	0.507	0.100	0.103	0.103	1.169	1.238	1.190	1.086	1.143	0.983	0.107	0.106	0.126	0.104	0.105	0.099	1.303	1.296	1.374	1.233	1.255	1.195	0.104	0.106	0.136	0.101	0.103	0.099	1.305	1.354	1.392	1.202	1.311	1.210	0.103	0.102	0.108	0.101	0.103	0.100
26:44:16	30.1	1.363	1.365	1.383	1.300	1.305	1.260	0.114	0.118	0.148	0.108	0.107	0.105	1.349	1.156	1.148	1.018	1.090	1.079	0.122	0.130	0.176	0.102	0.106	0.112	1.224	1.198	1.144	1.140	1.054	1.112	0.209	0.239	0.882	0.105	0.108	0.107	1.282	1.223	1.267	1.163	1.125	1.080	0.112	0.108	0.115	0.103	0.105	0.104	1.296	1.298	1.315	1.214	1.309	1.261	0.121	0.118	0.550	0.101	0.103	0.103	1.169	1.240	1.190	1.089	1.144	0.984	0.107	0.107	0.126	0.104	0.105	0.099	1.319	1.298	1.377	1.235	1.257	1.196	0.104	0.106	0.138	0.101	0.103	0.099	1.321	1.357	1.392	1.206	1.314	1.218	0.103	0.102	0.109	0.101	0.103	0.100
26:59:16	30.1	1.363	1.364	1.383	1.304	1.308	1.261	0.114	0.118	0.149	0.108	0.106	0.105	1.351	1.155	1.148	1.018	1.091	1.079	0.123	0.131	0.179	0.102	0.106	0.112	1.224	1.198	1.145	1.140	1.054	1.113	0.213	0.244	0.889	0.105	0.108	0.107	1.282	1.225	1.267	1.165	1.126	1.081	0.112	0.108	0.115	0.102	0.105	0.104	1.297	1.298	1.315	1.215	1.312	1.262	0.122	0.119	0.599	0.100	0.103	0.103	1.169	1.241	1.193	1.091	1.146	0.985	0.107	0.106	0.126	0.104	0.105	0.099	1.313	1.300	1.379	1.236	1.261	1.199	0.104	0.106	0.140	0.101	0.103	0.099	1.325	1.359	1.393	1.209	1.317	1.223	0.103	0.101	0.109	0.101	0.103	0.100
27:14:16	30.0	1.364	1.365	1.384	1.306	1.310	1.267	0.115	0.118	0.150	0.107	0.106	0.105	1.351	1.156	1.149	1.019	1.093	1.080	0.123	0.131	0.182	0.102	0.106	0.112	1.226	1.200	1.147	1.142	1.055	1.113	0.218	0.249	0.897	0.105	0.108	0.107	1.282	1.225	1.268	1.167	1.129	1.081	0.112	0.108	0.115	0.103	0.105	0.104	1.298	1.300	1.316	1.217	1.313	1.263	0.123	0.119	0.650	0.100	0.103	0.103	1.170	1.242	1.193	1.093	1.148	0.987	0.107	0.106	0.126	0.104	0.105	0.099	1.325	1.300	1.383	1.237	1.265	1.202	0.104	0.106	0.145	0.101	0.103	0.100	1.324	1.362	1.405	1.216	1.320	1.224	0.103	0.101	0.109	0.101	0.103	0.100
27:29:16	30.1	1.365	1.366	1.384	1.308	1.313	1.268	0.115	0.118	0.152	0.107	0.106	0.105	1.349	1.157	1.149	1.018	1.093	1.080	0.123	0.132	0.184	0.102	0.106	0.112	1.226	1.200	1.147	1.142	1.056	1.114	0.223	0.254	0.901	0.105	0.108	0.107	1.284	1.226	1.269	1.168	1.131	1.084	0.112	0.108	0.115	0.103	0.105	0.104	1.299	1.300	1.316	1.217	1.316	1.266	0.123	0.119	0.708	0.100	0.103	0.103	1.172	1.242	1.194	1.096	1.149	0.989	0.107	0.106	0.126	0.104	0.105	0.099	1.329	1.302	1.386	1.238	1.269	1.207	0.104	0.106	0.150	0.101	0.103	0.100	1.328	1.378	1.401	1.218	1.323	1.228	0.103	0.101	0.108	0.101	0.103	0.100
27:44:16	30.1	1.365	1.367	1.385	1.311	1.318	1.270	0.115	0.119	0.154	0.108	0.107	0.105	1.352	1.157	1.150	1.020	1.094	1.081	0.124	0.132	0.188	0.103	0.106	0.112	1.226	1.201	1.147	1.143	1.056	1.115	0.228	0.258	0.906	0.105	0.108	0.107	1.284	1.228	1.269	1.170	1.135	1.084	0.112	0.108	0.115	0.103	0.105	0.104	1.298	1.301	1.317	1.218	1.317	1.267	0.124	0.120	0.761	0.101	0.103	0.103	1.172	1.243	1.195	1.096	1.151	0.991	0.107	0.106	0.126	0.104	0.105	0.099	1.334	1.303	1.387	1.239	1.274	1.211	0.104	0.106	0.154	0.101	0.103	0.099	1.329	1.390	1.404	1.219	1.326	1.234	0.103	0.101	0.109	0.101	0.103	0.100
27:59:16	30.1	1.366	1.367	1.387	1.313	1.323	1.272	0.115	0.119	0.155	0.108	0.106	0.105	1.353	1.157	1.151	1.020	1.093	1.082	0.124	0.133	0.191	0.102	0.106	0.112	1.227	1.202	1.150	1.144	1.056	1.116	0.233	0.263	0.909	0.105	0.108	0.107	1.283	1.228	1.270	1.171	1.135	1.086	0.112	0.108	0.115	0.102	0.105	0.104	1.300	1.302	1.318	1.219	1.319	1.269	0.125	0.120	0.821	0.100	0.103	0.103	1.173	1.244	1.196	1.098	1.152	0.993	0.107	0.106	0.126	0.104	0.105	0.099	1.348	1.305	1.390	1.240	1.280	1.214	0.104	0.106	0.158	0.101	0.103	0.099	1.334	1.382	1.412	1.221	1.328	1.237	0.103	0.101	0.109	0.101	0.103	0.100
28:14:16	30.1	1.366	1.368	1.387	1.315	1.325	1.274	0.115	0.119	0.157	0.108	0.107	0.105	1.355	1.158	1.151	1.021	1.095	1.083	0.125	0.133	0.194	0.103	0.106	0.113	1.228	1.204	1.149	1.144	1.057	1.117	0.239	0.270	0.912	0.105	0.108	0.107	1.283	1.229	1.271	1.173	1.138	1.087	0.112	0.108	0.115	0.102	0.105	0.104	1.301	1.302	1.318	1.220	1.322	1.271	0.125	0.121	0.871	0.100	0.103	0.103	1.173	1.246	1.197	1.099	1.154	0.995	0.107	0.107	0.127	0.104	0.105	0.099	1.348	1.307	1.392	1.241	1.283	1.219	0.104	0.106	0.164	0.101	0.103	0.099	1.335	1.384	1.405	1.225	1.331	1.240	0.103	0.101	0.109	0.101	0.103	0.100
28:29:16	30.0	1.367	1.368	1.388	1.316	1.328	1.277	0.116	0.119	0.159	0.108	0.107	0.105	1.353	1.159	1.153	1.021	1.095	1.083	0.125	0.134	0.198	0.102	0.106	0.113	1.229	1.204	1.152	1.145	1.058	1.118	0.245	0.276	0.915	0.105	0.108	0.107	1.283	1.229	1.272	1.174	1.140	1.088	0.112	0.108	0.115	0.103	0.105	0.104	1.301	1.304	1.319	1.220	1.324	1.273	0.126	0.122	0.916	0.101	0.103	0.103	1.174	1.245	1.197	1.103	1.156	0.996	0.107	0.107	0.127	0.104	0.105	0.099	1.337	1.308	1.393	1.243	1.290	1.223	0.104	0.106	0.171	0.101	0.103	0.100	1.336	1.394	1.413	1.229	1.335	1.242	0.103	0.101	0.109	0.101	0.103	0.100
28:44:16	30.1	1.368	1.369	1.388	1.318	1.331	1.280	0.116	0.119	0.161	0.108	0.107	0.105	1.356	1.161	1.152	1.022	1.095	1.084	0.126	0.134	0.201	0.103	0.106	0.113	1.230	1.205	1.152	1.146	1.059	1.119	0.251	0.282	0.917	0.105	0.108	0.107	1.284	1.230	1.272	1.175	1.145	1.089	0.112	0.108	0.115	0.103	0.105	0.104	1.302	1.304	1.320	1.221	1.326	1.274	0.127	0.122	0.949	0.101	0.103	0.103	1.174	1.246	1.200	1.104	1.158	0.998	0.107	0.107	0.127	0.104	0.105	0.099	1.357	1.309	1.391	1.246	1.294	1.225	0.104	0.106	0.181	0.101	0.103	0.100	1.337	1.396	1.417	1.231	1.339	1.244	0.103	0.101	0.109	0.101	0.103	0.100
28:59:16	30.1	1.368	1.369	1.389	1.319	1.333	1.282	0.116	0.119	0.163	0.108	0.107	0.105	1.353	1.161	1.154	1.023	1.095	1.084	0.126	0.134	0.205	0.102	0.106	0.113	1.230	1.205	1.153	1.146	1.060	1.119	0.258	0.289	0.919	0.105	0.108	0.107	1.282	1.230	1.273	1.177	1.149	1.091	0.112	0.108	0.115	0.102	0.105	0.104	1.302	1.305	1.321	1.222	1.329	1.277	0.128	0.122	0.976	0.101	0.103	0.103	1.175	1.246	1.200	1.107	1.160	0.999	0.107	0.106	0.127	0.104	0.105	0.099	1.332	1.311	1.392	1.248	1.296	1.228	0.104	0.106	0.193	0.101	0.103	0.099	1.342	1.397	1.414	1.233	1.340	1.247	0.103	0.101	0.109	0.101	0.103	0.100
29:14:16	30.0	1.368	1.370	1.390	1.321	1.335	1.284	0.116	0.119	0.166	0.108	0.107	0.105	1.357	1.162	1.155	1.023	1.097	1.085	0.127	0.135	0.209	0.102	0.106	0.113	1.231	1.206	1.155	1.147	1.060	1.120	0.265	0.297	0.921	0.105	0.108	0.107	1.282	1.230	1.274	1.178	1.152	1.092	0.112	0.108	0.115	0.102	0.105	0.104	1.304	1.305	1.321	1.224	1.329	1.278	0.129	0.123	1.000	0.100	0.103	0.103	1.175	1.247	1.201	1.109	1.161	1.000	0.107	0.107	0.127	0.104	0.105	0.099	1.347	1.312	1.394	1.249	1.298	1.230	0.104	0.107	0.201	0.101	0.103	0.100	1.344	1.397	1.421	1.236	1.343	1.249	0.103	0.101	0.109	0.101	0.103	0.100
29:29:16	30.1	1.369	1.371	1.390	1.323	1.337	1.286	0.116	0.120	0.168	0.108	0.107	0.105	1.357	1.162	1.155	1.024	1.098	1.085	0.127	0.135	0.213	0.103	0.106	0.113	1.232	1.207	1.154	1.148	1.061	1.121	0.271	0.305	0.923	0.105	0.108	0.107	1.282	1.231	1.274	1.179	1.153	1.093	0.112	0.108	0.115	0.102	0.105	0.104	1.303	1.306	1.322	1.224	1.332	1.279	0.129	0.124	1.017	0.100	0.103	0.103	1.176	1.247	1.203	1.111	1.162	1.002	0.107	0.107	0.127	0.104	0.105	0.099	1.335	1.314	1.399	1.250	1.301	1.233	0.104	0.107	0.209	0.101	0.103	0.099	1.344	1.396	1.416	1.240	1.346	1.251	0.103	0.101	0.109	0.101	0.103	0.100
29:44:16	30.1	1.369	1.371	1.391	1.325	1.340	1.288	0.117	0.119	0.170	0.108	0.107	0.105	1.357	1.163	1.155	1.025	1.098	1.087	0.128	0.136	0.218	0.102	0.106	0.113	1.233	1.208	1.155	1.149	1.062	1.122	0.280	0.313	0.925	0.105	0.108	0.107	1.281	1.232	1.275	1.181	1.158	1.095	0.112	0.108	0.115	0.102	0.105	0.104	1.305	1.306	1.322	1.226	1.334	1.281	0.131	0.124	1.030	0.100	0.103	0.103	1.176	1.248	1.204	1.113	1.164	1.004	0.107	0.107	0.127	0.104	0.105	0.099	1.339	1.318	1.398	1.251	1.305	1.238	0.104	0.107	0.217	0.101	0.103	0.100	1.333	1.400	1.422	1.242	1.348	1.252	0.103	0.101	0.109	0.101	0.103	0.100
29:59:16	30.1	1.370	1.372	1.391	1.327	1.342	1.291	0.117	0.120	0.173	0.108	0.107	0.105	1.356	1.164	1.157	1.026	1.098	1.087	0.128	0.136	0.223	0.103	0.106	0.113	1.233	1.209	1.157	1.150	1.063	1.123	0.288	0.321	0.925	0.105	0.108	0.107	1.281	1.233	1.276	1.182	1.160	1.095	0.112	0.108	0.115	0.103	0.105	0.104	1.305	1.308	1.323	1.226	1.336	1.283	0.132	0.125	1.040	0.100	0.103	0.103	1.176	1.249	1.206	1.116	1.166	1.006	0.107	0.107	0.128	0.104	0.105	0.099	1.342	1.321	1.398	1.253	1.310	1.243	0.104	0.107	0.225	0.101	0.103	0.100	1.345	1.407	1.421	1.245	1.350	1.256	0.103	0.101	0.109	0.101	0.103	0.100
30:14:16	30.1	1.370	1.373	1.392	1.330	1.343	1.294	0.117	0.120	0.175	0.108	0.107	0.105	1.358	1.165	1.157	1.027	1.101	1.089	0.129	0.137	0.229	0.103	0.106	0.113	1.234	1.210	1.157	1.151	1.063	1.124	0.298	0.330	0.928	0.105	0.108	0.107	1.278	1.234	1.277	1.185	1.163	1.097	0.112	0.108	0.115	0.102	0.105	0.104	1.305	1.308	1.323	1.228	1.337	1.285	0.133	0.126	1.044	0.100	0.103	0.103	1.178	1.250	1.206	1.119	1.168	1.008	0.107	0.107	0.128	0.104	0.105	0.099	1.346	1.323	1.399	1.254	1.315	1.249	0.104	0.107	0.239	0.101	0.103	0.100	1.335	1.405	1.428	1.250	1.353	1.257	0.103	0.101	0.109	0.101	0.103	0.100
30:29:16	30.1	1.371	1.373	1.393	1.332	1.345	1.297	0.117	0.120	0.178	0.108	0.106	0.105	1.361	1.165	1.157	1.028	1.101	1.090	0.130	0.138	0.235	0.102	0.106	0.113	1.235	1.210	1.158	1.152	1.064	1.125	0.307	0.341	0.929	0.105	0.108	0.107	1.279	1.235	1.278	1.186	1.164	1.099	0.112	0.108	0.115	0.103	0.105	0.104	1.306	1.309	1.325	1.228	1.339	1.288	0.134	0.126	1.052	0.100	0.103	0.103	1.178	1.250	1.209	1.121	1.171	1.010	0.107	0.107	0.128	0.104	0.105	0.099	1.348	1.327	1.403	1.256	1.321	1.254	0.104	0.107	0.248	0.101	0.103	0.100	1.337	1.394	1.426	1.254	1.356	1.260	0.103	0.101	0.109	0.101	0.103	0.100
30:44:16	30.1	1.371	1.373	1.394	1.333	1.348	1.299	0.117	0.120	0.181	0.108	0.107	0.105	1.355	1.166	1.159	1.028	1.102	1.091	0.130	0.139	0.240	0.103	0.106	0.113	1.236	1.212	1.159	1.153	1.065	1.126	0.319	0.353	0.931	0.105	0.108	0.107	1.281	1.235	1.280	1.187	1.165	1.100	0.112	0.108	0.115	0.103	0.105	0.104	1.307	1.310	1.325	1.228	1.342	1.289	0.136	0.127	1.056	0.101	0.103	0.103	1.178	1.252	1.211	1.121	1.173	1.012	0.107	0.107	0.128	0.104	0.105	0.099	1.353	1.329	1.404	1.257	1.323	1.258	0.104	0.107	0.259	0.101	0.103	0.099	1.340	1.401	1.435	1.256	1.358	1.266	0.103	0.101	0.109	0.101	0.103	0.100
30:59:16	30.1	1.372	1.375	1.394	1.335	1.349	1.301	0.118	0.120	0.184	0.108	0.107	0.105	1.358	1.168	1.159	1.029	1.104	1.092	0.131	0.139	0.247	0.102	0.106	0.113	1.236	1.212	1.160	1.155	1.066	1.127	0.328	0.365	0.931	0.105	0.108	0.107	1.281	1.236	1.280	1.188	1.168	1.101	0.112	0.108	0.115	0.103	0.105	0.104	1.308	1.311	1.326	1.230	1.344	1.292	0.137	0.128	1.059	0.101	0.103	0.103	1.179	1.252	1.212	1.124	1.175	1.015	0.107	0.107	0.128	0.104	0.105	0.099	1.349	1.331	1.404	1.259	1.325	1.259	0.104	0.107	0.272	0.101	0.103	0.100	1.343	1.404	1.436	1.262	1.359	1.272	0.103	0.101	0.109	0.101	0.103	0.100
31:14:16	30.1	1.373	1.374	1.395	1.336	1.352	1.304	0.118	0.120	0.187	0.108	0.107	0.105	1.359	1.167	1.161	1.030	1.104	1.093	0.131	0.140	0.253	0.102	0.106	0.113	1.237	1.213	1.162	1.155	1.067	1.128	0.340	0.378	0.932	0.105	0.108	0.107	1.282	1.237	1.281	1.190	1.170	1.103	0.112	0.108	0.115	0.103	0.105	0.104	1.307	1.311	1.326	1.231	1.345	1.294	0.139	0.129	1.064	0.100	0.103	0.103	1.179	1.252	1.214	1.126	1.178	1.017	0.107	0.107	0.129	0.104	0.105	0.099	1.358	1.332	1.407	1.261	1.326	1.262	0.104	0.107	0.284	0.101	0.103	0.099	1.348	1.409	1.436	1.266	1.361	1.274	0.103	0.101	0.109	0.101	0.103	0.100
31:29:16	30.1	1.373	1.375	1.395	1.338	1.357	1.310	0.118	0.120	0.191	0.108	0.107	0.105	1.362	1.168	1.162	1.031	1.107	1.093	0.132	0.140	0.261	0.103	0.106	0.113	1.237	1.214	1.162	1.157	1.068	1.129	0.353	0.389	0.934	0.105	0.108	0.107	1.282	1.237	1.282	1.192	1.171	1.103	0.112	0.108	0.115	0.103	0.105	0.104	1.308	1.312	1.327	1.231	1.346	1.294	0.141	0.130	1.069	0.100	0.103	0.103	1.180	1.252	1.217	1.130	1.180	1.020	0.107	0.107	0.129	0.104	0.105	0.099	1.352	1.334	1.409	1.262	1.329	1.264	0.104	0.107	0.299	0.101	0.103	0.100	1.349	1.410	1.446	1.269	1.363	1.276	0.103	0.101	0.109	0.101	0.103	0.100
31:44:16	30.1	1.373	1.375	1.396	1.340	1.357	1.316	0.118	0.120	0.195	0.108	0.106	0.105	1.363	1.169	1.162	1.033	1.106	1.094	0.132	0.141	0.267	0.102	0.106	0.113	1.239	1.214	1.162	1.158	1.068	1.130	0.366	0.404	0.935	0.105	0.108	0.107	1.284	1.238	1.282	1.192	1.173	1.105	0.112	0.108	0.115	0.102	0.105	0.104	1.309	1.313	1.328	1.232	1.348	1.296	0.143	0.130	1.071	0.101	0.103	0.103	1.182	1.253	1.218	1.133	1.183	1.022	0.107	0.107	0.129	0.104	0.105	0.099	1.357	1.337	1.412	1.264	1.332	1.267	0.104	0.107	0.312	0.101	0.103	0.099	1.353	1.414	1.444	1.272	1.369	1.276	0.103	0.101	0.109	0.101	0.103	0.100
31:59:16	30.1	1.374	1.376	1.397	1.341	1.359	1.322	0.118	0.121	0.199	0.108	0.107	0.105	1.361	1.170	1.163	1.034	1.108	1.096	0.133	0.142	0.274	0.103	0.106	0.113	1.239	1.215	1.163	1.159	1.070	1.131	0.380	0.418	0.936	0.105	0.108	0.107	1.285	1.239	1.283	1.194	1.175	1.107	0.112	0.108	0.115	0.102	0.105	0.104	1.310	1.313	1.328	1.233	1.349	1.298	0.145	0.131	1.072	0.100	0.103	0.103	1.182	1.254	1.221	1.133	1.186	1.025	0.107	0.107	0.129	0.104	0.105	0.099	1.357	1.338	1.412	1.265	1.334	1.268	0.104	0.107	0.331	0.101	0.103	0.099	1.355	1.419	1.451	1.272	1.370	1.279	0.103	0.101	0.109	0.101	0.103	0.100
32:14:16	30.1	1.375	1.377	1.397	1.343	1.361	1.324	0.118	0.121	0.204	0.108	0.107	0.105	1.362	1.170	1.164	1.034	1.108	1.097	0.134	0.142	0.282	0.103	0.106	0.113	1.240	1.215	1.165	1.160	1.071	1.133	0.394	0.435	0.936	0.105	0.108	0.107	1.287	1.239	1.284	1.195	1.176	1.107	0.112	0.108	0.115	0.103	0.105	0.104	1.310	1.314	1.329	1.234	1.350	1.299	0.148	0.132	1.076	0.101	0.103	0.103	1.183	1.255	1.224	1.137	1.187	1.028	0.107	0.107	0.129	0.104	0.105	0.099	1.361	1.339	1.415	1.266	1.336	1.270	0.105	0.107	0.346	0.101	0.103	0.100	1.355	1.418	1.451	1.275	1.371	1.281	0.103	0.101	0.109	0.101	0.103	0.100
32:29:16	30.1	1.375	1.377	1.398	1.346	1.362	1.328	0.118	0.121	0.209	0.108	0.106	0.105	1.363	1.171	1.165	1.036	1.110	1.098	0.134	0.143	0.292	0.102	0.106	0.113	1.240	1.216	1.166	1.161	1.072	1.133	0.411	0.452	0.938	0.105	0.108	0.107	1.288	1.240	1.284	1.197	1.179	1.109	0.112	0.108	0.115	0.102	0.105	0.104	1.311	1.315	1.329	1.235	1.352	1.301	0.151	0.133	1.077	0.101	0.103	0.103	1.184	1.256	1.225	1.137	1.189	1.031	0.107	0.107	0.129	0.104	0.105	0.099	1.360	1.341	1.417	1.266	1.341	1.272	0.104	0.107	0.367	0.101	0.103	0.100	1.357	1.419	1.453	1.278	1.374	1.283	0.103	0.101	0.109	0.101	0.103	0.100
32:44:16	30.1	1.376	1.377	1.399	1.347	1.364	1.331	0.119	0.121	0.214	0.108	0.107	0.105	1.363	1.172	1.167	1.037	1.111	1.099	0.135	0.143	0.302	0.103	0.106	0.113	1.241	1.217	1.166	1.162	1.073	1.134	0.427	0.468	0.940	0.105	0.108	0.107	1.288	1.240	1.285	1.198	1.181	1.110	0.112	0.108	0.115	0.103	0.105	0.104	1.311	1.315	1.331	1.236	1.354	1.302	0.153	0.134	1.077	0.100	0.103	0.103	1.184	1.257	1.227	1.140	1.192	1.034	0.107	0.107	0.130	0.104	0.105	0.099	1.364	1.343	1.424	1.268	1.343	1.274	0.104	0.107	0.393	0.101	0.103	0.099	1.357	1.421	1.457	1.280	1.375	1.284	0.103	0.101	0.109	0.101	0.103	0.100
32:59:16	30.1	1.376	1.378	1.399	1.347	1.366	1.331	0.119	0.121	0.220	0.108	0.106	0.105	1.364	1.172	1.168	1.038	1.111	1.100	0.136	0.144	0.312	0.102	0.106	0.113	1.242	1.219	1.168	1.163	1.073	1.135	0.446	0.485	0.940	0.105	0.108	0.107	1.290	1.242	1.286	1.199	1.183	1.113	0.112	0.108	0.115	0.102	0.105	0.104	1.313	1.316	1.331	1.237	1.355	1.304	0.157	0.135	1.081	0.101	0.103	0.103	1.185	1.257	1.228	1.143	1.195	1.035	0.107	0.107	0.130	0.104	0.105	0.099	1.368	1.344	1.424	1.268	1.345	1.278	0.105	0.107	0.415	0.101	0.103	0.099	1.358	1.414	1.461	1.282	1.377	1.286	0.103	0.101	0.109	0.101	0.103	0.100
33:14:16	30.1	1.377	1.378	1.400	1.349	1.367	1.334	0.119	0.121	0.227	0.108	0.106	0.105	1.364	1.174	1.167	1.039	1.113	1.102	0.136	0.145	0.322	0.102	0.106	0.113	1.243	1.219	1.167	1.163	1.075	1.137	0.466	0.503	0.941	0.105	0.108	0.107	1.289	1.242	1.286	1.201	1.187	1.113	0.112	0.108	0.115	0.102	0.105	0.104	1.313	1.316	1.331	1.238	1.357	1.304	0.162	0.136	1.084	0.101	0.103	0.103	1.186	1.258	1.231	1.145	1.200	1.038	0.107	0.107	0.130	0.104	0.105	0.099	1.365	1.346	1.421	1.270	1.347	1.282	0.105	0.107	0.441	0.101	0.103	0.099	1.361	1.422	1.461	1.284	1.378	1.287	0.103	0.101	0.109	0.101	0.103	0.100
33:29:16	30.1	1.377	1.379	1.400	1.350	1.370	1.337	0.119	0.121	0.233	0.108	0.107	0.105	1.365	1.174	1.168	1.041	1.114	1.103	0.137	0.146	0.337	0.103	0.106	0.113	1.243	1.220	1.169	1.165	1.076	1.138	0.488	0.525	0.943	0.105	0.108	0.107	1.289	1.243	1.287	1.202	1.188	1.115	0.112	0.108	0.115	0.103	0.105	0.104	1.314	1.317	1.332	1.238	1.358	1.306	0.170	0.138	1.084	0.101	0.103	0.103	1.187	1.259	1.232	1.147	1.203	1.040	0.107	0.107	0.131	0.104	0.105	0.099	1.374	1.348	1.426	1.271	1.349	1.283	0.105	0.107	0.462	0.101	0.103	0.100	1.364	1.427	1.467	1.287	1.380	1.289	0.103	0.101	0.109	0.101	0.103	0.100
33:44:16	30.1	1.378	1.379	1.402	1.352	1.372	1.341	0.120	0.122	0.241	0.108	0.107	0.105	1.370	1.174	1.170	1.042	1.115	1.104	0.137	0.146	0.350	0.103	0.106	0.113	1.244	1.221	1.171	1.166	1.077	1.139	0.508	0.546	0.944	0.106	0.108	0.107	1.290	1.244	1.287	1.203	1.191	1.116	0.112	0.108	0.115	0.102	0.105	0.104	1.314	1.318	1.332	1.239	1.359	1.308	0.177	0.139	1.088	0.101	0.103	0.103	1.187	1.259	1.235	1.150	1.206	1.041	0.107	0.107	0.131	0.104	0.105	0.099	1.369	1.349	1.431	1.272	1.351	1.285	0.105	0.108	0.480	0.101	0.103	0.099	1.367	1.429	1.462	1.288	1.381	1.291	0.103	0.101	0.109	0.101	0.103	0.100
33:59:16	30.1	1.378	1.380	1.401	1.353	1.373	1.342	0.120	0.122	0.249	0.107	0.106	0.105	1.367	1.175	1.170	1.043	1.117	1.105	0.138	0.147	0.364	0.102	0.106	0.113	1.245	1.221	1.171	1.167	1.078	1.141	0.532	0.571	0.945	0.105	0.108	0.107	1.292	1.244	1.288	1.204	1.194	1.117	0.111	0.108	0.115	0.102	0.105	0.104	1.315	1.318	1.333	1.240	1.361	1.309	0.182	0.140	1.088	0.101	0.103	0.103	1.188	1.259	1.237	1.153	1.209	1.043	0.107	0.107	0.131	0.104	0.105	0.099	1.376	1.351	1.434	1.272	1.352	1.286	0.105	0.107	0.498	0.101	0.103	0.099	1.366	1.428	1.471	1.290	1.383	1.293	0.103	0.101	0.109	0.101	0.103	0.100
34:14:16	30.1	1.379	1.381	1.402	1.354	1.375	1.344	0.120	0.122	0.257	0.108	0.106	0.105	1.370	1.177	1.172	1.044	1.117	1.106	0.139	0.147	0.378	0.103	0.106	0.113	1.246	1.222	1.172	1.169	1.079	1.141	0.555	0.596	0.946	0.106	0.108	0.107	1.293	1.245	1.290	1.205	1.197	1.119	0.112	0.108	0.115	0.102	0.105	0.104	1.315	1.320	1.334	1.240	1.362	1.311	0.188	0.142	1.090	0.101	0.103	0.103	1.188	1.260	1.237	1.156	1.215	1.045	0.107	0.107	0.132	0.104	0.105	0.099	1.376	1.352	1.435	1.274	1.355	1.288	0.105	0.107	0.519	0.101	0.103	0.100	1.368	1.426	1.471	1.292	1.386	1.295	0.103	0.101	0.109	0.101	0.103	0.100
34:29:16	30.1	1.379	1.381	1.403	1.355	1.377	1.347	0.120	0.122	0.265	0.108	0.107	0.105	1.367	1.177	1.171	1.046	1.120	1.107	0.140	0.148	0.394	0.103	0.106	0.113	1.246	1.223	1.173	1.170	1.082	1.144	0.582	0.620	0.947	0.106	0.108	0.107	1.294	1.245	1.290	1.207	1.199	1.120	0.112	0.108	0.115	0.103	0.105	0.104	1.316	1.320	1.335	1.241	1.363	1.311	0.193	0.143	1.090	0.101	0.103	0.103	1.190	1.262	1.238	1.158	1.216	1.046	0.107	0.107	0.132	0.104	0.105	0.099	1.375	1.354	1.435	1.275	1.357	1.290	0.105	0.108	0.547	0.101	0.103	0.100	1.371	1.427	1.476	1.294	1.387	1.296	0.103	0.101	0.109	0.101	0.103	0.100
34:44:16	30.1	1.379	1.381	1.404	1.357	1.380	1.349	0.121	0.122	0.275	0.108	0.107	0.105	1.370	1.178	1.173	1.047	1.121	1.109	0.141	0.149	0.410	0.103	0.106	0.113	1.247	1.224	1.174	1.171	1.083	1.145	0.612	0.649	0.949	0.106	0.108	0.107	1.295	1.246	1.290	1.209	1.200	1.122	0.112	0.108	0.115	0.103	0.105	0.104	1.317	1.320	1.335	1.242	1.364	1.314	0.200	0.145	1.091	0.101	0.103	0.103	1.190	1.262	1.241	1.160	1.225	1.049	0.107	0.107	0.132	0.104	0.105	0.099	1.382	1.356	1.437	1.276	1.359	1.290	0.105	0.108	0.570	0.101	0.103	0.100	1.374	1.430	1.476	1.296	1.387	1.297	0.103	0.101	0.109	0.101	0.103	0.100
34:59:16	30.1	1.380	1.382	1.405	1.357	1.381	1.351	0.121	0.122	0.286	0.108	0.107	0.105	1.368	1.179	1.174	1.048	1.121	1.110	0.141	0.150	0.429	0.102	0.106	0.113	1.247	1.225	1.175	1.172	1.083	1.146	0.639	0.678	0.949	0.105	0.108	0.107	1.296	1.246	1.291	1.210	1.202	1.124	0.112	0.108	0.115	0.102	0.105	0.104	1.317	1.321	1.336	1.242	1.365	1.315	0.206	0.147	1.095	0.100	0.103	0.103	1.191	1.262	1.242	1.163	1.215	1.052	0.107	0.107	0.132	0.104	0.105	0.099	1.377	1.357	1.440	1.278	1.361	1.292	0.105	0.108	0.592	0.101	0.103	0.100	1.375	1.433	1.474	1.297	1.390	1.299	0.103	0.101	0.109	0.100	0.103	0.100
35:14:16	30.1	1.381	1.383	1.406	1.359	1.382	1.353	0.121	0.122	0.298	0.108	0.107	0.105	1.373	1.179	1.175	1.049	1.122	1.111	0.142	0.151	0.448	0.103	0.106	0.113	1.248	1.226	1.177	1.173	1.084	1.147	0.670	0.707	0.949	0.106	0.108	0.107	1.296	1.247	1.293	1.211	1.204	1.125	0.112	0.108	0.115	0.102	0.105	0.104	1.318	1.321	1.336	1.243	1.367	1.317	0.215	0.149	1.097	0.100	0.103	0.103	1.191	1.263	1.244	1.164	1.218	1.053	0.107	0.107	0.133	0.104	0.105	0.099	1.382	1.358	1.442	1.280	1.363	1.293	0.105	0.108	0.616	0.101	0.103	0.099	1.382	1.434	1.480	1.298	1.392	1.302	0.103	0.101	0.109	0.101	0.103	0.100
35:29:16	30.1	1.380	1.383	1.405	1.360	1.383	1.356	0.121	0.123	0.309	0.108	0.107	0.105	1.373	1.180	1.174	1.051	1.125	1.112	0.143	0.153	0.467	0.103	0.106	0.113	1.249	1.226	1.176	1.175	1.086	1.149	0.701	0.735	0.951	0.106	0.108	0.107	1.296	1.247	1.293	1.213	1.206	1.127	0.112	0.108	0.115	0.102	0.105	0.104	1.318	1.323	1.336	1.244	1.368	1.319	0.223	0.151	1.098	0.101	0.103	0.103	1.192	1.264	1.246	1.165	1.221	1.056	0.107	0.107	0.133	0.104	0.105	0.099	1.385	1.359	1.444	1.288	1.365	1.295	0.105	0.108	0.651	0.101	0.103	0.100	1.384	1.435	1.478	1.300	1.394	1.305	0.103	0.101	0.109	0.101	0.103	0.100
35:44:16	30.1	1.381	1.383	1.406	1.362	1.384	1.357	0.121	0.123	0.322	0.108	0.107	0.105	1.370	1.181	1.175	1.053	1.126	1.114	0.144	0.154	0.490	0.103	0.106	0.113	1.250	1.227	1.178	1.176	1.089	1.151	0.727	0.766	0.952	0.106	0.108	0.107	1.297	1.248	1.294	1.214	1.208	1.128	0.112	0.108	0.115	0.102	0.105	0.104	1.319	1.323	1.337	1.245	1.369	1.320	0.232	0.153	1.099	0.101	0.103	0.103	1.193	1.265	1.247	1.168	1.224	1.057	0.107	0.107	0.134	0.104	0.105	0.099	1.379	1.362	1.445	1.291	1.366	1.296	0.105	0.108	0.685	0.101	0.103	0.099	1.385	1.434	1.484	1.301	1.394	1.307	0.103	0.101	0.109	0.101	0.103	0.100
35:59:16	30.1	1.381	1.384	1.407	1.363	1.385	1.360	0.122	0.123	0.336	0.108	0.106	0.105	1.373	1.182	1.177	1.054	1.126	1.116	0.145	0.155	0.514	0.103	0.106	0.113	1.250	1.228	1.179	1.177	1.088	1.151	0.746	0.797	0.952	0.106	0.108	0.107	1.297	1.247	1.296	1.215	1.208	1.130	0.112	0.108	0.115	0.102	0.105	0.104	1.319	1.324	1.338	1.246	1.370	1.321	0.242	0.155	1.101	0.101	0.103	0.103	1.193	1.265	1.250	1.169	1.250	1.058	0.107	0.107	0.134	0.104	0.105	0.099	1.389	1.363	1.447	1.293	1.368	1.299	0.105	0.108	0.709	0.101	0.103	0.099	1.390	1.434	1.483	1.303	1.396	1.308	0.103	0.101	0.109	0.101	0.103	0.100
36:14:16	30.1	1.382	1.384	1.407	1.363	1.387	1.363	0.122	0.123	0.350	0.108	0.107	0.105	1.370	1.183	1.178	1.056	1.127	1.117	0.145	0.156	0.538	0.103	0.106	0.113	1.251	1.228	1.179	1.178	1.091	1.154	0.764	0.827	0.953	0.106	0.108	0.107	1.298	1.248	1.296	1.217	1.211	1.131	0.112	0.108	0.115	0.102	0.105	0.104	1.320	1.325	1.338	1.247	1.371	1.323	0.251	0.158	1.103	0.101	0.103	0.103	1.195	1.266	1.253	1.172	1.243	1.061	0.107	0.107	0.135	0.104	0.105	0.099	1.383	1.364	1.449	1.294	1.369	1.301	0.106	0.108	0.742	0.101	0.103	0.099	1.389	1.435	1.483	1.305	1.396	1.309	0.103	0.101	0.109	0.100	0.103	0.100
36:29:16	30.1	1.383	1.385	1.409	1.365	1.387	1.367	0.122	0.123	0.367	0.108	0.107	0.105	1.373	1.183	1.179	1.057	1.128	1.118	0.147	0.158	0.565	0.103	0.106	0.113	1.252	1.230	1.181	1.179	1.091	1.155	0.777	0.861	0.953	0.106	0.108	0.107	1.298	1.248	1.297	1.218	1.211	1.132	0.112	0.108	0.115	0.102	0.105	0.104	1.321	1.325	1.338	1.247	1.372	1.323	0.262	0.162	1.106	0.101	0.103	0.103	1.196	1.266	1.253	1.173	1.230	1.062	0.107	0.107	0.135	0.104	0.105	0.099	1.395	1.366	1.450	1.295	1.370	1.301	0.106	0.108	0.771	0.101	0.103	0.100	1.391	1.437	1.486	1.307	1.397	1.310	0.103	0.101	0.109	0.101	0.103	0.100
36:44:16	30.1	1.383	1.385	1.409	1.365	1.386	1.371	0.122	0.123	0.383	0.108	0.106	0.105	1.374	1.183	1.178	1.058	1.130	1.119	0.147	0.159	0.595	0.102	0.106	0.113	1.252	1.230	1.181	1.180	1.093	1.156	0.792	0.890	0.954	0.105	0.108	0.107	1.299	1.249	1.297	1.220	1.214	1.134	0.112	0.108	0.115	0.102	0.105	0.104	1.321	1.325	1.339	1.248	1.373	1.325	0.274	0.164	1.109	0.100	0.103	0.103	1.196	1.266	1.255	1.175	1.230	1.064	0.107	0.107	0.135	0.104	0.105	0.099	1.397	1.367	1.450	1.296	1.371	1.303	0.106	0.108	0.802	0.101	0.103	0.099	1.393	1.441	1.486	1.308	1.398	1.313	0.103	0.101	0.109	0.101	0.103	0.100
36:59:16	30.1	1.384	1.386	1.409	1.368	1.386	1.376	0.122	0.123	0.399	0.108	0.107	0.105	1.375	1.184	1.179	1.060	1.130	1.121	0.149	0.160	0.626	0.103	0.106	0.113	1.253	1.231	1.181	1.182	1.095	1.158	0.803	0.919	0.957	0.106	0.108	0.107	1.300	1.250	1.298	1.221	1.216	1.136	0.112	0.108	0.115	0.102	0.105	0.104	1.322	1.327	1.339	1.249	1.375	1.326	0.287	0.168	1.109	0.101	0.103	0.103	1.197	1.268	1.256	1.176	1.233	1.065	0.107	0.107	0.136	0.104	0.105	0.099	1.392	1.369	1.451	1.299	1.373	1.304	0.106	0.108	0.844	0.101	0.103	0.099	1.396	1.445	1.484	1.310	1.398	1.315	0.103	0.101	0.109	0.101	0.103	0.100
37:14:16	30.1	1.384	1.386	1.410	1.369	1.385	1.379	0.122	0.123	0.422	0.108	0.106	0.105	1.376	1.185	1.180	1.061	1.131	1.121	0.150	0.163	0.655	0.103	0.106	0.113	1.254	1.232	1.182	1.183	1.096	1.159	0.808	0.943	0.957	0.105	0.108	0.107	1.301	1.250	1.298	1.222	1.216	1.137	0.112	0.108	0.115	0.103	0.105	0.104	1.322	1.327	1.340	1.250	1.375	1.327	0.299	0.171	1.113	0.100	0.103	0.103	1.198	1.268	1.257	1.178	1.233	1.066	0.107	0.107	0.137	0.104	0.105	0.099	1.397	1.370	1.453	1.300	1.377	1.306	0.107	0.109	0.869	0.101	0.103	0.099	1.393	1.444	1.492	1.312	1.399	1.315	0.103	0.101	0.109	0.101	0.103	0.100
37:29:16	30.1	1.384	1.386	1.411	1.370	1.387	1.380	0.123	0.124	0.442	0.108	0.106	0.105	1.377	1.186	1.181	1.063	1.132	1.123	0.150	0.166	0.686	0.103	0.106	0.113	1.255	1.232	1.184	1.184	1.097	1.161	0.817	0.965	0.958	0.106	0.108	0.107	1.303	1.251	1.300	1.223	1.218	1.138	0.112	0.108	0.115	0.102	0.105	0.104	1.323	1.327	1.341	1.250	1.377	1.329	0.312	0.175	1.118	0.101	0.103	0.103	1.200	1.269	1.261	1.181	1.242	1.068	0.107	0.107	0.137	0.104	0.105	0.099	1.395	1.371	1.455	1.302	1.381	1.309	0.108	0.109	0.916	0.101	0.103	0.099	1.386	1.445	1.489	1.315	1.399	1.317	0.103	0.101	0.109	0.101	0.103	0.100
37:44:16	30.1	1.385	1.387	1.410	1.372	1.386	1.382	0.123	0.124	0.465	0.108	0.107	0.105	1.374	1.186	1.181	1.064	1.133	1.123	0.152	0.166	0.717	0.103	0.106	0.113	1.255	1.233	1.184	1.185	1.099	1.162	0.825	0.983	0.958	0.106	0.108	0.107	1.303	1.252	1.300	1.226	1.221	1.140	0.112	0.108	0.115	0.102	0.105	0.104	1.323	1.328	1.341	1.251	1.377	1.329	0.329	0.179	1.120	0.100	0.103	0.103	1.200	1.270	1.262	1.182	1.238	1.069	0.107	0.107	0.138	0.104	0.105	0.099	1.401	1.373	1.457	1.304	1.382	1.310	0.108	0.109	0.957	0.101	0.103	0.099	1.386	1.445	1.495	1.318	1.400	1.318	0.103	0.101	0.109	0.100	0.103	0.100
37:59:16	30.1	1.385	1.387	1.411	1.373	1.387	1.384	0.123	0.124	0.491	0.108	0.107	0.105	1.378	1.187	1.182	1.065	1.136	1.125	0.153	0.168	0.748	0.103	0.106	0.113	1.256	1.234	1.185	1.187	1.100	1.163	0.830	0.997	0.960	0.106	0.108	0.107	1.304	1.254	1.302	1.226	1.223	1.142	0.112	0.108	0.115	0.102	0.105	0.104	1.325	1.328	1.342	1.252	1.379	1.331	0.349	0.184	1.125	0.101	0.103	0.103	1.200	1.270	1.265	1.183	1.230	1.071	0.107	0.107	0.139	0.104	0.105	0.099	1.399	1.374	1.457	1.306	1.383	1.311	0.110	0.109	1.010	0.101	0.103	0.099	1.389	1.446	1.494	1.319	1.401	1.319	0.103	0.101	0.109	0.101	0.103	0.100
38:14:16	30.0	1.386	1.387	1.411	1.374	1.388	1.385	0.124	0.124	0.515	0.108	0.106	0.105	1.376	1.188	1.183	1.067	1.136	1.127	0.154	0.170	0.777	0.103	0.106	0.113	1.257	1.234	1.187	1.188	1.101	1.165	0.831	1.008	0.960	0.106	0.108	0.107	1.304	1.254	1.303	1.228	1.224	1.143	0.112	0.108	0.115	0.102	0.105	0.104	1.325	1.329	1.342	1.253	1.379	1.333	0.369	0.189	1.127	0.101	0.103	0.103	1.201	1.271	1.266	1.185	1.231	1.073	0.107	0.107	0.140	0.104	0.105	0.099	1.398	1.375	1.458	1.306	1.385	1.312	0.111	0.109	1.051	0.101	0.103	0.099	1.394	1.445	1.493	1.321	1.402	1.321	0.103	0.101	0.109	0.101	0.103	0.100
38:29:16	30.1	1.386	1.388	1.411	1.375	1.389	1.388	0.124	0.124	0.541	0.108	0.107	0.105	1.378	1.189	1.184	1.069	1.139	1.128	0.155	0.172	0.808	0.103	0.106	0.113	1.258	1.236	1.187	1.189	1.103	1.165	0.835	1.017	0.962	0.105	0.108	0.107	1.305	1.255	1.303	1.230	1.225	1.143	0.112	0.108	0.116	0.102	0.105	0.104	1.326	1.330	1.343	1.254	1.381	1.333	0.394	0.196	1.126	0.101	0.103	0.103	1.201	1.270	1.268	1.188	1.242	1.074	0.107	0.107	0.141	0.104	0.105	0.099	1.405	1.377	1.459	1.307	1.386	1.313	0.111	0.110	1.101	0.101	0.103	0.100	1.393	1.446	1.495	1.324	1.403	1.322	0.103	0.101	0.110	0.101	0.103	0.100
38:44:16	30.1	1.387	1.389	1.412	1.376	1.389	1.390	0.124	0.124	0.571	0.108	0.106	0.105	1.379	1.190	1.185	1.069	1.139	1.129	0.156	0.173	0.828	0.103	0.106	0.113	1.258	1.236	1.188	1.189	1.105	1.167	0.837	1.025	0.963	0.105	0.108	0.107	1.305	1.255	1.304	1.229	1.226	1.146	0.112	0.108	0.116	0.102	0.105	0.104	1.327	1.331	1.344	1.254	1.382	1.333	0.415	0.202	1.130	0.100	0.103	0.103	1.201	1.271	1.270	1.190	1.265	1.075	0.107	0.107	0.142	0.104	0.105	0.099	1.401	1.377	1.460	1.308	1.389	1.315	0.112	0.109	1.148	0.101	0.103	0.099	1.395	1.446	1.496	1.326	1.405	1.325	0.103	0.101	0.110	0.100	0.103	0.100
38:59:16	30.1	1.387	1.390	1.412	1.377	1.390	1.392	0.124	0.125	0.604	0.108	0.107	0.105	1.382	1.191	1.185	1.071	1.141	1.131	0.157	0.175	0.844	0.103	0.106	0.113	1.259	1.238	1.188	1.192	1.107	1.168	0.841	1.029	0.963	0.106	0.109	0.107	1.305	1.257	1.304	1.231	1.228	1.147	0.112	0.108	0.116	0.102	0.105	0.104	1.327	1.331	1.344	1.256	1.383	1.334	0.436	0.209	1.135	0.101	0.103	0.103	1.202	1.272	1.270	1.190	1.247	1.077	0.107	0.107	0.142	0.104	0.105	0.099	1.406	1.379	1.461	1.309	1.391	1.320	0.114	0.110	1.189	0.101	0.103	0.100	1.395	1.447	1.494	1.329	1.407	1.330	0.103	0.101	0.110	0.101	0.103	0.100
39:14:16	30.1	1.388	1.390	1.413	1.378	1.391	1.393	0.125	0.125	0.635	0.108	0.107	0.105	1.384	1.191	1.185	1.072	1.143	1.133	0.159	0.176	0.860	0.103	0.106	0.113	1.260	1.238	1.190	1.192	1.108	1.169	0.842	1.031	0.966	0.105	0.108	0.107	1.304	1.258	1.306	1.232	1.232	1.148	0.112	0.108	0.116	0.102	0.105	0.104	1.327	1.332	1.345	1.256	1.384	1.336	0.462	0.218	1.135	0.101	0.103	0.103	1.203	1.273	1.272	1.193	1.255	1.079	0.107	0.107	0.143	0.104	0.105	0.099	1.406	1.380	1.463	1.310	1.395	1.322	0.115	0.110	1.227	0.101	0.103	0.100	1.398	1.451	1.495	1.329	1.409	1.331	0.103	0.101	0.110	0.100	0.103	0.100
39:29:16	30.1	1.388	1.390	1.414	1.380	1.394	1.395	0.125	0.125	0.672	0.108	0.106	0.105	1.381	1.192	1.187	1.074	1.142	1.133	0.159	0.179	0.870	0.103	0.106	0.113	1.261	1.239	1.192	1.193	1.110	1.170	0.843	1.037	0.967	0.105	0.108	0.107	1.306	1.259	1.307	1.233	1.229	1.149	0.112	0.108	0.116	0.102	0.105	0.104	1.328	1.332	1.346	1.256	1.385	1.336	0.486	0.227	1.140	0.101	0.103	0.103	1.204	1.274	1.272	1.196	1.247	1.080	0.107	0.107	0.145	0.104	0.105	0.099	1.407	1.381	1.464	1.311	1.398	1.323	0.117	0.110	1.260	0.101	0.103	0.099	1.402	1.452	1.499	1.331	1.412	1.333	0.103	0.101	0.110	0.100	0.103	0.100
39:44:16	30.1	1.389	1.391	1.414	1.381	1.397	1.396	0.125	0.125	0.709	0.108	0.107	0.105	1.385	1.193	1.187	1.075	1.144	1.135	0.161	0.180	0.881	0.103	0.106	0.113	1.261	1.239	1.191	1.194	1.111	1.172	0.844	1.039	0.967	0.106	0.109	0.107	1.305	1.259	1.307	1.234	1.232	1.151	0.112	0.108	0.116	0.102	0.105	0.104	1.328	1.333	1.345	1.258	1.386	1.336	0.508	0.237	1.143	0.101	0.103	0.103	1.205	1.275	1.274	1.198	1.254	1.081	0.107	0.107	0.145	0.104	0.105	0.099	1.410	1.381	1.466	1.312	1.400	1.325	0.122	0.110	1.295	0.101	0.103	0.099	1.406	1.455	1.495	1.332	1.414	1.335	0.103	0.101	0.110	0.101	0.103	0.100
39:59:16	30.1	1.389	1.391	1.415	1.382	1.399	1.397	0.125	0.125	0.746	0.108	0.106	0.105	1.384	1.193	1.188	1.077	1.145	1.136	0.162	0.184	0.889	0.102	0.106	0.113	1.262	1.239	1.193	1.196	1.112	1.173	0.848	1.042	0.967	0.105	0.108	0.107	1.308	1.260	1.308	1.234	1.233	1.152	0.112	0.108	0.116	0.102	0.105	0.104	1.329	1.333	1.347	1.258	1.387	1.338	0.536	0.249	1.146	0.101	0.103	0.103	1.205	1.276	1.275	1.200	1.272	1.083	0.107	0.107	0.147	0.104	0.105	0.099	1.405	1.383	1.466	1.313	1.401	1.325	0.126	0.110	1.327	0.101	0.103	0.099	1.409	1.455	1.493	1.334	1.418	1.336	0.103	0.101	0.110	0.100	0.103	0.100
40:14:16	30.0	1.389	1.391	1.415	1.383	1.403	1.399	0.126	0.125	0.782	0.108	0.107	0.105	1.384	1.194	1.188	1.078	1.147	1.138	0.163	0.186	0.895	0.103	0.106	0.113	1.262	1.240	1.192	1.197	1.115	1.175	0.850	1.044	0.969	0.105	0.108	0.107	1.308	1.260	1.309	1.236	1.235	1.153	0.112	0.108	0.116	0.102	0.105	0.104	1.329	1.334	1.347	1.258	1.388	1.339	0.569	0.261	1.151	0.101	0.103	0.103	1.207	1.276	1.278	1.202	1.257	1.085	0.107	0.107	0.149	0.104	0.105	0.099	1.415	1.384	1.466	1.315	1.402	1.327	0.130	0.111	1.360	0.101	0.103	0.100	1.410	1.455	1.498	1.337	1.419	1.337	0.103	0.101	0.110	0.100	0.103	0.100
40:29:16	30.1	1.390	1.392	1.416	1.384	1.406	1.400	0.126	0.126	0.820	0.108	0.107	0.105	1.383	1.195	1.190	1.080	1.149	1.139	0.165	0.188	0.898	0.103	0.106	0.113	1.263	1.241	1.194	1.199	1.116	1.176	0.852	1.044	0.970	0.105	0.108	0.107	1.308	1.261	1.309	1.237	1.236	1.155	0.112	0.108	0.116	0.102	0.105	0.104	1.330	1.334	1.348	1.260	1.388	1.339	0.602	0.277	1.161	0.101	0.103	0.103	1.208	1.277	1.279	1.204	1.259	1.086	0.107	0.107	0.150	0.104	0.105	0.099	1.409	1.385	1.467	1.315	1.403	1.329	0.135	0.111	1.385	0.101	0.103	0.100	1.412	1.456	1.499	1.338	1.419	1.337	0.103	0.101	0.110	0.100	0.103	0.100
40:44:16	30.1	1.391	1.392	1.416	1.385	1.410	1.401	0.126	0.126	0.857	0.108	0.107	0.105	1.386	1.195	1.190	1.082	1.150	1.139	0.166	0.189	0.902	0.103	0.106	0.113	1.264	1.241	1.195	1.200	1.116	1.177	0.857	1.047	0.971	0.105	0.108	0.107	1.310	1.262	1.309	1.238	1.237	1.157	0.112	0.108	0.116	0.102	0.105	0.104	1.330	1.335	1.348	1.260	1.390	1.341	0.637	0.293	1.165	0.101	0.103	0.103	1.208	1.278	1.280	1.205	1.255	1.088	0.107	0.107	0.152	0.104	0.105	0.099	1.412	1.386	1.468	1.316	1.403	1.329	0.139	0.111	1.405	0.101	0.103	0.099	1.415	1.457	1.498	1.339	1.423	1.338	0.103	0.101	0.111	0.100	0.103	0.100
40:59:16	30.1	1.391	1.393	1.416	1.386	1.416	1.403	0.127	0.126	0.891	0.108	0.106	0.105	1.381	1.195	1.192	1.083	1.151	1.140	0.168	0.192	0.906	0.103	0.106	0.113	1.264	1.242	1.196	1.201	1.118	1.179	0.858	1.049	0.972	0.105	0.109	0.107	1.311	1.263	1.310	1.239	1.237	1.158	0.112	0.108	0.116	0.102	0.105	0.104	1.332	1.336	1.349	1.261	1.391	1.342	0.678	0.312	1.170	0.101	0.103	0.103	1.209	1.278	1.280	1.208	1.256	1.090	0.107	0.107	0.154	0.104	0.105	0.099	1.416	1.388	1.470	1.317	1.404	1.331	0.146	0.111	1.420	0.101	0.103	0.099	1.416	1.459	1.498	1.340	1.424	1.338	0.103	0.101	0.111	0.100	0.103	0.100
41:14:16	30.1	1.391	1.393	1.417	1.387	1.422	1.404	0.127	0.126	0.921	0.108	0.107	0.105	1.386	1.197	1.191	1.084	1.153	1.142	0.169	0.193	0.909	0.103	0.106	0.113	1.265	1.243	1.196	1.202	1.119	1.179	0.860	1.049	0.972	0.105	0.109	0.107	1.311	1.263	1.310	1.240	1.241	1.159	0.112	0.108	0.116	0.103	0.105	0.104	1.331	1.337	1.349	1.261	1.391	1.342	0.716	0.332	1.175	0.101	0.103	0.103	1.209	1.278	1.283	1.209	1.263	1.091	0.107	0.107	0.157	0.104	0.105	0.099	1.414	1.389	1.471	1.317	1.405	1.332	0.149	0.112	1.429	0.101	0.103	0.100	1.416	1.459	1.503	1.342	1.426	1.340	0.103	0.101	0.111	0.101	0.103	0.101
41:29:16	30.1	1.392	1.394	1.418	1.388	1.430	1.404	0.127	0.127	0.942	0.108	0.107	0.105	1.387	1.197	1.193	1.086	1.155	1.143	0.171	0.207	0.911	0.103	0.106	0.113	1.266	1.243	1.197	1.203	1.121	1.181	0.862	1.051	0.974	0.105	0.108	0.107	1.311	1.264	1.310	1.240	1.240	1.160	0.112	0.108	0.116	0.102	0.105	0.104	1.332	1.336	1.350	1.262	1.392	1.343	0.763	0.354	1.176	0.101	0.103	0.103	1.209	1.279	1.283	1.210	1.264	1.092	0.107	0.107	0.159	0.104	0.105	0.099	1.419	1.390	1.472	1.318	1.405	1.334	0.158	0.112	1.438	0.101	0.103	0.100	1.412	1.461	1.501	1.343	1.426	1.341	0.103	0.101	0.112	0.101	0.103	0.101
41:44:16	30.1	1.392	1.394	1.418	1.389	1.444	1.407	0.127	0.126	0.962	0.108	0.106	0.105	1.389	1.198	1.194	1.087	1.154	1.144	0.172	0.212	0.914	0.103	0.106	0.113	1.266	1.245	1.199	1.204	1.122	1.182	0.863	1.054	0.974	0.105	0.108	0.107	1.311	1.264	1.311	1.242	1.240	1.161	0.112	0.108	0.116	0.102	0.105	0.104	1.333	1.337	1.350	1.262	1.393	1.344	0.807	0.379	1.177	0.101	0.103	0.103	1.209	1.280	1.284	1.214	1.270	1.093	0.107	0.107	0.162	0.104	0.105	0.099	1.413	1.391	1.472	1.319	1.407	1.334	0.171	0.112	1.447	0.101	0.103	0.099	1.413	1.463	1.499	1.344	1.426	1.341	0.103	0.101	0.112	0.100	0.103	0.100
41:59:16	30.1	1.393	1.394	1.418	1.390	1.440	1.410	0.128	0.127	0.975	0.108	0.107	0.105	1.387	1.199	1.194	1.089	1.157	1.145	0.174	0.214	0.914	0.103	0.106	0.113	1.267	1.246	1.199	1.205	1.123	1.183	0.865	1.054	0.975	0.105	0.108	0.107	1.310	1.264	1.312	1.243	1.242	1.163	0.111	0.108	0.116	0.102	0.105	0.104	1.333	1.338	1.351	1.264	1.394	1.344	0.856	0.406	1.177	0.101	0.103	0.103	1.208	1.280	1.285	1.214	1.274	1.094	0.107	0.107	0.165	0.104	0.105	0.099	1.421	1.392	1.472	1.319	1.408	1.335	0.186	0.113	1.452	0.101	0.102	0.099	1.414	1.464	1.497	1.345	1.427	1.343	0.103	0.101	0.112	0.100	0.103	0.100
42:14:16	30.1	1.392	1.395	1.419	1.391	1.419	1.410	0.128	0.127	0.991	0.108	0.107	0.105	1.391	1.200	1.196	1.089	1.157	1.147	0.176	0.219	0.918	0.103	0.106	0.113	1.268	1.246	1.200	1.207	1.123	1.185	0.864	1.056	0.976	0.105	0.108	0.107	1.311	1.266	1.313	1.244	1.243	1.164	0.112	0.108	0.116	0.102	0.105	0.104	1.333	1.338	1.352	1.265	1.395	1.345	0.903	0.438	1.180	0.101	0.103	0.103	1.209	1.280	1.286	1.218	1.271	1.095	0.107	0.107	0.168	0.104	0.105	0.099	1.415	1.393	1.472	1.321	1.409	1.337	0.208	0.113	1.455	0.101	0.103	0.099	1.407	1.464	1.495	1.352	1.427	1.344	0.103	0.101	0.113	0.100	0.103	0.100
42:29:16	30.1	1.393	1.395	1.419	1.393	1.418	1.414	0.128	0.127	1.000	0.108	0.107	0.105	1.391	1.201	1.196	1.091	1.159	1.148	0.178	0.225	0.919	0.103	0.106	0.113	1.268	1.247	1.202	1.208	1.125	1.185	0.866	1.057	0.977	0.105	0.108	0.107	1.310	1.267	1.313	1.244	1.245	1.165	0.112	0.108	0.116	0.102	0.105	0.104	1.334	1.339	1.352	1.265	1.396	1.346	0.958	0.473	1.184	0.101	0.103	0.103	1.209	1.282	1.286	1.219	1.280	1.098	0.107	0.107	0.171	0.104	0.105	0.099	1.425	1.394	1.473	1.323	1.410	1.338	0.231	0.113	1.460	0.101	0.103	0.099	1.407	1.465	1.500	1.352	1.429	1.345	0.103	0.101	0.113	0.100	0.103	0.100
42:44:16	30.1	1.394	1.396	1.419	1.394	1.419	1.415	0.128	0.127	1.006	0.108	0.107	0.105	1.391	1.201	1.197	1.093	1.161	1.149	0.180	0.228	0.921	0.103	0.106	0.113	1.269	1.247	1.202	1.210	1.127	1.187	0.868	1.056	0.978	0.105	0.108	0.107	1.309	1.267	1.313	1.246	1.247	1.167	0.112	0.108	0.116	0.103	0.105	0.104	1.335	1.339	1.352	1.266	1.397	1.347	1.010	0.508	1.184	0.101	0.103	0.103	1.209	1.282	1.288	1.220	1.276	1.099	0.107	0.107	0.175	0.104	0.105	0.099	1.418	1.395	1.476	1.324	1.412	1.339	0.255	0.114	1.463	0.101	0.103	0.099	1.410	1.464	1.499	1.353	1.433	1.346	0.103	0.101	0.114	0.100	0.103	0.100
42:59:16	30.1	1.394	1.395	1.420	1.395	1.421	1.416	0.129	0.128	1.014	0.108	0.107	0.105	1.392	1.202	1.198	1.094	1.161	1.150	0.181	0.232	0.922	0.103	0.106	0.113	1.270	1.248	1.203	1.210	1.129	1.188	0.868	1.060	0.979	0.105	0.109	0.107	1.311	1.268	1.313	1.247	1.250	1.168	0.112	0.108	0.116	0.102	0.105	0.104	1.335	1.339	1.353	1.267	1.397	1.347	1.060	0.548	1.188	0.101	0.103	0.103	1.210	1.282	1.289	1.222	1.285	1.100	0.107	0.107	0.179	0.104	0.105	0.099	1.425	1.396	1.481	1.325	1.413	1.341	0.275	0.115	1.464	0.101	0.103	0.099	1.409	1.465	1.499	1.355	1.437	1.347	0.103	0.101	0.115	0.101	0.103	0.100
43:14:16	30.1	1.394	1.396	1.420	1.397	1.422	1.417	0.129	0.128	1.019	0.108	0.107	0.105	1.393	1.202	1.198	1.095	1.163	1.152	0.183	0.235	0.923	0.103	0.106	0.113	1.270	1.249	1.203	1.211	1.129	1.189	0.870	1.058	0.980	0.105	0.108	0.107	1.306	1.267	1.313	1.248	1.252	1.169	0.112	0.108	0.116	0.102	0.105	0.104	1.336	1.340	1.353	1.268	1.399	1.348	1.105	0.586	1.188	0.101	0.103	0.103	1.210	1.282	1.290	1.223	1.270	1.100	0.107	0.107	0.184	0.104	0.105	0.099	1.419	1.397	1.484	1.326	1.414	1.341	0.292	0.115	1.466	0.101	0.103	0.099	1.409	1.467	1.500	1.358	1.438	1.348	0.103	0.101	0.116	0.100	0.103	0.100
43:29:16	30.1	1.395	1.397	1.421	1.398	1.423	1.419	0.129	0.128	1.024	0.108	0.107	0.105	1.392	1.204	1.198	1.097	1.164	1.153	0.185	0.238	0.923	0.103	0.106	0.113	1.271	1.250	1.204	1.213	1.131	1.190	0.874	1.060	0.981	0.105	0.108	0.107	1.306	1.267	1.313	1.249	1.255	1.171	0.112	0.108	0.116	0.102	0.105	0.104	1.337	1.341	1.354	1.269	1.399	1.348	1.151	0.628	1.191	0.101	0.103	0.103	1.210	1.283	1.291	1.225	1.276	1.103	0.107	0.107	0.187	0.104	0.105	0.099	1.427	1.398	1.485	1.327	1.414	1.343	0.318	0.116	1.466	0.101	0.103	0.099	1.413	1.469	1.500	1.359	1.440	1.349	0.103	0.101	0.117	0.100	0.103	0.100
43:44:16	30.1	1.395	1.397	1.421	1.399	1.423	1.421	0.130	0.128	1.026	0.108	0.107	0.105	1.393	1.204	1.200	1.098	1.166	1.155	0.188	0.242	0.927	0.103	0.106	0.113	1.271	1.250	1.204	1.214	1.132	1.192	0.873	1.060	0.983	0.105	0.108	0.107	1.303	1.268	1.314	1.250	1.258	1.171	0.112	0.108	0.116	0.102	0.105	0.104	1.337	1.341	1.355	1.269	1.400	1.349	1.190	0.674	1.189	0.100	0.103	0.103	1.211	1.284	1.293	1.226	1.292	1.105	0.107	0.107	0.193	0.104	0.105	0.099	1.421	1.399	1.486	1.327	1.415	1.344	0.330	0.118	1.469	0.101	0.103	0.099	1.417	1.470	1.501	1.360	1.440	1.350	0.103	0.101	0.117	0.100	0.103	0.100
43:59:16	30.1	1.395	1.398	1.422	1.400	1.423	1.421	0.130	0.128	1.033	0.108	0.106	0.105	1.394	1.205	1.201	1.100	1.167	1.156	0.190	0.245	0.926	0.103	0.106	0.113	1.272	1.251	1.205	1.215	1.133	1.192	0.873	1.061	0.983	0.105	0.108	0.107	1.303	1.268	1.315	1.251	1.260	1.171	0.112	0.108	0.116	0.102	0.105	0.104	1.338	1.342	1.355	1.270	1.401	1.349	1.222	0.721	1.193	0.101	0.103	0.103	1.212	1.285	1.292	1.228	1.282	1.105	0.107	0.107	0.199	0.104	0.105	0.099	1.429	1.400	1.487	1.328	1.417	1.345	0.365	0.120	1.469	0.101	0.103	0.099	1.415	1.472	1.501	1.361	1.440	1.350	0.103	0.101	0.119	0.100	0.103	0.100
44:14:16	30.1	1.396	1.398	1.422	1.401	1.425	1.422	0.130	0.129	1.038	0.108	0.107	0.105	1.398	1.206	1.201	1.100	1.169	1.157	0.193	0.248	0.928	0.103	0.106	0.113	1.273	1.252	1.205	1.216	1.135	1.194	0.876	1.063	0.985	0.105	0.108	0.107	1.300	1.268	1.315	1.252	1.262	1.173	0.112	0.108	0.116	0.102	0.105	0.104	1.338	1.342	1.355	1.269	1.402	1.349	1.258	0.766	1.194	0.101	0.103	0.103	1.212	1.284	1.294	1.229	1.287	1.107	0.107	0.107	0.206	0.104	0.105	0.099	1.424	1.401	1.487	1.329	1.418	1.345	0.381	0.124	1.471	0.101	0.103	0.100	1.419	1.476	1.503	1.363	1.440	1.351	0.103	0.101	0.120	0.100	0.103	0.100
44:29:16	30.1	1.397	1.399	1.423	1.401	1.426	1.422	0.131	0.129	1.039	0.108	0.107	0.105	1.395	1.206	1.204	1.102	1.169	1.158	0.195	0.250	0.928	0.103	0.106	0.113	1.273	1.253	1.206	1.217	1.136	1.195	0.876	1.065	0.986	0.105	0.108	0.108	1.297	1.268	1.316	1.252	1.259	1.175	0.112	0.108	0.116	0.102	0.105	0.104	1.338	1.343	1.356	1.271	1.402	1.351	1.282	0.816	1.196	0.101	0.103	0.103	1.214	1.285	1.296	1.230	1.305	1.110	0.107	0.107	0.213	0.104	0.105	0.099	1.429	1.402	1.487	1.329	1.419	1.347	0.424	0.131	1.471	0.101	0.103	0.100	1.426	1.476	1.507	1.363	1.440	1.352	0.103	0.101	0.122	0.101	0.103	0.101
44:44:16	30.1	1.397	1.399	1.423	1.402	1.425	1.424	0.131	0.129	1.039	0.108	0.106	0.105	1.394	1.208	1.203	1.103	1.172	1.160	0.197	0.252	0.931	0.103	0.106	0.113	1.274	1.254	1.207	1.219	1.138	1.196	0.878	1.066	0.989	0.105	0.108	0.107	1.297	1.268	1.317	1.254	1.260	1.175	0.112	0.108	0.116	0.102	0.105	0.104	1.339	1.343	1.357	1.272	1.404	1.351	1.300	0.866	1.195	0.101	0.103	0.103	1.214	1.286	1.296	1.232	1.315	1.111	0.107	0.107	0.219	0.104	0.105	0.099	1.426	1.402	1.487	1.330	1.421	1.349	0.448	0.134	1.473	0.101	0.103	0.100	1.430	1.476	1.504	1.365	1.438	1.352	0.103	0.101	0.124	0.100	0.103	0.100
44:59:16	30.1	1.397	1.399	1.424	1.403	1.424	1.425	0.131	0.129	1.045	0.108	0.107	0.105	1.397	1.208	1.204	1.104	1.172	1.161	0.200	0.258	0.931	0.103	0.106	0.113	1.274	1.254	1.209	1.219	1.139	1.198	0.878	1.065	0.989	0.105	0.109	0.107	1.294	1.268	1.316	1.254	1.259	1.176	0.112	0.108	0.116	0.102	0.105	0.104	1.340	1.345	1.357	1.272	1.404	1.351	1.312	0.913	1.199	0.101	0.103	0.103	1.214	1.287	1.297	1.232	1.290	1.112	0.107	0.107	0.226	0.104	0.105	0.099	1.433	1.403	1.485	1.332	1.423	1.349	0.478	0.140	1.472	0.101	0.103	0.099	1.429	1.476	1.503	1.366	1.439	1.354	0.103	0.101	0.126	0.100	0.103	0.100
45:14:16	30.1	1.398	1.400	1.424	1.404	1.428	1.425	0.132	0.130	1.047	0.108	0.107	0.105	1.398	1.208	1.204	1.105	1.175	1.163	0.204	0.259	0.932	0.103	0.106	0.113	1.275	1.255	1.209	1.221	1.140	1.198	0.881	1.065	0.991	0.105	0.108	0.107	1.293	1.268	1.316	1.257	1.264	1.177	0.112	0.108	0.116	0.102	0.105	0.104	1.341	1.345	1.357	1.273	1.405	1.352	1.320	0.957	1.200	0.101	0.103	0.103	1.216	1.287	1.297	1.233	1.328	1.113	0.107	0.107	0.235	0.104	0.105	0.099	1.431	1.404	1.485	1.333	1.426	1.351	0.492	0.147	1.475	0.101	0.103	0.100	1.430	1.478	1.504	1.367	1.438	1.354	0.103	0.101	0.129	0.100	0.103	0.101
45:29:16	30.1	1.398	1.400	1.424	1.405	1.429	1.427	0.132	0.130	1.052	0.108	0.107	0.105	1.398	1.209	1.206	1.107	1.174	1.163	0.207	0.260	0.933	0.103	0.106	0.113	1.276	1.256	1.209	1.222	1.141	1.200	0.880	1.067	0.992	0.105	0.108	0.108	1.292	1.268	1.316	1.257	1.265	1.178	0.112	0.108	0.116	0.102	0.105	0.104	1.341	1.345	1.358	1.273	1.405	1.352	1.327	0.996	1.204	0.101	0.103	0.103	1.216	1.288	1.299	1.235	1.290	1.114	0.107	0.107	0.244	0.104	0.105	0.099	1.425	1.405	1.485	1.334	1.428	1.351	0.535	0.156	1.473	0.101	0.103	0.100	1.425	1.480	1.507	1.369	1.441	1.355	0.103	0.101	0.131	0.100	0.103	0.100
45:44:16	30.1	1.399	1.400	1.425	1.406	1.427	1.428	0.133	0.130	1.054	0.108	0.107	0.105	1.402	1.210	1.206	1.108	1.177	1.165	0.211	0.268	0.935	0.103	0.106	0.113	1.276	1.256	1.210	1.223	1.143	1.201	0.883	1.067	0.993	0.106	0.108	0.107	1.291	1.267	1.317	1.258	1.269	1.179	0.112	0.108	0.116	0.102	0.105	0.104	1.342	1.345	1.359	1.274	1.405	1.353	1.335	1.030	1.208	0.101	0.103	0.103	1.216	1.289	1.299	1.238	1.333	1.115	0.107	0.107	0.255	0.104	0.105	0.099	1.435	1.407	1.486	1.335	1.430	1.352	0.574	0.163	1.475	0.101	0.103	0.099	1.427	1.482	1.520	1.370	1.443	1.355	0.103	0.101	0.135	0.100	0.103	0.101
45:59:16	30.1	1.399	1.401	1.425	1.407	1.434	1.433	0.133	0.131	1.056	0.108	0.107	0.105	1.402	1.210	1.206	1.110	1.178	1.167	0.214	0.268	0.935	0.103	0.106	0.113	1.277	1.257	1.211	1.224	1.144	1.202	0.885	1.068	0.995	0.105	0.109	0.108	1.290	1.268	1.317	1.259	1.266	1.180	0.112	0.108	0.116	0.102	0.105	0.104	1.342	1.346	1.359	1.275	1.406	1.354	1.338	1.055	1.209	0.101	0.103	0.103	1.216	1.289	1.300	1.239	1.312	1.116	0.107	0.107	0.269	0.104	0.105	0.099	1.430	1.407	1.486	1.336	1.431	1.354	0.603	0.168	1.475	0.101	0.103	0.099	1.427	1.486	1.518	1.371	1.445	1.355	0.103	0.102	0.138	0.100	0.103	0.101
46:14:16	30.1	1.399	1.401	1.425	1.408	1.445	1.433	0.133	0.131	1.060	0.108	0.107	0.105	1.401	1.212	1.208	1.111	1.178	1.167	0.219	0.272	0.936	0.103	0.106	0.113	1.278	1.258	1.213	1.225	1.145	1.203	0.888	1.070	0.995	0.105	0.109	0.107	1.286	1.267	1.318	1.260	1.268	1.181	0.112	0.108	0.116	0.102	0.105	0.104	1.342	1.347	1.360	1.276	1.406	1.354	1.341	1.079	1.212	0.101	0.103	0.103	1.217	1.289	1.300	1.243	1.294	1.117	0.107	0.107	0.278	0.104	0.105	0.099	1.437	1.408	1.488	1.337	1.432	1.354	0.644	0.176	1.475	0.101	0.103	0.100	1.423	1.486	1.512	1.371	1.447	1.356	0.103	0.102	0.142	0.100	0.103	0.100
46:29:16	30.1	1.400	1.402	1.425	1.408	1.451	1.435	0.134	0.131	1.060	0.108	0.107	0.105	1.400	1.212	1.208	1.113	1.180	1.170	0.223	0.277	0.938	0.103	0.106	0.113	1.277	1.258	1.213	1.226	1.147	1.205	0.890	1.070	0.996	0.105	0.109	0.108	1.285	1.267	1.319	1.260	1.270	1.183	0.112	0.108	0.116	0.103	0.105	0.104	1.343	1.347	1.361	1.276	1.406	1.355	1.343	1.095	1.214	0.101	0.103	0.103	1.217	1.290	1.301	1.242	1.321	1.118	0.107	0.107	0.291	0.104	0.105	0.099	1.435	1.408	1.487	1.337	1.433	1.354	0.681	0.186	1.475	0.101	0.103	0.100	1.419	1.487	1.507	1.373	1.452	1.356	0.103	0.102	0.145	0.100	0.103	0.101
46:44:16	30.1	1.400	1.402	1.426	1.410	1.454	1.436	0.134	0.131	1.060	0.108	0.107	0.105	1.401	1.213	1.209	1.114	1.182	1.170	0.227	0.284	0.940	0.103	0.106	0.113	1.279	1.259	1.213	1.228	1.148	1.206	0.891	1.071	0.998	0.105	0.108	0.107	1.280	1.268	1.319	1.261	1.272	1.184	0.112	0.108	0.116	0.102	0.105	0.104	1.343	1.348	1.360	1.277	1.406	1.355	1.348	1.107	1.215	0.100	0.103	0.103	1.218	1.290	1.302	1.242	1.304	1.119	0.107	0.107	0.305	0.104	0.105	0.099	1.426	1.409	1.485	1.338	1.433	1.357	0.718	0.194	1.480	0.101	0.103	0.099	1.419	1.488	1.512	1.373	1.453	1.355	0.103	0.102	0.149	0.100	0.103	0.100
46:59:16	30.1	1.401	1.403	1.426	1.409	1.456	1.437	0.135	0.131	1.067	0.108	0.106	0.105	1.402	1.213	1.210	1.115	1.182	1.171	0.232	0.288	0.941	0.103	0.106	0.113	1.279	1.260	1.215	1.228	1.149	1.207	0.890	1.073	0.998	0.105	0.108	0.107	1.276	1.268	1.318	1.262	1.273	1.184	0.112	0.108	0.116	0.102	0.105	0.104	1.344	1.348	1.362	1.277	1.407	1.356	1.349	1.117	1.217	0.101	0.103	0.103	1.218	1.290	1.303	1.244	1.309	1.120	0.107	0.107	0.318	0.104	0.105	0.099	1.437	1.410	1.485	1.340	1.435	1.359	0.777	0.207	1.477	0.101	0.103	0.100	1.423	1.488	1.526	1.375	1.455	1.356	0.103	0.102	0.153	0.100	0.103	0.101
47:14:16	30.1	1.401	1.403	1.427	1.409	1.457	1.437	0.135	0.132	1.066	0.108	0.107	0.105	1.403	1.214	1.210	1.116	1.185	1.173	0.236	0.293	0.941	0.103	0.106	0.113	1.280	1.260	1.214	1.230	1.150	1.208	0.893	1.072	1.000	0.105	0.108	0.107	1.272	1.268	1.318	1.263	1.274	1.185	0.111	0.108	0.116	0.102	0.105	0.104	1.344	1.349	1.363	1.278	1.408	1.357	1.351	1.123	1.219	0.101	0.103	0.103	1.218	1.292	1.304	1.246	1.303	1.121	0.107	0.107	0.336	0.104	0.105	0.099	1.435	1.411	1.486	1.340	1.436	1.360	0.815	0.216	1.478	0.101	0.103	0.100	1.433	1.490	1.521	1.376	1.455	1.356	0.103	0.102	0.157	0.100	0.103	0.101
47:29:16	30.1	1.401	1.403	1.427	1.410	1.459	1.437	0.135	0.132	1.068	0.108	0.107	0.105	1.402	1.214	1.211	1.118	1.185	1.173	0.240	0.300	0.944	0.103	0.106	0.113	1.280	1.261	1.216	1.230	1.151	1.209	0.893	1.073	1.001	0.105	0.108	0.107	1.272	1.267	1.319	1.264	1.270	1.185	0.112	0.107	0.116	0.102	0.105	0.104	1.345	1.349	1.363	1.278	1.408	1.357	1.353	1.129	1.220	0.101	0.103	0.103	1.219	1.292	1.302	1.247	1.330	1.121	0.107	0.107	0.354	0.104	0.105	0.099	1.441	1.412	1.488	1.341	1.438	1.361	0.867	0.234	1.477	0.101	0.103	0.099	1.433	1.492	1.509	1.378	1.457	1.357	0.103	0.102	0.161	0.100	0.103	0.101
47:44:16	30.1	1.402	1.404	1.427	1.411	1.461	1.438	0.136	0.132	1.074	0.108	0.107	0.105	1.406	1.216	1.211	1.119	1.187	1.175	0.245	0.304	0.945	0.103	0.106	0.113	1.281	1.262	1.216	1.232	1.152	1.210	0.894	1.074	1.001	0.105	0.109	0.107	1.265	1.267	1.318	1.265	1.276	1.187	0.112	0.108	0.116	0.102	0.105	0.104	1.345	1.350	1.363	1.280	1.409	1.358	1.353	1.133	1.222	0.101	0.103	0.103	1.219	1.293	1.296	1.247	1.333	1.122	0.107	0.107	0.377	0.104	0.105	0.099	1.438	1.412	1.489	1.342	1.439	1.362	0.905	0.253	1.477	0.101	0.103	0.099	1.430	1.495	1.516	1.378	1.456	1.357	0.103	0.102	0.165	0.100	0.103	0.101
47:59:16	30.1	1.402	1.404	1.428	1.412	1.462	1.439	0.136	0.133	1.076	0.108	0.107	0.105	1.405	1.216	1.212	1.121	1.188	1.176	0.250	0.310	0.946	0.103	0.106	0.113	1.281	1.262	1.217	1.233	1.154	1.211	0.895	1.075	1.003	0.105	0.108	0.107	1.262	1.266	1.320	1.266	1.272	1.187	0.112	0.108	0.116	0.102	0.105	0.104	1.346	1.350	1.364	1.280	1.410	1.359	1.355	1.135	1.220	0.101	0.103	0.103	1.219	1.293	1.298	1.246	1.328	1.123	0.107	0.107	0.398	0.104	0.105	0.099	1.429	1.413	1.489	1.342	1.440	1.363	0.942	0.286	1.479	0.101	0.103	0.099	1.431	1.497	1.520	1.380	1.457	1.358	0.103	0.102	0.168	0.100	0.103	0.101
48:14:16	30.1	1.403	1.404	1.429	1.413	1.463	1.438	0.137	0.133	1.076	0.108	0.107	0.105	1.404	1.217	1.213	1.122	1.189	1.177	0.256	0.320	0.947	0.103	0.106	0.113	1.282	1.263	1.218	1.234	1.155	1.213	0.896	1.075	1.003	0.105	0.108	0.108	1.262	1.264	1.320	1.267	1.277	1.188	0.112	0.108	0.116	0.102	0.105	0.104	1.347	1.351	1.365	1.281	1.411	1.361	1.358	1.141	1.227	0.101	0.103	0.103	1.220	1.293	1.303	1.248	1.341	1.124	0.107	0.107	0.413	0.104	0.105	0.099	1.438	1.415	1.491	1.343	1.442	1.363	0.983	0.318	1.478	0.101	0.103	0.100	1.426	1.499	1.509	1.380	1.458	1.359	0.103	0.103	0.171	0.100	0.103	0.100

Results
	1	2	3	4	5	6	7	8	9	10	11	12
A	3.732	3.799	3.811	3.317	3.392	3.412	0.029	0.021	2.461	0.016	0.027	0.020	Max V [600]
	1.000	1.000	1.000	1.000	1.000	1.000	0.998	0.973	1.000	0.993	0.918	0.926	R-Squared [600]
	11:44:16	11:59:16	11:59:16	13:59:16	14:29:16	14:44:16	47:14:16	47:29:16	40:14:16	4:59:16	0:44:16	0:44:16	t at Max V [600]
	8:38:51	8:56:27	8:51:45	10:32:10	10:54:27	11:23:45	29:18:27	28:23:39	35:38:51	2:23:01	?????	?????	Lagtime [600]
B	4.201	3.738	3.709	3.533	3.249	3.561	0.339	0.435	2.037	0.015	0.019	0.023	Max V [600]
	0.999	1.000	1.000	1.000	1.000	1.000	0.995	0.974	1.000	0.735	0.966	0.970	R-Squared [600]
	13:59:16	15:14:16	14:59:16	18:29:16	18:59:16	18:44:16	47:44:16	47:44:16	37:29:16	0:44:16	0:44:16	0:44:16	t at Max V [600]
	10:49:34	12:00:17	11:53:25	15:32:21	15:15:25	15:35:47	40:33:06	39:53:44	32:42:45	?????	?????	?????	Lagtime [600]
C	3.917	3.921	3.938	3.507	3.523	3.435	1.959	2.082	2.238	0.011	0.017	0.017	Max V [600]
	1.000	1.000	1.000	1.000	1.000	1.000	1.000	1.000	1.000	0.941	0.959	0.977	R-Squared [600]
	13:29:16	13:44:16	13:59:16	15:59:16	16:14:16	16:14:16	34:59:16	35:59:16	24:44:16	9:14:16	4:59:16	0:44:16	t at Max V [600]
	10:27:00	10:38:19	10:57:43	12:35:19	13:17:58	12:57:28	30:22:44	30:26:57	20:20:13	3:40:31	2:19:40	?????	Lagtime [600]
D	3.832	3.837	3.903	3.141	3.095	3.072	0.011	0.007	0.013	0.014	0.011	0.018	Max V [600]
	1.000	1.000	1.000	1.000	1.000	1.000	0.889	0.893	0.970	0.882	0.990	0.840	R-Squared [600]
	12:29:16	12:44:16	12:29:16	17:14:16	17:29:16	17:29:16	1:14:16	1:59:16	1:29:16	0:44:16	0:44:16	0:44:16	t at Max V [600]
	9:15:21	9:39:58	9:19:47	13:32:51	13:47:56	14:01:31	1:16:09	2:23:16	0:37:10	?????	0:14:16	?????	Lagtime [600]
E	4.215	4.237	4.312	3.971	4.155	4.123	3.431	3.229	3.695	0.015	0.011	0.021	Max V [600]
	1.000	1.000	1.000	1.000	1.000	1.000	1.000	1.000	0.999	0.968	0.938	0.924	R-Squared [600]
	11:29:16	11:44:16	11:29:16	12:59:16	12:59:16	12:59:16	42:29:16	44:29:16	27:29:16	0:44:16	4:14:16	0:44:16	t at Max V [600]
	8:48:59	8:52:42	8:47:52	10:00:05	10:09:17	10:12:32	38:19:46	40:47:35	24:45:37	?????	1:24:51	?????	Lagtime [600]
F	3.465	3.507	3.453	2.956	3.215	3.007	0.014	0.016	1.333	0.024	0.015	-0.051	Max V [600]
	1.000	1.000	1.000	1.000	1.000	1.000	0.942	0.973	0.997	0.947	0.953	0.972	R-Squared [600]
	13:44:16	13:29:16	13:44:16	17:29:16	17:29:16	17:59:16	0:44:16	1:29:16	47:29:16	0:44:16	0:59:16	1:44:16	t at Max V [600]
	10:08:52	9:55:31	10:09:46	13:56:21	13:52:28	14:35:55	?????	0:41:46	44:18:42	0:20:06	0:26:32	1:50:07	Lagtime [600]
G	4.251	4.246	4.426	4.127	4.247	4.131	3.133	1.716	3.161	0.009	0.008	0.014	Max V [600]
	1.000	1.000	1.000	1.000	1.000	1.000	0.996	0.980	0.999	0.880	0.837	0.750	R-Squared [600]
	11:44:16	11:59:16	11:29:16	12:29:16	12:44:16	12:44:16	46:59:16	47:44:16	38:14:16	0:44:16	3:29:16	0:44:16	t at Max V [600]
	9:06:35	9:15:07	8:58:50	9:43:31	10:04:32	10:08:15	43:25:23	46:12:13	33:14:11	?????	1:19:16	?????	Lagtime [600]
H	4.062	4.188	4.381	3.966	4.297	3.928	0.007	0.028	0.263	0.009	0.007	0.013	Max V [600]
	1.000	1.000	1.000	1.000	1.000	1.000	0.781	0.886	1.000	0.939	0.864	0.847	R-Squared [600]
	12:14:16	11:59:16	12:29:16	13:14:16	13:14:16	13:14:16	2:29:16	47:44:16	46:59:16	3:44:16	3:44:16	0:44:16	t at Max V [600]
	9:23:07	9:18:53	9:41:28	10:24:44	10:36:06	10:32:38	1:02:16	47:02:50	43:48:41	2:58:07	1:41:32	?????	Lagtime [600]

