A1	A2	A3	A4	A5	A6	A7	A8	A9	A10	A11	A12	B1	B2	B3	B4	B5	B6	B7	B8	B9	B10	B11	B12	C1	C2	C3	C4	C5	C6	C7	C8	C9	C10	C11	C12	D1	D2	D3	D4	D5	D6	D7	D8	D9	D10	D11	D12	E1	E2	E3	E4	E5	E6	E7	E8	E9	E10	E11	E12	F1	F2	F3	F4	F5	F6	F7	F8	F9	F10	F11	F12	G1	G2	G3	G4	G5	G6	G7	G8	G9	G10	G11	G12	H1	H2	H3	H4	H5	H6	H7	H8	H9	H10	H11	H12
0.093	0.096	0.095	0.093	0.094	0.095	0.093	0.095	0.095	0.092	0.095	0.092	0.095	0.093	0.094	0.093	0.092	0.107	0.097	0.094	0.092	0.093	0.093	0.095	0.095	0.091	0.096	0.093	0.094	0.09	0.091	0.093	0.092	0.101	0.093	0.095	0.097	0.095	0.105	0.111	0.101	0.098	0.096	0.094	0.095	0.1	0.101	0.098	0.093	0.092	0.092	0.091	0.091	0.095	0.091	0.093	0.091	0.1	0.093	0.094	0.091	0.095	0.092	0.098	0.096	0.093	0.094	0.093	0.097	0.098	0.094	0.098	0.093	0.094	0.093	0.093	0.094	0.092	0.091	0.093	0.092	0.093	0.091	0.092	0.09	0.091	0.095	0.095	0.093	0.091	0.092	0.092	0.093	0.091	0.09	0.091
0.093	0.096	0.094	0.093	0.094	0.095	0.093	0.095	0.095	0.092	0.094	0.091	0.095	0.093	0.094	0.093	0.092	0.105	0.097	0.094	0.092	0.093	0.093	0.094	0.095	0.091	0.095	0.093	0.094	0.09	0.09	0.093	0.092	0.1	0.093	0.095	0.097	0.095	0.104	0.111	0.101	0.098	0.096	0.094	0.096	0.1	0.101	0.098	0.093	0.092	0.091	0.091	0.091	0.095	0.091	0.093	0.091	0.1	0.093	0.094	0.091	0.095	0.092	0.098	0.096	0.093	0.094	0.092	0.097	0.098	0.094	0.097	0.093	0.093	0.093	0.093	0.094	0.092	0.091	0.093	0.092	0.093	0.091	0.092	0.09	0.091	0.095	0.095	0.092	0.091	0.092	0.092	0.093	0.091	0.09	0.09
0.093	0.095	0.094	0.093	0.094	0.095	0.093	0.095	0.095	0.092	0.094	0.091	0.094	0.093	0.094	0.093	0.092	0.105	0.097	0.094	0.092	0.093	0.093	0.094	0.095	0.091	0.096	0.093	0.094	0.09	0.091	0.093	0.092	0.1	0.093	0.096	0.097	0.095	0.105	0.111	0.101	0.098	0.096	0.094	0.096	0.1	0.101	0.098	0.092	0.092	0.091	0.091	0.091	0.095	0.091	0.093	0.091	0.1	0.093	0.094	0.091	0.095	0.092	0.098	0.097	0.093	0.094	0.092	0.097	0.098	0.094	0.097	0.093	0.094	0.093	0.093	0.094	0.092	0.091	0.093	0.092	0.093	0.091	0.092	0.09	0.091	0.095	0.095	0.093	0.091	0.092	0.092	0.093	0.091	0.09	0.091
0.093	0.095	0.094	0.093	0.094	0.095	0.093	0.095	0.095	0.093	0.094	0.092	0.095	0.092	0.094	0.093	0.092	0.104	0.097	0.094	0.092	0.093	0.093	0.094	0.095	0.091	0.096	0.093	0.094	0.09	0.091	0.093	0.092	0.101	0.093	0.096	0.097	0.095	0.105	0.111	0.101	0.098	0.097	0.094	0.096	0.1	0.101	0.099	0.092	0.092	0.092	0.091	0.091	0.095	0.091	0.093	0.091	0.101	0.093	0.094	0.091	0.095	0.092	0.098	0.1	0.093	0.094	0.093	0.097	0.098	0.094	0.097	0.093	0.094	0.094	0.094	0.094	0.093	0.091	0.094	0.092	0.093	0.091	0.092	0.09	0.091	0.095	0.095	0.092	0.091	0.092	0.093	0.093	0.091	0.09	0.091
0.093	0.096	0.094	0.093	0.094	0.095	0.093	0.095	0.095	0.093	0.094	0.092	0.095	0.093	0.094	0.093	0.092	0.105	0.097	0.094	0.092	0.093	0.093	0.095	0.095	0.091	0.096	0.094	0.095	0.091	0.091	0.094	0.093	0.101	0.094	0.096	0.097	0.096	0.105	0.111	0.101	0.098	0.097	0.095	0.096	0.1	0.101	0.099	0.093	0.092	0.092	0.092	0.091	0.095	0.092	0.093	0.091	0.101	0.093	0.095	0.091	0.095	0.092	0.098	0.101	0.094	0.094	0.093	0.097	0.098	0.094	0.097	0.093	0.094	0.094	0.094	0.094	0.093	0.091	0.094	0.092	0.093	0.091	0.092	0.09	0.091	0.096	0.096	0.093	0.091	0.093	0.093	0.093	0.092	0.09	0.091
0.093	0.095	0.094	0.093	0.094	0.095	0.093	0.095	0.095	0.092	0.094	0.092	0.095	0.093	0.095	0.093	0.092	0.105	0.097	0.094	0.093	0.093	0.093	0.095	0.095	0.091	0.096	0.094	0.095	0.091	0.091	0.094	0.093	0.101	0.094	0.096	0.097	0.096	0.105	0.112	0.102	0.098	0.097	0.095	0.097	0.1	0.101	0.099	0.093	0.092	0.092	0.092	0.091	0.095	0.092	0.093	0.091	0.101	0.093	0.095	0.091	0.095	0.092	0.098	0.101	0.093	0.094	0.093	0.097	0.098	0.094	0.097	0.093	0.094	0.094	0.094	0.094	0.093	0.091	0.094	0.092	0.093	0.091	0.092	0.09	0.091	0.096	0.096	0.093	0.091	0.092	0.093	0.093	0.092	0.09	0.091
0.093	0.095	0.094	0.093	0.094	0.095	0.092	0.095	0.095	0.092	0.094	0.092	0.095	0.093	0.095	0.093	0.093	0.105	0.098	0.094	0.093	0.093	0.093	0.095	0.095	0.091	0.096	0.094	0.095	0.091	0.091	0.094	0.093	0.101	0.094	0.096	0.097	0.096	0.105	0.112	0.102	0.099	0.097	0.095	0.097	0.1	0.101	0.099	0.093	0.092	0.092	0.092	0.092	0.095	0.092	0.093	0.091	0.101	0.094	0.095	0.091	0.095	0.092	0.098	0.101	0.093	0.094	0.093	0.097	0.098	0.094	0.097	0.093	0.094	0.094	0.094	0.094	0.093	0.091	0.094	0.092	0.093	0.091	0.092	0.09	0.092	0.096	0.096	0.093	0.091	0.092	0.093	0.093	0.092	0.09	0.091
0.093	0.095	0.094	0.093	0.094	0.095	0.093	0.095	0.095	0.093	0.094	0.092	0.095	0.093	0.095	0.094	0.093	0.106	0.098	0.095	0.093	0.094	0.094	0.095	0.095	0.091	0.096	0.094	0.095	0.091	0.092	0.094	0.093	0.101	0.094	0.096	0.098	0.096	0.105	0.112	0.102	0.099	0.097	0.095	0.097	0.1	0.102	0.099	0.093	0.092	0.092	0.092	0.092	0.096	0.092	0.093	0.092	0.101	0.094	0.095	0.091	0.095	0.092	0.098	0.101	0.094	0.094	0.093	0.097	0.098	0.094	0.097	0.093	0.094	0.094	0.094	0.094	0.093	0.092	0.094	0.092	0.093	0.091	0.093	0.09	0.092	0.096	0.096	0.093	0.091	0.093	0.093	0.094	0.092	0.091	0.091
0.093	0.095	0.094	0.093	0.094	0.095	0.092	0.095	0.094	0.092	0.094	0.092	0.095	0.093	0.095	0.094	0.093	0.106	0.098	0.095	0.093	0.094	0.094	0.095	0.096	0.091	0.096	0.094	0.095	0.091	0.092	0.094	0.093	0.101	0.094	0.097	0.098	0.096	0.106	0.112	0.102	0.099	0.097	0.095	0.097	0.1	0.102	0.099	0.093	0.092	0.092	0.092	0.092	0.096	0.092	0.093	0.092	0.101	0.093	0.095	0.091	0.095	0.092	0.098	0.1	0.093	0.094	0.093	0.097	0.098	0.094	0.097	0.093	0.094	0.094	0.094	0.094	0.093	0.091	0.094	0.092	0.093	0.091	0.093	0.09	0.092	0.096	0.096	0.093	0.091	0.092	0.093	0.093	0.092	0.09	0.091
0.093	0.095	0.094	0.093	0.094	0.095	0.092	0.095	0.095	0.093	0.094	0.092	0.095	0.094	0.095	0.095	0.093	0.107	0.098	0.095	0.094	0.094	0.094	0.095	0.096	0.091	0.097	0.095	0.095	0.092	0.092	0.095	0.094	0.101	0.094	0.097	0.098	0.096	0.106	0.112	0.102	0.099	0.098	0.096	0.097	0.101	0.102	0.099	0.093	0.093	0.092	0.092	0.092	0.096	0.092	0.094	0.092	0.101	0.094	0.095	0.091	0.095	0.092	0.098	0.1	0.094	0.094	0.093	0.097	0.098	0.094	0.097	0.093	0.094	0.094	0.094	0.094	0.093	0.091	0.094	0.093	0.093	0.091	0.093	0.09	0.092	0.096	0.096	0.093	0.091	0.093	0.093	0.093	0.092	0.09	0.091
0.093	0.095	0.094	0.093	0.094	0.095	0.092	0.095	0.094	0.092	0.094	0.092	0.096	0.094	0.096	0.095	0.094	0.107	0.099	0.095	0.094	0.094	0.094	0.096	0.096	0.092	0.097	0.095	0.096	0.092	0.093	0.095	0.094	0.101	0.095	0.097	0.098	0.096	0.106	0.113	0.103	0.1	0.098	0.096	0.098	0.101	0.102	0.1	0.093	0.093	0.093	0.092	0.092	0.096	0.092	0.094	0.092	0.101	0.094	0.095	0.091	0.095	0.092	0.098	0.101	0.094	0.094	0.093	0.097	0.098	0.094	0.097	0.093	0.094	0.094	0.094	0.094	0.093	0.092	0.094	0.092	0.093	0.091	0.093	0.09	0.092	0.096	0.096	0.093	0.092	0.093	0.093	0.094	0.092	0.091	0.091
0.093	0.095	0.094	0.093	0.094	0.095	0.093	0.095	0.094	0.093	0.094	0.092	0.096	0.094	0.096	0.096	0.095	0.107	0.099	0.096	0.095	0.095	0.095	0.096	0.097	0.092	0.097	0.096	0.096	0.093	0.093	0.095	0.095	0.102	0.095	0.098	0.099	0.097	0.106	0.113	0.103	0.1	0.098	0.096	0.098	0.101	0.103	0.1	0.093	0.093	0.093	0.093	0.093	0.096	0.092	0.094	0.092	0.101	0.094	0.095	0.091	0.095	0.092	0.098	0.101	0.094	0.094	0.093	0.097	0.098	0.095	0.097	0.093	0.094	0.094	0.094	0.095	0.093	0.092	0.094	0.093	0.093	0.091	0.093	0.09	0.092	0.096	0.096	0.093	0.092	0.093	0.093	0.094	0.092	0.091	0.091
0.093	0.095	0.094	0.093	0.094	0.095	0.092	0.095	0.094	0.092	0.094	0.092	0.096	0.095	0.096	0.096	0.095	0.108	0.1	0.096	0.095	0.095	0.095	0.097	0.097	0.092	0.097	0.096	0.097	0.093	0.093	0.096	0.095	0.102	0.095	0.098	0.099	0.097	0.106	0.114	0.104	0.101	0.099	0.097	0.099	0.101	0.103	0.1	0.094	0.093	0.093	0.093	0.093	0.097	0.092	0.094	0.092	0.101	0.094	0.095	0.091	0.095	0.092	0.098	0.102	0.094	0.094	0.093	0.097	0.098	0.095	0.097	0.093	0.094	0.094	0.094	0.095	0.093	0.091	0.094	0.092	0.093	0.091	0.093	0.09	0.092	0.096	0.096	0.093	0.092	0.093	0.093	0.094	0.092	0.091	0.092
0.093	0.095	0.094	0.093	0.094	0.095	0.092	0.095	0.094	0.092	0.094	0.092	0.097	0.095	0.096	0.097	0.096	0.109	0.1	0.097	0.096	0.096	0.096	0.097	0.097	0.092	0.098	0.097	0.097	0.094	0.094	0.096	0.095	0.102	0.096	0.098	0.099	0.097	0.107	0.114	0.104	0.101	0.099	0.097	0.099	0.102	0.103	0.101	0.094	0.094	0.093	0.093	0.093	0.097	0.092	0.094	0.092	0.101	0.094	0.095	0.091	0.095	0.092	0.098	0.102	0.094	0.094	0.093	0.097	0.098	0.095	0.097	0.093	0.094	0.094	0.094	0.095	0.093	0.091	0.094	0.092	0.093	0.091	0.093	0.09	0.092	0.096	0.096	0.093	0.092	0.093	0.093	0.094	0.092	0.091	0.092
0.093	0.095	0.094	0.093	0.094	0.095	0.092	0.095	0.094	0.093	0.094	0.092	0.097	0.095	0.097	0.098	0.097	0.11	0.101	0.098	0.097	0.096	0.096	0.098	0.098	0.093	0.098	0.097	0.098	0.095	0.095	0.097	0.096	0.103	0.096	0.099	0.1	0.098	0.107	0.115	0.105	0.102	0.1	0.098	0.1	0.102	0.104	0.101	0.094	0.094	0.093	0.094	0.093	0.097	0.092	0.094	0.092	0.102	0.094	0.096	0.091	0.096	0.092	0.099	0.102	0.094	0.094	0.093	0.097	0.098	0.095	0.097	0.093	0.094	0.094	0.094	0.095	0.093	0.092	0.094	0.092	0.093	0.092	0.093	0.09	0.092	0.096	0.096	0.093	0.092	0.093	0.093	0.094	0.092	0.091	0.092
0.093	0.095	0.094	0.093	0.094	0.095	0.092	0.095	0.094	0.093	0.094	0.092	0.098	0.096	0.097	0.099	0.098	0.111	0.102	0.099	0.098	0.097	0.097	0.098	0.098	0.093	0.098	0.098	0.099	0.096	0.096	0.097	0.097	0.103	0.097	0.1	0.1	0.098	0.107	0.116	0.105	0.102	0.1	0.099	0.1	0.103	0.104	0.102	0.095	0.094	0.093	0.094	0.094	0.098	0.093	0.094	0.093	0.102	0.095	0.096	0.091	0.096	0.092	0.099	0.102	0.094	0.094	0.093	0.097	0.098	0.095	0.097	0.093	0.094	0.094	0.094	0.095	0.093	0.092	0.094	0.093	0.093	0.091	0.093	0.09	0.092	0.096	0.097	0.093	0.092	0.093	0.093	0.094	0.092	0.091	0.092
0.093	0.095	0.094	0.093	0.093	0.095	0.092	0.095	0.094	0.093	0.094	0.092	0.098	0.096	0.097	0.101	0.098	0.112	0.102	0.1	0.099	0.098	0.098	0.099	0.099	0.093	0.098	0.099	0.099	0.097	0.097	0.098	0.098	0.104	0.098	0.101	0.1	0.098	0.108	0.117	0.106	0.103	0.101	0.099	0.101	0.103	0.105	0.102	0.095	0.094	0.094	0.094	0.094	0.098	0.093	0.094	0.092	0.102	0.095	0.096	0.091	0.096	0.092	0.099	0.102	0.094	0.094	0.093	0.097	0.098	0.095	0.097	0.093	0.094	0.094	0.094	0.095	0.093	0.092	0.094	0.092	0.093	0.091	0.093	0.09	0.092	0.096	0.096	0.093	0.092	0.093	0.093	0.094	0.092	0.091	0.092
0.093	0.095	0.094	0.093	0.094	0.095	0.092	0.095	0.094	0.093	0.094	0.092	0.099	0.097	0.098	0.102	0.1	0.113	0.104	0.101	0.1	0.099	0.099	0.1	0.1	0.094	0.099	0.101	0.101	0.098	0.098	0.099	0.099	0.105	0.099	0.102	0.101	0.099	0.108	0.118	0.107	0.105	0.102	0.1	0.102	0.104	0.106	0.103	0.095	0.095	0.094	0.095	0.095	0.099	0.093	0.095	0.093	0.102	0.095	0.096	0.091	0.096	0.092	0.099	0.102	0.094	0.095	0.093	0.098	0.098	0.095	0.097	0.093	0.094	0.094	0.094	0.095	0.093	0.092	0.094	0.093	0.093	0.092	0.093	0.09	0.092	0.096	0.097	0.094	0.092	0.093	0.093	0.094	0.092	0.091	0.092
0.093	0.095	0.094	0.093	0.094	0.095	0.092	0.095	0.094	0.093	0.094	0.092	0.099	0.097	0.098	0.104	0.102	0.116	0.105	0.102	0.102	0.101	0.1	0.101	0.1	0.094	0.099	0.102	0.102	0.1	0.099	0.1	0.1	0.106	0.1	0.103	0.102	0.099	0.109	0.119	0.108	0.105	0.103	0.101	0.103	0.105	0.107	0.104	0.096	0.095	0.094	0.095	0.095	0.099	0.093	0.095	0.093	0.102	0.095	0.096	0.092	0.096	0.092	0.099	0.101	0.094	0.094	0.093	0.098	0.098	0.095	0.097	0.093	0.094	0.094	0.094	0.095	0.094	0.092	0.094	0.093	0.093	0.092	0.093	0.09	0.092	0.096	0.097	0.094	0.092	0.093	0.093	0.094	0.092	0.091	0.092
0.093	0.095	0.094	0.093	0.094	0.095	0.092	0.095	0.094	0.094	0.094	0.092	0.1	0.098	0.099	0.107	0.104	0.117	0.107	0.104	0.104	0.102	0.102	0.103	0.101	0.095	0.1	0.104	0.103	0.102	0.101	0.102	0.102	0.107	0.101	0.105	0.103	0.1	0.11	0.121	0.109	0.107	0.104	0.103	0.104	0.106	0.108	0.105	0.096	0.096	0.095	0.096	0.095	0.1	0.093	0.095	0.093	0.102	0.095	0.096	0.092	0.096	0.093	0.099	0.102	0.095	0.095	0.093	0.098	0.098	0.095	0.097	0.093	0.094	0.094	0.095	0.095	0.094	0.092	0.094	0.093	0.093	0.092	0.093	0.09	0.092	0.097	0.097	0.094	0.092	0.093	0.093	0.094	0.092	0.091	0.092
0.093	0.095	0.094	0.093	0.094	0.095	0.092	0.095	0.094	0.093	0.094	0.092	0.101	0.099	0.1	0.11	0.106	0.119	0.109	0.106	0.106	0.104	0.104	0.105	0.102	0.096	0.101	0.106	0.105	0.103	0.103	0.103	0.104	0.109	0.102	0.107	0.103	0.1	0.11	0.123	0.111	0.109	0.106	0.104	0.106	0.107	0.109	0.106	0.096	0.096	0.095	0.096	0.096	0.1	0.094	0.095	0.093	0.102	0.095	0.096	0.091	0.096	0.092	0.099	0.102	0.095	0.094	0.093	0.097	0.098	0.095	0.097	0.093	0.094	0.094	0.095	0.095	0.094	0.092	0.095	0.093	0.093	0.092	0.093	0.09	0.092	0.096	0.097	0.094	0.092	0.093	0.093	0.094	0.092	0.091	0.092
0.093	0.095	0.094	0.093	0.094	0.095	0.092	0.095	0.094	0.092	0.094	0.092	0.102	0.1	0.101	0.113	0.109	0.123	0.111	0.109	0.109	0.106	0.106	0.107	0.104	0.096	0.101	0.109	0.107	0.106	0.105	0.105	0.106	0.111	0.104	0.109	0.104	0.101	0.111	0.125	0.113	0.111	0.107	0.106	0.107	0.108	0.111	0.108	0.097	0.096	0.096	0.097	0.096	0.101	0.094	0.096	0.094	0.102	0.095	0.097	0.092	0.096	0.093	0.099	0.102	0.095	0.095	0.093	0.098	0.098	0.095	0.097	0.093	0.094	0.094	0.095	0.095	0.094	0.092	0.095	0.093	0.093	0.092	0.093	0.09	0.092	0.097	0.097	0.094	0.092	0.093	0.093	0.094	0.092	0.091	0.092
0.093	0.095	0.094	0.093	0.094	0.095	0.092	0.095	0.094	0.093	0.094	0.092	0.103	0.101	0.101	0.117	0.113	0.126	0.114	0.112	0.113	0.109	0.109	0.11	0.105	0.097	0.102	0.111	0.11	0.109	0.108	0.108	0.108	0.113	0.106	0.112	0.105	0.102	0.112	0.128	0.115	0.113	0.109	0.108	0.11	0.11	0.112	0.11	0.097	0.097	0.096	0.097	0.097	0.101	0.094	0.096	0.094	0.102	0.096	0.097	0.092	0.096	0.093	0.099	0.102	0.095	0.095	0.093	0.098	0.098	0.095	0.097	0.093	0.094	0.094	0.095	0.095	0.094	0.092	0.094	0.093	0.093	0.092	0.093	0.09	0.092	0.096	0.097	0.094	0.092	0.093	0.093	0.094	0.092	0.091	0.092
0.093	0.095	0.094	0.093	0.094	0.095	0.092	0.095	0.094	0.093	0.094	0.093	0.105	0.102	0.102	0.122	0.117	0.13	0.118	0.115	0.117	0.113	0.113	0.114	0.107	0.098	0.103	0.115	0.113	0.113	0.111	0.11	0.112	0.115	0.108	0.115	0.107	0.103	0.113	0.13	0.117	0.116	0.111	0.11	0.112	0.112	0.115	0.112	0.098	0.098	0.097	0.098	0.097	0.102	0.095	0.096	0.094	0.103	0.096	0.097	0.092	0.096	0.093	0.099	0.102	0.095	0.095	0.093	0.098	0.098	0.095	0.097	0.093	0.094	0.094	0.095	0.095	0.094	0.092	0.095	0.093	0.093	0.092	0.093	0.09	0.092	0.097	0.097	0.094	0.093	0.093	0.093	0.094	0.092	0.091	0.092
0.093	0.095	0.094	0.093	0.094	0.095	0.092	0.095	0.094	0.093	0.094	0.092	0.106	0.103	0.104	0.127	0.122	0.135	0.121	0.119	0.121	0.116	0.116	0.117	0.108	0.099	0.104	0.118	0.117	0.117	0.115	0.114	0.115	0.117	0.111	0.118	0.108	0.104	0.114	0.133	0.12	0.119	0.114	0.113	0.115	0.114	0.117	0.114	0.099	0.098	0.097	0.098	0.098	0.102	0.094	0.096	0.094	0.103	0.096	0.097	0.092	0.096	0.093	0.099	0.102	0.095	0.095	0.093	0.098	0.098	0.095	0.097	0.093	0.094	0.094	0.095	0.095	0.094	0.092	0.095	0.093	0.093	0.092	0.093	0.09	0.092	0.097	0.097	0.094	0.093	0.093	0.093	0.094	0.092	0.091	0.092
0.093	0.095	0.094	0.093	0.094	0.095	0.092	0.095	0.094	0.093	0.094	0.093	0.108	0.105	0.105	0.133	0.127	0.14	0.126	0.124	0.127	0.121	0.121	0.122	0.11	0.101	0.106	0.123	0.121	0.121	0.119	0.117	0.118	0.12	0.114	0.122	0.11	0.105	0.115	0.137	0.123	0.122	0.116	0.115	0.117	0.116	0.119	0.117	0.099	0.099	0.097	0.099	0.098	0.103	0.095	0.096	0.095	0.103	0.096	0.097	0.092	0.096	0.093	0.099	0.102	0.095	0.095	0.093	0.098	0.098	0.095	0.097	0.093	0.095	0.094	0.095	0.095	0.094	0.092	0.095	0.093	0.093	0.092	0.093	0.091	0.092	0.097	0.097	0.094	0.093	0.093	0.093	0.094	0.092	0.091	0.092
0.093	0.095	0.094	0.093	0.094	0.095	0.092	0.095	0.094	0.093	0.094	0.093	0.11	0.106	0.106	0.141	0.134	0.147	0.132	0.13	0.133	0.126	0.126	0.127	0.113	0.102	0.107	0.129	0.125	0.127	0.124	0.121	0.123	0.124	0.118	0.127	0.112	0.106	0.117	0.141	0.127	0.127	0.119	0.118	0.12	0.119	0.122	0.12	0.1	0.099	0.098	0.1	0.099	0.103	0.095	0.097	0.095	0.103	0.096	0.097	0.092	0.096	0.093	0.099	0.102	0.095	0.095	0.093	0.098	0.098	0.095	0.097	0.093	0.095	0.094	0.095	0.095	0.094	0.092	0.095	0.093	0.093	0.092	0.093	0.091	0.093	0.097	0.097	0.094	0.093	0.093	0.093	0.094	0.092	0.092	0.093
0.093	0.095	0.094	0.093	0.094	0.095	0.092	0.095	0.094	0.093	0.094	0.093	0.112	0.108	0.108	0.15	0.141	0.154	0.138	0.137	0.14	0.132	0.132	0.133	0.115	0.103	0.109	0.135	0.131	0.133	0.129	0.126	0.127	0.129	0.122	0.131	0.114	0.108	0.118	0.146	0.13	0.131	0.122	0.122	0.123	0.122	0.126	0.124	0.101	0.1	0.099	0.1	0.099	0.104	0.095	0.097	0.095	0.103	0.096	0.098	0.092	0.096	0.093	0.099	0.102	0.095	0.095	0.093	0.098	0.098	0.095	0.097	0.093	0.095	0.094	0.095	0.095	0.094	0.092	0.095	0.093	0.093	0.092	0.093	0.091	0.093	0.097	0.097	0.094	0.093	0.093	0.093	0.094	0.092	0.091	0.093
0.093	0.095	0.094	0.093	0.094	0.095	0.092	0.095	0.094	0.093	0.094	0.093	0.115	0.111	0.11	0.159	0.15	0.163	0.145	0.144	0.149	0.139	0.14	0.14	0.118	0.105	0.111	0.144	0.137	0.14	0.135	0.131	0.132	0.133	0.127	0.137	0.116	0.11	0.12	0.151	0.135	0.136	0.126	0.125	0.127	0.125	0.13	0.128	0.101	0.101	0.099	0.101	0.1	0.105	0.096	0.097	0.095	0.104	0.097	0.098	0.092	0.096	0.093	0.099	0.1	0.095	0.095	0.093	0.098	0.098	0.095	0.097	0.093	0.095	0.094	0.095	0.095	0.094	0.092	0.095	0.093	0.093	0.092	0.093	0.091	0.093	0.097	0.097	0.094	0.093	0.093	0.094	0.094	0.093	0.091	0.093
0.093	0.095	0.094	0.093	0.093	0.095	0.092	0.095	0.094	0.093	0.094	0.093	0.118	0.114	0.113	0.171	0.161	0.173	0.154	0.152	0.158	0.146	0.148	0.148	0.122	0.107	0.113	0.154	0.144	0.148	0.143	0.138	0.139	0.14	0.132	0.145	0.118	0.112	0.122	0.158	0.141	0.142	0.13	0.129	0.131	0.129	0.134	0.132	0.102	0.102	0.1	0.101	0.101	0.105	0.096	0.097	0.096	0.104	0.097	0.098	0.092	0.096	0.093	0.099	0.101	0.095	0.095	0.093	0.098	0.098	0.095	0.097	0.093	0.095	0.094	0.095	0.095	0.094	0.092	0.095	0.093	0.093	0.092	0.093	0.091	0.093	0.097	0.097	0.094	0.093	0.093	0.093	0.094	0.092	0.091	0.093
0.093	0.095	0.094	0.093	0.094	0.095	0.092	0.095	0.094	0.093	0.094	0.093	0.122	0.117	0.115	0.184	0.172	0.185	0.164	0.161	0.169	0.155	0.157	0.156	0.126	0.11	0.115	0.164	0.154	0.16	0.151	0.149	0.146	0.146	0.137	0.152	0.121	0.114	0.124	0.166	0.148	0.149	0.134	0.133	0.135	0.134	0.139	0.137	0.103	0.103	0.101	0.102	0.101	0.106	0.096	0.097	0.096	0.104	0.097	0.098	0.092	0.096	0.093	0.099	0.1	0.095	0.095	0.093	0.097	0.098	0.095	0.097	0.093	0.095	0.095	0.095	0.095	0.094	0.092	0.095	0.093	0.093	0.092	0.093	0.091	0.093	0.097	0.097	0.094	0.093	0.093	0.093	0.094	0.092	0.091	0.093
0.093	0.095	0.094	0.093	0.094	0.095	0.092	0.095	0.094	0.093	0.094	0.093	0.126	0.12	0.118	0.201	0.189	0.199	0.175	0.172	0.182	0.166	0.169	0.167	0.131	0.113	0.118	0.176	0.163	0.17	0.161	0.159	0.154	0.153	0.143	0.161	0.125	0.116	0.127	0.175	0.155	0.157	0.138	0.138	0.14	0.14	0.144	0.142	0.104	0.104	0.102	0.103	0.102	0.106	0.096	0.098	0.096	0.104	0.097	0.098	0.092	0.097	0.093	0.099	0.101	0.095	0.095	0.093	0.098	0.098	0.095	0.097	0.093	0.095	0.095	0.095	0.095	0.094	0.092	0.095	0.093	0.093	0.092	0.093	0.091	0.093	0.097	0.097	0.094	0.093	0.093	0.093	0.094	0.092	0.091	0.093
0.093	0.095	0.094	0.093	0.093	0.095	0.092	0.095	0.094	0.093	0.094	0.093	0.131	0.124	0.122	0.218	0.204	0.216	0.188	0.184	0.196	0.18	0.181	0.178	0.136	0.116	0.121	0.189	0.176	0.185	0.172	0.166	0.164	0.163	0.152	0.17	0.129	0.119	0.13	0.185	0.163	0.166	0.144	0.144	0.146	0.147	0.15	0.149	0.105	0.105	0.103	0.103	0.102	0.107	0.096	0.098	0.096	0.105	0.098	0.099	0.092	0.097	0.093	0.099	0.101	0.095	0.095	0.094	0.098	0.098	0.095	0.097	0.093	0.095	0.095	0.095	0.095	0.094	0.092	0.095	0.093	0.093	0.092	0.093	0.091	0.093	0.097	0.097	0.094	0.093	0.093	0.093	0.094	0.092	0.091	0.093
0.093	0.095	0.094	0.093	0.094	0.095	0.092	0.095	0.094	0.093	0.094	0.093	0.137	0.129	0.126	0.238	0.226	0.235	0.203	0.198	0.212	0.197	0.195	0.191	0.143	0.12	0.125	0.205	0.189	0.2	0.184	0.176	0.175	0.174	0.161	0.181	0.134	0.122	0.134	0.195	0.173	0.176	0.15	0.15	0.152	0.154	0.157	0.156	0.107	0.106	0.104	0.104	0.103	0.108	0.096	0.098	0.097	0.105	0.098	0.099	0.092	0.097	0.093	0.099	0.101	0.095	0.095	0.093	0.098	0.098	0.095	0.097	0.093	0.095	0.095	0.095	0.095	0.094	0.092	0.095	0.093	0.093	0.092	0.093	0.091	0.093	0.097	0.097	0.094	0.093	0.093	0.093	0.094	0.093	0.091	0.093
0.093	0.095	0.094	0.093	0.094	0.095	0.092	0.095	0.094	0.093	0.094	0.093	0.143	0.135	0.131	0.263	0.246	0.256	0.221	0.213	0.231	0.215	0.211	0.205	0.15	0.124	0.129	0.221	0.205	0.218	0.199	0.187	0.186	0.183	0.17	0.194	0.139	0.126	0.138	0.208	0.184	0.188	0.156	0.156	0.159	0.162	0.165	0.164	0.108	0.108	0.105	0.105	0.103	0.109	0.097	0.098	0.097	0.105	0.098	0.099	0.092	0.097	0.093	0.099	0.101	0.095	0.095	0.094	0.098	0.098	0.095	0.097	0.094	0.095	0.095	0.095	0.095	0.094	0.092	0.095	0.093	0.093	0.092	0.093	0.091	0.093	0.097	0.097	0.094	0.093	0.093	0.093	0.094	0.092	0.092	0.093
0.093	0.095	0.094	0.093	0.094	0.095	0.092	0.095	0.094	0.093	0.094	0.093	0.151	0.142	0.137	0.292	0.272	0.282	0.24	0.231	0.251	0.234	0.227	0.222	0.159	0.129	0.134	0.24	0.224	0.237	0.214	0.199	0.198	0.195	0.18	0.207	0.145	0.131	0.142	0.222	0.197	0.202	0.164	0.163	0.167	0.171	0.175	0.173	0.11	0.109	0.107	0.106	0.104	0.109	0.097	0.098	0.097	0.106	0.098	0.099	0.092	0.097	0.093	0.099	0.101	0.095	0.095	0.094	0.098	0.098	0.095	0.097	0.094	0.095	0.095	0.095	0.095	0.094	0.092	0.095	0.093	0.093	0.092	0.093	0.091	0.093	0.098	0.097	0.094	0.093	0.093	0.093	0.094	0.093	0.092	0.093
0.093	0.095	0.094	0.093	0.094	0.095	0.092	0.095	0.094	0.093	0.094	0.094	0.161	0.149	0.144	0.324	0.3	0.311	0.262	0.25	0.273	0.258	0.248	0.242	0.169	0.135	0.14	0.261	0.242	0.258	0.233	0.212	0.214	0.209	0.192	0.22	0.152	0.136	0.148	0.24	0.212	0.217	0.173	0.172	0.175	0.181	0.184	0.183	0.112	0.111	0.108	0.107	0.105	0.11	0.097	0.099	0.097	0.106	0.099	0.1	0.092	0.097	0.093	0.099	0.101	0.095	0.095	0.093	0.098	0.098	0.095	0.097	0.094	0.095	0.095	0.095	0.095	0.094	0.092	0.095	0.093	0.093	0.092	0.093	0.091	0.093	0.098	0.097	0.094	0.093	0.093	0.093	0.094	0.092	0.092	0.093
0.093	0.095	0.094	0.093	0.093	0.095	0.092	0.095	0.094	0.093	0.094	0.094	0.172	0.159	0.152	0.359	0.332	0.344	0.287	0.271	0.296	0.281	0.27	0.263	0.18	0.141	0.146	0.284	0.264	0.279	0.253	0.228	0.23	0.225	0.206	0.237	0.16	0.142	0.154	0.259	0.23	0.234	0.182	0.181	0.185	0.194	0.196	0.195	0.113	0.113	0.11	0.108	0.106	0.111	0.097	0.099	0.097	0.106	0.099	0.1	0.092	0.097	0.093	0.099	0.101	0.095	0.095	0.093	0.098	0.098	0.095	0.097	0.094	0.095	0.095	0.095	0.095	0.094	0.092	0.095	0.093	0.093	0.092	0.093	0.091	0.093	0.098	0.097	0.094	0.093	0.093	0.093	0.094	0.093	0.092	0.093
0.093	0.095	0.094	0.093	0.094	0.095	0.092	0.095	0.094	0.093	0.094	0.094	0.185	0.17	0.162	0.399	0.367	0.38	0.315	0.294	0.322	0.311	0.295	0.286	0.194	0.149	0.154	0.312	0.29	0.305	0.275	0.243	0.248	0.242	0.222	0.257	0.17	0.148	0.161	0.281	0.249	0.254	0.192	0.191	0.196	0.207	0.209	0.209	0.116	0.115	0.112	0.109	0.107	0.112	0.098	0.099	0.097	0.107	0.099	0.1	0.092	0.097	0.093	0.099	0.098	0.095	0.095	0.094	0.098	0.098	0.095	0.097	0.094	0.095	0.095	0.095	0.095	0.094	0.092	0.095	0.093	0.093	0.092	0.093	0.091	0.094	0.098	0.097	0.094	0.093	0.093	0.093	0.094	0.093	0.092	0.093
0.093	0.095	0.094	0.093	0.093	0.095	0.092	0.095	0.094	0.093	0.094	0.094	0.2	0.182	0.173	0.444	0.407	0.419	0.346	0.32	0.351	0.343	0.321	0.313	0.209	0.157	0.163	0.343	0.318	0.334	0.301	0.262	0.266	0.26	0.239	0.28	0.181	0.155	0.169	0.305	0.269	0.278	0.203	0.202	0.207	0.223	0.223	0.223	0.118	0.118	0.114	0.11	0.108	0.113	0.098	0.099	0.098	0.107	0.1	0.101	0.092	0.097	0.093	0.099	0.098	0.095	0.095	0.093	0.098	0.098	0.095	0.097	0.094	0.095	0.095	0.095	0.095	0.094	0.092	0.095	0.093	0.093	0.092	0.093	0.091	0.094	0.098	0.097	0.094	0.093	0.093	0.093	0.094	0.092	0.092	0.093
0.093	0.095	0.094	0.093	0.094	0.095	0.092	0.095	0.094	0.093	0.094	0.094	0.218	0.196	0.185	0.491	0.451	0.466	0.38	0.349	0.383	0.379	0.351	0.343	0.227	0.167	0.172	0.379	0.351	0.368	0.33	0.283	0.288	0.28	0.258	0.303	0.193	0.164	0.178	0.334	0.294	0.303	0.216	0.215	0.221	0.24	0.24	0.239	0.12	0.12	0.117	0.111	0.109	0.115	0.098	0.099	0.098	0.107	0.1	0.101	0.093	0.097	0.094	0.099	0.098	0.095	0.095	0.094	0.098	0.098	0.095	0.097	0.094	0.096	0.095	0.095	0.095	0.094	0.092	0.095	0.093	0.093	0.092	0.094	0.091	0.093	0.098	0.097	0.094	0.093	0.093	0.093	0.094	0.093	0.092	0.093
0.093	0.095	0.094	0.093	0.094	0.095	0.092	0.095	0.094	0.093	0.094	0.094	0.237	0.212	0.2	0.543	0.496	0.513	0.417	0.379	0.416	0.417	0.385	0.375	0.246	0.177	0.183	0.417	0.385	0.406	0.361	0.306	0.311	0.304	0.281	0.33	0.206	0.173	0.188	0.368	0.322	0.332	0.229	0.229	0.235	0.261	0.259	0.257	0.123	0.123	0.119	0.113	0.11	0.116	0.098	0.099	0.098	0.108	0.1	0.101	0.092	0.097	0.094	0.099	0.098	0.095	0.095	0.094	0.098	0.098	0.095	0.097	0.094	0.096	0.095	0.095	0.095	0.094	0.092	0.095	0.093	0.093	0.092	0.093	0.091	0.094	0.098	0.097	0.094	0.093	0.093	0.093	0.094	0.093	0.092	0.093
0.093	0.095	0.094	0.093	0.094	0.095	0.092	0.095	0.094	0.093	0.094	0.094	0.258	0.229	0.216	0.6	0.546	0.565	0.458	0.414	0.452	0.461	0.421	0.411	0.267	0.189	0.196	0.461	0.422	0.447	0.396	0.329	0.338	0.333	0.308	0.359	0.222	0.184	0.2	0.404	0.353	0.365	0.244	0.245	0.25	0.283	0.28	0.279	0.127	0.126	0.122	0.114	0.111	0.117	0.098	0.1	0.098	0.108	0.101	0.102	0.093	0.097	0.094	0.099	0.097	0.095	0.095	0.093	0.098	0.098	0.095	0.097	0.094	0.096	0.095	0.095	0.095	0.094	0.092	0.095	0.093	0.093	0.092	0.094	0.091	0.094	0.098	0.097	0.094	0.093	0.093	0.093	0.094	0.093	0.092	0.093
0.093	0.095	0.094	0.093	0.094	0.095	0.092	0.095	0.094	0.093	0.094	0.094	0.283	0.249	0.234	0.656	0.597	0.618	0.501	0.449	0.491	0.507	0.46	0.45	0.292	0.203	0.21	0.507	0.461	0.491	0.432	0.356	0.367	0.367	0.335	0.39	0.239	0.195	0.212	0.443	0.389	0.401	0.261	0.262	0.267	0.31	0.303	0.301	0.13	0.13	0.125	0.116	0.112	0.119	0.099	0.1	0.099	0.109	0.101	0.102	0.093	0.097	0.094	0.099	0.098	0.095	0.095	0.094	0.098	0.098	0.095	0.097	0.094	0.096	0.095	0.095	0.095	0.094	0.092	0.095	0.093	0.093	0.092	0.093	0.091	0.094	0.098	0.097	0.094	0.093	0.093	0.093	0.094	0.093	0.092	0.093
0.093	0.095	0.094	0.093	0.094	0.095	0.092	0.095	0.094	0.093	0.094	0.094	0.311	0.271	0.254	0.716	0.653	0.674	0.548	0.488	0.533	0.556	0.503	0.493	0.32	0.218	0.225	0.557	0.505	0.541	0.473	0.386	0.398	0.405	0.366	0.423	0.259	0.209	0.226	0.488	0.427	0.44	0.28	0.281	0.286	0.342	0.328	0.327	0.134	0.134	0.129	0.118	0.114	0.12	0.099	0.1	0.099	0.109	0.101	0.102	0.093	0.097	0.094	0.099	0.097	0.095	0.095	0.093	0.098	0.098	0.095	0.097	0.094	0.096	0.095	0.095	0.095	0.094	0.092	0.095	0.093	0.093	0.092	0.093	0.091	0.094	0.098	0.097	0.094	0.093	0.093	0.093	0.094	0.092	0.092	0.093
0.093	0.095	0.094	0.093	0.094	0.095	0.092	0.095	0.094	0.093	0.094	0.094	0.341	0.293	0.277	0.776	0.71	0.731	0.599	0.528	0.576	0.61	0.548	0.536	0.351	0.234	0.241	0.611	0.553	0.592	0.515	0.418	0.431	0.443	0.399	0.459	0.282	0.224	0.241	0.537	0.469	0.482	0.3	0.302	0.308	0.377	0.356	0.356	0.138	0.139	0.132	0.12	0.115	0.122	0.099	0.1	0.099	0.11	0.102	0.103	0.093	0.098	0.094	0.099	0.097	0.095	0.095	0.093	0.098	0.098	0.095	0.097	0.094	0.096	0.095	0.095	0.095	0.094	0.092	0.095	0.093	0.093	0.092	0.093	0.092	0.094	0.098	0.097	0.094	0.093	0.093	0.093	0.094	0.092	0.092	0.093
0.093	0.095	0.094	0.093	0.094	0.095	0.092	0.095	0.094	0.093	0.094	0.094	0.375	0.319	0.299	0.837	0.766	0.79	0.649	0.572	0.621	0.665	0.596	0.584	0.384	0.254	0.261	0.666	0.603	0.645	0.561	0.452	0.467	0.483	0.435	0.501	0.306	0.24	0.259	0.587	0.514	0.53	0.323	0.325	0.331	0.416	0.387	0.389	0.143	0.143	0.137	0.122	0.117	0.124	0.099	0.1	0.099	0.111	0.102	0.103	0.093	0.098	0.094	0.099	0.098	0.095	0.095	0.093	0.098	0.098	0.095	0.097	0.094	0.096	0.095	0.095	0.095	0.094	0.092	0.095	0.093	0.093	0.092	0.093	0.092	0.094	0.099	0.097	0.094	0.093	0.093	0.093	0.094	0.093	0.092	0.093
0.093	0.095	0.094	0.093	0.093	0.095	0.092	0.095	0.094	0.093	0.093	0.094	0.411	0.347	0.325	0.898	0.825	0.846	0.703	0.617	0.668	0.72	0.645	0.632	0.42	0.275	0.28	0.725	0.656	0.701	0.609	0.491	0.505	0.529	0.473	0.542	0.334	0.259	0.277	0.641	0.564	0.581	0.348	0.35	0.356	0.458	0.422	0.426	0.148	0.149	0.141	0.124	0.119	0.126	0.1	0.101	0.1	0.11	0.102	0.103	0.093	0.098	0.094	0.099	0.097	0.095	0.095	0.093	0.098	0.098	0.095	0.097	0.094	0.096	0.095	0.095	0.095	0.094	0.092	0.094	0.093	0.093	0.092	0.093	0.091	0.094	0.099	0.097	0.094	0.093	0.093	0.093	0.094	0.092	0.092	0.093
0.093	0.095	0.094	0.093	0.094	0.095	0.092	0.095	0.094	0.093	0.094	0.095	0.45	0.377	0.353	0.955	0.882	0.903	0.758	0.662	0.716	0.778	0.696	0.684	0.458	0.298	0.302	0.784	0.711	0.757	0.659	0.53	0.546	0.577	0.515	0.589	0.365	0.279	0.299	0.698	0.617	0.633	0.377	0.379	0.383	0.504	0.462	0.464	0.154	0.155	0.146	0.127	0.121	0.128	0.1	0.101	0.1	0.112	0.103	0.104	0.093	0.098	0.094	0.099	0.097	0.095	0.095	0.093	0.098	0.098	0.095	0.097	0.094	0.096	0.095	0.095	0.095	0.094	0.092	0.095	0.093	0.093	0.092	0.093	0.092	0.094	0.099	0.097	0.094	0.093	0.093	0.093	0.094	0.093	0.092	0.093
0.093	0.095	0.094	0.093	0.093	0.094	0.092	0.095	0.094	0.093	0.093	0.094	0.491	0.41	0.385	1.011	0.936	0.96	0.813	0.711	0.766	0.836	0.749	0.736	0.501	0.324	0.326	0.844	0.766	0.81	0.713	0.573	0.591	0.627	0.561	0.636	0.4	0.301	0.323	0.755	0.673	0.689	0.406	0.41	0.414	0.553	0.504	0.507	0.16	0.161	0.152	0.13	0.123	0.13	0.101	0.101	0.1	0.112	0.103	0.104	0.093	0.098	0.094	0.099	0.097	0.095	0.095	0.093	0.098	0.098	0.095	0.097	0.094	0.096	0.095	0.095	0.095	0.094	0.092	0.095	0.093	0.093	0.092	0.093	0.092	0.095	0.099	0.097	0.094	0.093	0.093	0.093	0.094	0.092	0.092	0.093
0.093	0.095	0.094	0.093	0.093	0.095	0.092	0.095	0.094	0.093	0.094	0.095	0.537	0.444	0.418	1.063	0.99	1.013	0.869	0.762	0.815	0.893	0.8	0.788	0.548	0.352	0.352	0.902	0.821	0.866	0.765	0.615	0.638	0.682	0.608	0.685	0.438	0.325	0.349	0.813	0.727	0.743	0.441	0.442	0.446	0.607	0.549	0.552	0.168	0.168	0.158	0.133	0.125	0.133	0.101	0.102	0.101	0.113	0.104	0.105	0.093	0.098	0.094	0.099	0.097	0.095	0.095	0.093	0.098	0.098	0.095	0.097	0.094	0.096	0.096	0.095	0.095	0.094	0.092	0.095	0.093	0.093	0.092	0.093	0.092	0.095	0.099	0.097	0.094	0.093	0.093	0.093	0.094	0.092	0.092	0.093
0.093	0.095	0.094	0.093	0.094	0.095	0.092	0.095	0.094	0.093	0.094	0.094	0.585	0.481	0.452	1.11	1.041	1.063	0.924	0.809	0.865	0.949	0.851	0.842	0.594	0.383	0.382	0.958	0.874	0.923	0.82	0.661	0.687	0.738	0.658	0.737	0.479	0.351	0.377	0.871	0.783	0.798	0.477	0.476	0.481	0.662	0.597	0.601	0.176	0.176	0.165	0.137	0.127	0.136	0.102	0.102	0.101	0.113	0.104	0.105	0.093	0.098	0.094	0.099	0.097	0.095	0.095	0.094	0.098	0.098	0.095	0.097	0.094	0.096	0.096	0.095	0.095	0.094	0.092	0.095	0.093	0.093	0.092	0.093	0.092	0.094	0.099	0.097	0.094	0.093	0.093	0.093	0.094	0.092	0.092	0.093
0.093	0.095	0.094	0.093	0.094	0.094	0.092	0.095	0.094	0.093	0.093	0.095	0.634	0.52	0.49	1.145	1.088	1.109	0.977	0.858	0.914	1.001	0.903	0.892	0.645	0.415	0.414	1.005	0.927	0.975	0.87	0.707	0.738	0.797	0.709	0.788	0.523	0.38	0.408	0.927	0.838	0.854	0.518	0.513	0.52	0.717	0.647	0.65	0.184	0.184	0.172	0.141	0.13	0.139	0.102	0.102	0.102	0.114	0.105	0.106	0.093	0.098	0.094	0.099	0.097	0.095	0.095	0.093	0.098	0.098	0.095	0.097	0.094	0.096	0.096	0.095	0.095	0.094	0.092	0.094	0.093	0.093	0.092	0.093	0.092	0.095	0.099	0.097	0.094	0.093	0.093	0.093	0.094	0.092	0.092	0.093
0.093	0.095	0.094	0.093	0.094	0.095	0.092	0.095	0.094	0.093	0.094	0.095	0.687	0.563	0.531	1.171	1.125	1.145	1.026	0.905	0.959	1.051	0.952	0.941	0.697	0.452	0.447	1.044	0.978	1.019	0.921	0.755	0.788	0.854	0.763	0.841	0.57	0.412	0.441	0.978	0.893	0.907	0.56	0.553	0.559	0.774	0.696	0.701	0.194	0.193	0.18	0.146	0.133	0.142	0.102	0.103	0.102	0.115	0.106	0.106	0.093	0.098	0.094	0.099	0.097	0.095	0.095	0.093	0.098	0.098	0.095	0.097	0.095	0.096	0.096	0.095	0.095	0.094	0.092	0.095	0.093	0.093	0.092	0.093	0.092	0.095	0.099	0.097	0.094	0.093	0.093	0.093	0.094	0.092	0.092	0.093
0.093	0.095	0.094	0.093	0.093	0.095	0.092	0.095	0.094	0.093	0.093	0.095	0.74	0.604	0.573	1.19	1.152	1.171	1.075	0.955	1.007	1.095	1.002	0.991	0.751	0.491	0.484	1.075	1.023	1.056	0.971	0.803	0.836	0.909	0.815	0.893	0.619	0.447	0.476	1.02	0.946	0.96	0.605	0.594	0.601	0.831	0.748	0.753	0.204	0.203	0.188	0.151	0.137	0.146	0.103	0.103	0.102	0.116	0.106	0.107	0.093	0.098	0.095	0.099	0.097	0.095	0.095	0.094	0.098	0.098	0.095	0.097	0.095	0.096	0.096	0.095	0.095	0.094	0.092	0.095	0.093	0.093	0.092	0.093	0.092	0.095	0.099	0.097	0.094	0.093	0.093	0.093	0.094	0.093	0.092	0.093
0.093	0.095	0.094	0.093	0.094	0.095	0.092	0.095	0.094	0.093	0.093	0.095	0.792	0.651	0.616	1.204	1.171	1.189	1.115	1.002	1.051	1.131	1.048	1.037	0.804	0.532	0.523	1.097	1.057	1.083	1.014	0.851	0.885	0.959	0.866	0.944	0.668	0.485	0.514	1.054	0.995	1.004	0.65	0.637	0.644	0.887	0.8	0.805	0.215	0.213	0.198	0.157	0.14	0.15	0.103	0.103	0.103	0.117	0.107	0.107	0.093	0.098	0.095	0.099	0.097	0.095	0.095	0.093	0.098	0.098	0.095	0.097	0.094	0.096	0.096	0.095	0.095	0.094	0.092	0.094	0.093	0.093	0.092	0.093	0.092	0.095	0.099	0.097	0.094	0.093	0.093	0.093	0.094	0.092	0.092	0.093
0.093	0.095	0.094	0.093	0.093	0.094	0.092	0.095	0.094	0.092	0.093	0.095	0.846	0.697	0.662	1.214	1.188	1.201	1.148	1.046	1.094	1.154	1.089	1.079	0.855	0.575	0.565	1.115	1.083	1.104	1.055	0.898	0.932	1.001	0.917	0.993	0.725	0.525	0.555	1.077	1.032	1.041	0.698	0.681	0.69	0.939	0.85	0.857	0.227	0.225	0.209	0.164	0.144	0.154	0.104	0.104	0.103	0.117	0.108	0.108	0.093	0.098	0.095	0.099	0.097	0.095	0.095	0.093	0.098	0.098	0.095	0.097	0.095	0.096	0.096	0.095	0.095	0.094	0.092	0.095	0.093	0.093	0.092	0.093	0.092	0.095	0.1	0.097	0.094	0.093	0.093	0.093	0.094	0.092	0.092	0.093
0.093	0.095	0.094	0.093	0.094	0.095	0.092	0.095	0.094	0.092	0.093	0.095	0.897	0.744	0.708	1.222	1.198	1.21	1.171	1.088	1.133	1.172	1.128	1.118	0.907	0.621	0.607	1.128	1.104	1.121	1.085	0.944	0.978	1.032	0.967	1.037	0.776	0.568	0.598	1.097	1.065	1.068	0.747	0.726	0.735	0.984	0.899	0.907	0.24	0.237	0.221	0.171	0.149	0.16	0.105	0.104	0.104	0.119	0.108	0.109	0.093	0.098	0.095	0.099	0.097	0.095	0.095	0.093	0.098	0.098	0.095	0.097	0.095	0.096	0.096	0.095	0.095	0.094	0.092	0.095	0.093	0.093	0.092	0.093	0.092	0.095	0.1	0.097	0.094	0.093	0.093	0.093	0.094	0.092	0.092	0.093
0.093	0.095	0.094	0.093	0.094	0.094	0.092	0.095	0.094	0.092	0.093	0.095	0.947	0.792	0.754	1.227	1.205	1.217	1.189	1.128	1.166	1.187	1.158	1.15	0.958	0.667	0.653	1.139	1.118	1.135	1.109	0.988	1.021	1.056	1.012	1.076	0.827	0.613	0.642	1.111	1.087	1.089	0.797	0.772	0.781	1.019	0.949	0.955	0.256	0.252	0.233	0.18	0.154	0.166	0.106	0.104	0.104	0.12	0.109	0.109	0.093	0.098	0.095	0.099	0.097	0.095	0.095	0.093	0.098	0.098	0.095	0.097	0.095	0.096	0.096	0.095	0.095	0.094	0.092	0.095	0.093	0.093	0.092	0.093	0.092	0.095	0.1	0.097	0.094	0.093	0.093	0.093	0.094	0.092	0.092	0.093
0.093	0.095	0.094	0.093	0.094	0.095	0.092	0.095	0.094	0.093	0.093	0.095	0.997	0.839	0.803	1.231	1.211	1.223	1.203	1.165	1.192	1.196	1.181	1.173	1.007	0.716	0.698	1.147	1.131	1.144	1.129	1.031	1.058	1.076	1.05	1.106	0.881	0.658	0.689	1.122	1.105	1.104	0.847	0.817	0.827	1.047	0.992	0.999	0.273	0.268	0.247	0.191	0.16	0.172	0.106	0.105	0.105	0.121	0.11	0.11	0.093	0.098	0.095	0.099	0.097	0.095	0.095	0.093	0.098	0.098	0.095	0.097	0.095	0.096	0.096	0.095	0.095	0.094	0.092	0.095	0.093	0.093	0.092	0.093	0.092	0.095	0.1	0.097	0.094	0.093	0.093	0.093	0.094	0.092	0.092	0.093
0.093	0.095	0.094	0.093	0.094	0.094	0.092	0.095	0.094	0.092	0.093	0.095	1.042	0.887	0.851	1.233	1.214	1.225	1.213	1.193	1.21	1.204	1.197	1.189	1.051	0.763	0.745	1.154	1.14	1.151	1.144	1.069	1.089	1.092	1.077	1.127	0.931	0.705	0.736	1.131	1.117	1.115	0.896	0.863	0.872	1.067	1.031	1.038	0.292	0.285	0.263	0.202	0.166	0.18	0.107	0.105	0.106	0.123	0.111	0.111	0.093	0.098	0.095	0.099	0.097	0.095	0.095	0.093	0.098	0.098	0.095	0.097	0.095	0.097	0.096	0.095	0.095	0.094	0.092	0.095	0.093	0.093	0.092	0.093	0.092	0.095	0.1	0.097	0.094	0.093	0.093	0.093	0.094	0.092	0.092	0.093
0.093	0.095	0.094	0.093	0.094	0.095	0.092	0.095	0.094	0.092	0.093	0.095	1.077	0.933	0.897	1.236	1.218	1.228	1.219	1.216	1.224	1.209	1.21	1.203	1.089	0.81	0.791	1.159	1.147	1.157	1.155	1.098	1.114	1.105	1.101	1.146	0.979	0.753	0.781	1.137	1.126	1.124	0.942	0.907	0.917	1.083	1.061	1.067	0.313	0.303	0.279	0.215	0.173	0.188	0.108	0.106	0.106	0.124	0.112	0.111	0.093	0.099	0.095	0.099	0.097	0.095	0.095	0.093	0.098	0.098	0.095	0.097	0.095	0.097	0.096	0.095	0.095	0.094	0.092	0.095	0.093	0.093	0.092	0.093	0.092	0.095	0.1	0.097	0.094	0.093	0.093	0.093	0.094	0.092	0.092	0.093
0.093	0.095	0.094	0.093	0.094	0.095	0.092	0.095	0.094	0.092	0.093	0.095	1.106	0.975	0.942	1.237	1.219	1.23	1.224	1.233	1.234	1.212	1.218	1.211	1.118	0.857	0.838	1.162	1.153	1.161	1.164	1.122	1.134	1.114	1.119	1.16	1.023	0.799	0.825	1.142	1.133	1.131	0.985	0.951	0.959	1.095	1.086	1.09	0.336	0.323	0.298	0.23	0.181	0.198	0.109	0.106	0.107	0.126	0.113	0.112	0.093	0.099	0.095	0.099	0.098	0.095	0.095	0.094	0.098	0.098	0.095	0.097	0.095	0.097	0.096	0.095	0.095	0.094	0.092	0.095	0.093	0.093	0.092	0.093	0.093	0.096	0.1	0.097	0.094	0.093	0.093	0.093	0.094	0.092	0.092	0.093
0.093	0.095	0.094	0.093	0.094	0.095	0.092	0.095	0.094	0.092	0.093	0.095	1.127	1.019	0.987	1.238	1.22	1.232	1.228	1.246	1.242	1.215	1.225	1.218	1.139	0.904	0.884	1.165	1.157	1.165	1.17	1.142	1.149	1.121	1.133	1.169	1.059	0.846	0.871	1.146	1.139	1.136	1.022	0.992	0.998	1.104	1.103	1.109	0.363	0.346	0.318	0.247	0.19	0.209	0.11	0.107	0.108	0.128	0.114	0.113	0.093	0.099	0.095	0.099	0.097	0.095	0.095	0.093	0.098	0.098	0.095	0.097	0.095	0.097	0.096	0.095	0.095	0.094	0.092	0.095	0.093	0.093	0.092	0.093	0.093	0.096	0.1	0.097	0.094	0.093	0.093	0.093	0.093	0.092	0.092	0.093
0.093	0.095	0.094	0.093	0.094	0.095	0.092	0.095	0.094	0.092	0.093	0.095	1.142	1.061	1.03	1.24	1.221	1.232	1.23	1.256	1.248	1.216	1.229	1.222	1.156	0.949	0.928	1.167	1.16	1.167	1.175	1.157	1.161	1.127	1.144	1.178	1.088	0.891	0.914	1.148	1.142	1.139	1.053	1.031	1.035	1.112	1.118	1.122	0.391	0.37	0.34	0.266	0.2	0.221	0.111	0.108	0.108	0.13	0.116	0.114	0.094	0.099	0.095	0.099	0.097	0.095	0.095	0.094	0.098	0.098	0.095	0.097	0.095	0.097	0.096	0.095	0.095	0.094	0.092	0.095	0.093	0.093	0.092	0.093	0.093	0.096	0.101	0.097	0.094	0.093	0.093	0.093	0.094	0.092	0.092	0.093
0.093	0.095	0.094	0.093	0.094	0.095	0.092	0.095	0.094	0.092	0.093	0.095	1.153	1.098	1.071	1.241	1.223	1.233	1.232	1.262	1.252	1.218	1.233	1.225	1.17	0.991	0.97	1.169	1.162	1.169	1.178	1.168	1.169	1.131	1.151	1.183	1.11	0.937	0.955	1.151	1.145	1.143	1.074	1.064	1.065	1.119	1.129	1.133	0.422	0.396	0.364	0.289	0.212	0.234	0.112	0.108	0.109	0.132	0.117	0.115	0.094	0.099	0.095	0.099	0.097	0.095	0.095	0.094	0.098	0.098	0.096	0.097	0.095	0.097	0.096	0.095	0.095	0.094	0.092	0.095	0.093	0.093	0.092	0.093	0.093	0.096	0.101	0.097	0.094	0.093	0.093	0.093	0.093	0.092	0.092	0.093
0.093	0.095	0.094	0.093	0.094	0.095	0.092	0.095	0.094	0.092	0.093	0.095	1.162	1.133	1.109	1.242	1.224	1.235	1.234	1.266	1.256	1.22	1.234	1.227	1.18	1.031	1.01	1.172	1.164	1.171	1.182	1.176	1.175	1.134	1.158	1.187	1.125	0.979	0.996	1.152	1.147	1.145	1.092	1.092	1.091	1.123	1.137	1.141	0.456	0.423	0.39	0.312	0.225	0.248	0.113	0.109	0.11	0.135	0.118	0.116	0.094	0.099	0.095	0.099	0.097	0.095	0.095	0.094	0.098	0.098	0.096	0.097	0.095	0.097	0.096	0.095	0.095	0.094	0.092	0.095	0.093	0.093	0.092	0.093	0.093	0.096	0.101	0.097	0.094	0.093	0.093	0.093	0.094	0.092	0.092	0.093
0.093	0.095	0.094	0.093	0.094	0.095	0.092	0.095	0.094	0.092	0.094	0.095	1.17	1.161	1.145	1.242	1.224	1.237	1.236	1.271	1.258	1.221	1.236	1.228	1.188	1.07	1.05	1.174	1.166	1.173	1.184	1.182	1.181	1.138	1.164	1.192	1.139	1.019	1.036	1.155	1.15	1.147	1.105	1.115	1.109	1.127	1.144	1.147	0.493	0.455	0.419	0.339	0.239	0.265	0.114	0.11	0.111	0.137	0.12	0.117	0.094	0.099	0.096	0.099	0.097	0.095	0.095	0.094	0.098	0.098	0.096	0.097	0.095	0.097	0.097	0.095	0.095	0.094	0.092	0.095	0.093	0.093	0.092	0.094	0.093	0.096	0.101	0.097	0.094	0.093	0.093	0.093	0.094	0.092	0.092	0.093
0.093	0.095	0.094	0.093	0.093	0.095	0.092	0.095	0.094	0.092	0.093	0.095	1.175	1.183	1.177	1.243	1.226	1.237	1.237	1.273	1.259	1.222	1.236	1.231	1.195	1.103	1.085	1.175	1.168	1.174	1.186	1.187	1.183	1.141	1.168	1.195	1.148	1.056	1.071	1.156	1.151	1.149	1.117	1.133	1.124	1.131	1.149	1.151	0.532	0.487	0.45	0.371	0.255	0.284	0.116	0.11	0.112	0.14	0.121	0.118	0.094	0.099	0.095	0.099	0.097	0.095	0.095	0.093	0.098	0.098	0.095	0.097	0.095	0.097	0.097	0.095	0.095	0.094	0.092	0.095	0.093	0.093	0.092	0.093	0.093	0.096	0.101	0.097	0.094	0.093	0.093	0.093	0.093	0.092	0.092	0.093
0.093	0.095	0.094	0.093	0.093	0.094	0.092	0.095	0.094	0.092	0.093	0.095	1.179	1.196	1.204	1.244	1.226	1.238	1.238	1.275	1.26	1.222	1.238	1.231	1.2	1.13	1.117	1.176	1.169	1.176	1.188	1.19	1.187	1.142	1.172	1.198	1.157	1.091	1.104	1.157	1.153	1.15	1.124	1.146	1.137	1.133	1.154	1.155	0.574	0.522	0.486	0.405	0.273	0.304	0.117	0.111	0.113	0.143	0.123	0.12	0.094	0.099	0.096	0.099	0.097	0.095	0.095	0.094	0.098	0.098	0.095	0.097	0.095	0.097	0.097	0.095	0.095	0.094	0.092	0.095	0.093	0.093	0.092	0.093	0.093	0.096	0.101	0.097	0.094	0.093	0.093	0.093	0.093	0.092	0.092	0.093
0.093	0.095	0.094	0.093	0.094	0.095	0.093	0.095	0.094	0.092	0.094	0.095	1.183	1.209	1.225	1.245	1.226	1.238	1.24	1.277	1.262	1.223	1.238	1.232	1.205	1.151	1.141	1.177	1.171	1.177	1.189	1.194	1.189	1.144	1.175	1.2	1.163	1.12	1.13	1.158	1.154	1.152	1.131	1.157	1.145	1.135	1.157	1.159	0.618	0.56	0.521	0.441	0.293	0.328	0.118	0.112	0.114	0.147	0.125	0.121	0.094	0.099	0.096	0.099	0.098	0.095	0.095	0.094	0.098	0.098	0.096	0.097	0.096	0.097	0.097	0.095	0.095	0.094	0.092	0.095	0.093	0.094	0.092	0.093	0.093	0.097	0.102	0.097	0.094	0.093	0.093	0.093	0.094	0.093	0.092	0.093
0.093	0.095	0.094	0.093	0.093	0.095	0.092	0.095	0.094	0.092	0.093	0.095	1.186	1.218	1.24	1.245	1.228	1.238	1.241	1.278	1.262	1.224	1.238	1.234	1.208	1.166	1.161	1.178	1.172	1.178	1.191	1.196	1.19	1.146	1.178	1.201	1.169	1.141	1.15	1.159	1.156	1.153	1.135	1.163	1.151	1.137	1.161	1.161	0.661	0.598	0.558	0.482	0.314	0.353	0.12	0.113	0.115	0.151	0.127	0.122	0.094	0.099	0.096	0.099	0.098	0.095	0.095	0.094	0.098	0.098	0.095	0.097	0.096	0.097	0.097	0.095	0.095	0.094	0.092	0.095	0.093	0.093	0.092	0.093	0.093	0.096	0.102	0.097	0.094	0.093	0.093	0.093	0.094	0.092	0.092	0.093
0.093	0.095	0.094	0.093	0.093	0.095	0.092	0.095	0.094	0.092	0.093	0.096	1.189	1.227	1.252	1.246	1.228	1.239	1.242	1.279	1.264	1.224	1.239	1.234	1.211	1.18	1.176	1.179	1.174	1.18	1.192	1.198	1.193	1.147	1.18	1.204	1.173	1.157	1.165	1.16	1.157	1.154	1.139	1.17	1.157	1.139	1.163	1.164	0.707	0.639	0.598	0.528	0.339	0.382	0.122	0.114	0.116	0.156	0.13	0.124	0.094	0.099	0.096	0.099	0.098	0.095	0.095	0.094	0.098	0.098	0.096	0.097	0.096	0.098	0.097	0.095	0.095	0.094	0.092	0.095	0.093	0.093	0.092	0.093	0.094	0.097	0.102	0.097	0.094	0.093	0.093	0.093	0.094	0.093	0.092	0.093
0.093	0.095	0.094	0.093	0.093	0.094	0.092	0.095	0.094	0.092	0.093	0.096	1.19	1.232	1.261	1.246	1.228	1.24	1.242	1.28	1.264	1.225	1.24	1.234	1.213	1.19	1.187	1.179	1.176	1.181	1.192	1.199	1.193	1.149	1.182	1.205	1.177	1.169	1.176	1.161	1.158	1.155	1.143	1.173	1.16	1.141	1.164	1.165	0.752	0.68	0.638	0.576	0.366	0.412	0.123	0.115	0.117	0.161	0.132	0.126	0.094	0.099	0.096	0.099	0.097	0.095	0.095	0.094	0.098	0.098	0.095	0.097	0.096	0.098	0.097	0.095	0.095	0.094	0.092	0.094	0.093	0.093	0.092	0.093	0.094	0.097	0.102	0.097	0.094	0.093	0.093	0.093	0.093	0.092	0.092	0.093
0.093	0.095	0.094	0.093	0.094	0.095	0.092	0.095	0.094	0.092	0.093	0.096	1.193	1.237	1.268	1.247	1.228	1.239	1.244	1.281	1.265	1.225	1.24	1.235	1.215	1.199	1.197	1.18	1.177	1.182	1.193	1.201	1.195	1.15	1.183	1.206	1.18	1.18	1.186	1.161	1.159	1.156	1.145	1.177	1.163	1.142	1.166	1.168	0.798	0.722	0.681	0.627	0.398	0.446	0.125	0.116	0.119	0.166	0.135	0.128	0.094	0.1	0.096	0.099	0.097	0.095	0.095	0.094	0.098	0.098	0.096	0.097	0.096	0.098	0.097	0.095	0.095	0.094	0.092	0.095	0.093	0.093	0.092	0.093	0.094	0.097	0.102	0.097	0.094	0.093	0.093	0.093	0.094	0.092	0.092	0.093
0.093	0.095	0.094	0.093	0.093	0.094	0.092	0.095	0.094	0.092	0.093	0.096	1.196	1.24	1.273	1.247	1.229	1.24	1.244	1.282	1.266	1.226	1.241	1.236	1.218	1.205	1.205	1.181	1.177	1.183	1.194	1.202	1.197	1.152	1.185	1.207	1.182	1.188	1.194	1.162	1.16	1.157	1.147	1.179	1.164	1.143	1.168	1.169	0.842	0.763	0.723	0.679	0.429	0.484	0.127	0.117	0.12	0.172	0.137	0.13	0.094	0.1	0.096	0.099	0.097	0.095	0.095	0.093	0.098	0.098	0.095	0.097	0.096	0.098	0.097	0.095	0.095	0.094	0.092	0.094	0.093	0.093	0.092	0.093	0.094	0.097	0.102	0.097	0.094	0.093	0.093	0.093	0.093	0.092	0.092	0.093
0.093	0.095	0.094	0.093	0.093	0.095	0.092	0.095	0.094	0.092	0.093	0.096	1.196	1.242	1.276	1.247	1.229	1.241	1.245	1.283	1.266	1.227	1.241	1.237	1.22	1.21	1.212	1.182	1.179	1.184	1.196	1.203	1.197	1.153	1.187	1.209	1.184	1.195	1.201	1.163	1.161	1.158	1.149	1.181	1.166	1.145	1.169	1.17	0.886	0.805	0.766	0.731	0.467	0.524	0.129	0.118	0.121	0.18	0.14	0.132	0.094	0.1	0.096	0.099	0.097	0.095	0.095	0.094	0.098	0.098	0.095	0.097	0.096	0.098	0.097	0.095	0.095	0.094	0.092	0.095	0.093	0.093	0.092	0.093	0.094	0.097	0.102	0.097	0.094	0.093	0.093	0.093	0.093	0.092	0.092	0.093
0.093	0.095	0.094	0.093	0.094	0.095	0.092	0.095	0.094	0.093	0.093	0.096	1.198	1.244	1.28	1.248	1.23	1.241	1.246	1.283	1.268	1.227	1.242	1.237	1.222	1.213	1.216	1.183	1.181	1.186	1.196	1.204	1.199	1.153	1.188	1.211	1.186	1.2	1.205	1.164	1.162	1.159	1.151	1.183	1.168	1.146	1.17	1.172	0.924	0.846	0.809	0.784	0.507	0.57	0.131	0.119	0.123	0.188	0.144	0.135	0.094	0.1	0.096	0.099	0.098	0.095	0.095	0.094	0.098	0.098	0.095	0.097	0.096	0.098	0.097	0.095	0.095	0.094	0.092	0.095	0.093	0.093	0.092	0.093	0.094	0.098	0.102	0.097	0.094	0.093	0.093	0.093	0.094	0.092	0.092	0.093
0.093	0.095	0.094	0.093	0.093	0.095	0.092	0.095	0.094	0.093	0.093	0.096	1.2	1.246	1.282	1.249	1.231	1.242	1.246	1.285	1.269	1.228	1.243	1.238	1.224	1.216	1.22	1.183	1.181	1.186	1.197	1.204	1.199	1.155	1.19	1.212	1.188	1.204	1.208	1.165	1.164	1.159	1.153	1.185	1.17	1.147	1.172	1.173	0.958	0.887	0.851	0.837	0.548	0.615	0.134	0.121	0.124	0.197	0.148	0.137	0.094	0.1	0.096	0.099	0.097	0.095	0.095	0.094	0.098	0.098	0.095	0.097	0.096	0.098	0.097	0.095	0.095	0.094	0.092	0.095	0.093	0.093	0.092	0.093	0.094	0.098	0.103	0.097	0.094	0.093	0.093	0.093	0.093	0.092	0.092	0.093
0.093	0.095	0.094	0.093	0.093	0.095	0.092	0.095	0.094	0.093	0.093	0.096	1.202	1.248	1.284	1.249	1.231	1.242	1.248	1.285	1.268	1.228	1.243	1.239	1.225	1.218	1.223	1.184	1.183	1.187	1.199	1.206	1.2	1.155	1.191	1.213	1.189	1.208	1.211	1.165	1.164	1.16	1.155	1.186	1.17	1.148	1.173	1.174	0.983	0.925	0.891	0.888	0.596	0.662	0.136	0.122	0.126	0.207	0.152	0.14	0.095	0.1	0.096	0.099	0.097	0.095	0.095	0.094	0.098	0.098	0.095	0.097	0.096	0.098	0.097	0.095	0.095	0.094	0.092	0.095	0.093	0.093	0.092	0.093	0.095	0.098	0.103	0.097	0.094	0.093	0.093	0.093	0.093	0.092	0.092	0.093
0.093	0.095	0.094	0.093	0.093	0.095	0.092	0.095	0.094	0.093	0.093	0.096	1.203	1.25	1.285	1.25	1.231	1.242	1.248	1.286	1.269	1.229	1.244	1.24	1.226	1.221	1.225	1.185	1.184	1.188	1.199	1.206	1.201	1.156	1.192	1.214	1.191	1.211	1.214	1.165	1.165	1.161	1.155	1.186	1.171	1.148	1.174	1.175	1.002	0.963	0.93	0.936	0.641	0.711	0.138	0.123	0.128	0.218	0.156	0.142	0.094	0.1	0.096	0.099	0.097	0.095	0.095	0.094	0.098	0.098	0.095	0.097	0.096	0.098	0.097	0.095	0.095	0.094	0.092	0.095	0.093	0.093	0.092	0.093	0.095	0.098	0.103	0.097	0.094	0.093	0.093	0.093	0.093	0.092	0.092	0.093
0.093	0.095	0.094	0.093	0.093	0.095	0.092	0.095	0.094	0.093	0.093	0.096	1.204	1.25	1.286	1.25	1.232	1.243	1.248	1.287	1.27	1.23	1.244	1.24	1.228	1.222	1.226	1.186	1.185	1.189	1.2	1.207	1.202	1.157	1.193	1.215	1.192	1.213	1.216	1.166	1.165	1.161	1.158	1.189	1.172	1.149	1.174	1.175	1.018	0.997	0.965	0.976	0.69	0.763	0.141	0.125	0.13	0.23	0.161	0.146	0.095	0.1	0.096	0.099	0.097	0.095	0.095	0.094	0.098	0.098	0.095	0.097	0.097	0.098	0.097	0.095	0.095	0.094	0.092	0.095	0.093	0.093	0.092	0.093	0.095	0.098	0.103	0.097	0.094	0.093	0.093	0.093	0.093	0.092	0.092	0.093
0.093	0.095	0.094	0.093	0.093	0.095	0.092	0.095	0.094	0.093	0.093	0.096	1.206	1.251	1.288	1.251	1.232	1.244	1.25	1.287	1.271	1.23	1.245	1.241	1.229	1.224	1.228	1.186	1.186	1.19	1.2	1.208	1.203	1.158	1.195	1.218	1.194	1.216	1.217	1.167	1.166	1.162	1.158	1.189	1.173	1.15	1.176	1.176	1.028	1.026	0.994	1.007	0.74	0.816	0.144	0.127	0.132	0.244	0.166	0.149	0.095	0.1	0.096	0.099	0.097	0.095	0.095	0.094	0.098	0.098	0.095	0.097	0.097	0.098	0.097	0.095	0.095	0.094	0.092	0.095	0.093	0.093	0.092	0.093	0.095	0.098	0.103	0.097	0.094	0.093	0.093	0.093	0.093	0.092	0.092	0.093
0.093	0.095	0.094	0.093	0.093	0.095	0.092	0.095	0.094	0.093	0.093	0.096	1.207	1.253	1.288	1.251	1.234	1.245	1.25	1.288	1.271	1.23	1.246	1.242	1.23	1.226	1.229	1.187	1.187	1.191	1.201	1.209	1.203	1.159	1.195	1.217	1.194	1.218	1.218	1.168	1.166	1.163	1.16	1.189	1.174	1.151	1.177	1.178	1.037	1.048	1.018	1.032	0.793	0.867	0.147	0.129	0.134	0.26	0.172	0.153	0.095	0.101	0.097	0.099	0.097	0.095	0.095	0.094	0.098	0.098	0.095	0.097	0.097	0.098	0.098	0.095	0.095	0.094	0.092	0.095	0.093	0.093	0.092	0.093	0.095	0.098	0.104	0.097	0.094	0.093	0.093	0.093	0.093	0.092	0.092	0.093
0.093	0.095	0.094	0.093	0.094	0.095	0.092	0.095	0.094	0.093	0.093	0.096	1.209	1.254	1.289	1.252	1.234	1.245	1.251	1.288	1.271	1.231	1.245	1.242	1.231	1.227	1.23	1.188	1.188	1.192	1.202	1.21	1.204	1.16	1.196	1.218	1.196	1.219	1.22	1.168	1.167	1.164	1.16	1.19	1.175	1.151	1.177	1.179	1.045	1.065	1.034	1.052	0.842	0.917	0.151	0.131	0.136	0.279	0.178	0.157	0.095	0.101	0.097	0.1	0.098	0.095	0.095	0.094	0.098	0.098	0.096	0.097	0.097	0.099	0.098	0.095	0.095	0.094	0.092	0.095	0.093	0.093	0.092	0.093	0.096	0.099	0.104	0.097	0.094	0.093	0.093	0.093	0.093	0.092	0.092	0.093
0.093	0.095	0.094	0.093	0.094	0.095	0.092	0.095	0.094	0.093	0.093	0.096	1.21	1.254	1.29	1.252	1.234	1.245	1.253	1.288	1.272	1.232	1.246	1.243	1.232	1.228	1.232	1.189	1.189	1.192	1.202	1.21	1.204	1.161	1.197	1.22	1.197	1.22	1.221	1.168	1.168	1.165	1.161	1.191	1.176	1.153	1.178	1.179	1.049	1.077	1.048	1.066	0.89	0.964	0.155	0.133	0.139	0.297	0.186	0.162	0.095	0.101	0.097	0.1	0.098	0.095	0.095	0.094	0.098	0.098	0.096	0.097	0.097	0.099	0.098	0.095	0.095	0.094	0.092	0.095	0.093	0.093	0.092	0.094	0.096	0.099	0.104	0.097	0.094	0.093	0.093	0.093	0.093	0.092	0.092	0.093
0.093	0.095	0.094	0.093	0.094	0.095	0.092	0.095	0.094	0.093	0.093	0.096	1.211	1.255	1.291	1.253	1.234	1.246	1.252	1.29	1.273	1.233	1.246	1.244	1.234	1.229	1.233	1.189	1.19	1.193	1.203	1.21	1.205	1.163	1.198	1.221	1.198	1.221	1.222	1.168	1.169	1.165	1.163	1.191	1.176	1.153	1.178	1.18	1.053	1.086	1.057	1.077	0.931	1.008	0.158	0.135	0.142	0.319	0.194	0.167	0.095	0.101	0.097	0.1	0.098	0.095	0.095	0.094	0.098	0.098	0.095	0.097	0.097	0.099	0.098	0.095	0.095	0.094	0.092	0.095	0.093	0.093	0.092	0.093	0.096	0.099	0.105	0.097	0.094	0.093	0.093	0.093	0.093	0.092	0.092	0.093
0.093	0.095	0.094	0.093	0.093	0.095	0.092	0.095	0.094	0.093	0.093	0.096	1.212	1.256	1.292	1.253	1.234	1.246	1.254	1.291	1.274	1.233	1.247	1.244	1.234	1.23	1.234	1.189	1.19	1.194	1.203	1.211	1.205	1.163	1.199	1.222	1.199	1.223	1.223	1.168	1.169	1.166	1.162	1.192	1.177	1.154	1.179	1.181	1.057	1.093	1.066	1.085	0.965	1.04	0.163	0.137	0.145	0.342	0.201	0.173	0.095	0.101	0.097	0.099	0.098	0.095	0.095	0.094	0.098	0.098	0.095	0.097	0.097	0.099	0.098	0.095	0.095	0.094	0.092	0.095	0.093	0.093	0.092	0.093	0.096	0.099	0.105	0.097	0.094	0.092	0.093	0.093	0.093	0.092	0.092	0.093
0.093	0.095	0.094	0.093	0.094	0.095	0.093	0.095	0.094	0.093	0.093	0.096	1.213	1.258	1.292	1.254	1.235	1.247	1.254	1.291	1.275	1.234	1.248	1.245	1.236	1.232	1.234	1.19	1.192	1.195	1.204	1.212	1.207	1.164	1.2	1.223	1.2	1.224	1.224	1.17	1.17	1.167	1.164	1.193	1.178	1.155	1.18	1.182	1.06	1.099	1.072	1.091	0.994	1.065	0.168	0.139	0.148	0.37	0.21	0.179	0.095	0.101	0.097	0.1	0.098	0.096	0.095	0.094	0.098	0.098	0.096	0.097	0.097	0.099	0.098	0.095	0.095	0.094	0.092	0.095	0.093	0.093	0.092	0.094	0.096	0.1	0.105	0.097	0.094	0.093	0.093	0.093	0.094	0.093	0.092	0.093
0.093	0.095	0.094	0.093	0.093	0.094	0.092	0.095	0.094	0.093	0.093	0.096	1.213	1.258	1.293	1.255	1.236	1.247	1.255	1.291	1.275	1.235	1.248	1.246	1.236	1.232	1.235	1.191	1.193	1.196	1.204	1.213	1.206	1.165	1.201	1.224	1.2	1.225	1.225	1.171	1.17	1.167	1.165	1.193	1.179	1.156	1.18	1.182	1.063	1.103	1.077	1.097	1.014	1.083	0.173	0.142	0.151	0.4	0.22	0.186	0.095	0.101	0.097	0.099	0.098	0.095	0.095	0.094	0.098	0.098	0.095	0.096	0.097	0.099	0.098	0.095	0.095	0.094	0.092	0.095	0.093	0.093	0.092	0.093	0.096	0.1	0.105	0.097	0.094	0.093	0.093	0.093	0.093	0.092	0.092	0.093
0.093	0.095	0.094	0.093	0.093	0.095	0.092	0.095	0.094	0.093	0.093	0.096	1.215	1.258	1.294	1.255	1.236	1.247	1.256	1.292	1.276	1.235	1.248	1.246	1.238	1.233	1.236	1.191	1.193	1.197	1.206	1.212	1.208	1.165	1.202	1.224	1.201	1.226	1.226	1.171	1.171	1.168	1.166	1.194	1.18	1.156	1.181	1.183	1.065	1.107	1.082	1.101	1.03	1.096	0.178	0.144	0.154	0.434	0.231	0.194	0.095	0.101	0.097	0.1	0.098	0.095	0.095	0.094	0.098	0.098	0.095	0.096	0.098	0.099	0.098	0.095	0.095	0.094	0.092	0.095	0.093	0.093	0.092	0.093	0.097	0.1	0.106	0.097	0.094	0.093	0.093	0.093	0.093	0.092	0.092	0.093
0.093	0.095	0.094	0.093	0.094	0.094	0.092	0.095	0.094	0.093	0.093	0.096	1.216	1.26	1.294	1.255	1.237	1.247	1.257	1.293	1.276	1.235	1.249	1.248	1.238	1.234	1.236	1.192	1.194	1.198	1.206	1.213	1.208	1.166	1.203	1.225	1.202	1.227	1.227	1.172	1.172	1.168	1.167	1.194	1.181	1.157	1.182	1.184	1.067	1.11	1.085	1.103	1.04	1.107	0.184	0.147	0.158	0.471	0.243	0.203	0.095	0.101	0.097	0.099	0.098	0.095	0.095	0.094	0.098	0.098	0.095	0.097	0.098	0.099	0.098	0.095	0.095	0.094	0.092	0.095	0.093	0.093	0.092	0.093	0.097	0.1	0.106	0.097	0.094	0.093	0.093	0.093	0.093	0.092	0.092	0.093
0.093	0.095	0.094	0.093	0.093	0.095	0.093	0.095	0.094	0.092	0.093	0.096	1.217	1.26	1.295	1.256	1.237	1.248	1.257	1.294	1.277	1.235	1.25	1.249	1.239	1.235	1.237	1.193	1.195	1.198	1.207	1.214	1.208	1.167	1.204	1.225	1.203	1.228	1.228	1.172	1.172	1.169	1.166	1.194	1.18	1.158	1.182	1.185	1.069	1.112	1.087	1.106	1.051	1.114	0.19	0.15	0.161	0.508	0.256	0.211	0.095	0.101	0.097	0.1	0.098	0.095	0.095	0.094	0.098	0.098	0.095	0.096	0.098	0.099	0.099	0.095	0.095	0.094	0.092	0.095	0.093	0.093	0.092	0.093	0.097	0.1	0.106	0.097	0.094	0.093	0.093	0.093	0.093	0.092	0.092	0.093
0.093	0.095	0.094	0.093	0.094	0.094	0.092	0.095	0.094	0.092	0.093	0.096	1.219	1.262	1.295	1.257	1.238	1.25	1.258	1.294	1.277	1.237	1.25	1.25	1.241	1.236	1.239	1.194	1.196	1.199	1.208	1.215	1.209	1.169	1.204	1.227	1.204	1.229	1.228	1.173	1.173	1.17	1.168	1.196	1.181	1.159	1.183	1.186	1.07	1.113	1.089	1.108	1.056	1.12	0.197	0.152	0.166	0.548	0.27	0.222	0.096	0.102	0.098	0.1	0.098	0.095	0.095	0.094	0.098	0.098	0.096	0.097	0.098	0.1	0.099	0.095	0.095	0.094	0.092	0.095	0.093	0.093	0.092	0.093	0.097	0.101	0.107	0.097	0.094	0.092	0.093	0.093	0.093	0.092	0.092	0.093
0.093	0.095	0.094	0.093	0.093	0.095	0.092	0.095	0.094	0.092	0.093	0.096	1.219	1.262	1.295	1.257	1.239	1.249	1.258	1.294	1.278	1.236	1.252	1.251	1.241	1.237	1.239	1.194	1.197	1.2	1.209	1.215	1.209	1.169	1.206	1.228	1.205	1.229	1.229	1.173	1.173	1.17	1.169	1.195	1.181	1.159	1.183	1.186	1.072	1.116	1.091	1.111	1.063	1.126	0.204	0.155	0.17	0.59	0.285	0.233	0.096	0.102	0.098	0.1	0.098	0.095	0.095	0.094	0.098	0.098	0.096	0.096	0.098	0.1	0.099	0.095	0.095	0.094	0.092	0.095	0.093	0.093	0.092	0.093	0.097	0.101	0.107	0.097	0.094	0.093	0.093	0.093	0.093	0.092	0.092	0.093
0.093	0.095	0.094	0.093	0.093	0.095	0.092	0.095	0.094	0.092	0.093	0.096	1.221	1.262	1.296	1.258	1.24	1.25	1.259	1.296	1.279	1.238	1.252	1.251	1.242	1.238	1.239	1.195	1.198	1.2	1.209	1.216	1.211	1.169	1.206	1.228	1.205	1.23	1.23	1.173	1.175	1.171	1.169	1.196	1.183	1.16	1.184	1.187	1.073	1.117	1.092	1.113	1.067	1.129	0.213	0.159	0.175	0.639	0.301	0.245	0.096	0.102	0.098	0.1	0.098	0.095	0.095	0.094	0.098	0.098	0.096	0.096	0.098	0.1	0.099	0.095	0.095	0.094	0.092	0.095	0.093	0.093	0.092	0.093	0.098	0.101	0.107	0.097	0.094	0.092	0.093	0.093	0.093	0.092	0.092	0.093
0.093	0.095	0.094	0.093	0.093	0.095	0.092	0.095	0.094	0.092	0.093	0.096	1.222	1.264	1.297	1.259	1.24	1.251	1.259	1.297	1.28	1.239	1.253	1.252	1.243	1.238	1.24	1.196	1.198	1.202	1.21	1.216	1.21	1.17	1.208	1.229	1.206	1.231	1.23	1.174	1.175	1.172	1.169	1.196	1.183	1.161	1.185	1.188	1.073	1.119	1.094	1.114	1.071	1.133	0.221	0.162	0.18	0.684	0.32	0.258	0.096	0.102	0.098	0.1	0.098	0.095	0.095	0.094	0.098	0.098	0.096	0.096	0.099	0.1	0.099	0.095	0.095	0.094	0.092	0.095	0.093	0.093	0.092	0.094	0.098	0.101	0.108	0.097	0.094	0.093	0.093	0.093	0.093	0.092	0.092	0.093
0.093	0.095	0.094	0.093	0.093	0.094	0.092	0.095	0.094	0.092	0.093	0.096	1.223	1.264	1.297	1.259	1.24	1.251	1.26	1.297	1.28	1.239	1.254	1.253	1.244	1.239	1.24	1.196	1.199	1.203	1.209	1.217	1.211	1.171	1.208	1.23	1.207	1.231	1.231	1.175	1.175	1.173	1.171	1.198	1.183	1.161	1.185	1.189	1.074	1.119	1.095	1.116	1.074	1.135	0.23	0.166	0.186	0.734	0.34	0.273	0.096	0.102	0.098	0.1	0.098	0.095	0.095	0.094	0.098	0.098	0.096	0.096	0.099	0.1	0.099	0.095	0.095	0.094	0.092	0.095	0.093	0.093	0.092	0.093	0.098	0.101	0.108	0.097	0.094	0.093	0.093	0.093	0.093	0.092	0.092	0.093
0.093	0.095	0.094	0.093	0.093	0.094	0.092	0.095	0.094	0.092	0.093	0.096	1.224	1.265	1.298	1.259	1.241	1.252	1.262	1.297	1.281	1.241	1.254	1.254	1.244	1.24	1.241	1.196	1.201	1.204	1.211	1.217	1.211	1.171	1.209	1.23	1.207	1.232	1.231	1.175	1.175	1.173	1.172	1.198	1.183	1.161	1.186	1.189	1.076	1.12	1.096	1.117	1.075	1.136	0.239	0.17	0.192	0.783	0.361	0.29	0.096	0.102	0.098	0.1	0.098	0.095	0.095	0.094	0.098	0.098	0.095	0.096	0.099	0.1	0.099	0.095	0.095	0.094	0.092	0.095	0.093	0.093	0.092	0.093	0.098	0.102	0.108	0.097	0.094	0.093	0.093	0.093	0.093	0.092	0.092	0.093
0.093	0.095	0.094	0.093	0.094	0.095	0.092	0.095	0.094	0.092	0.093	0.096	1.225	1.266	1.298	1.26	1.241	1.253	1.262	1.298	1.282	1.24	1.255	1.255	1.245	1.24	1.242	1.197	1.201	1.205	1.211	1.218	1.212	1.173	1.21	1.233	1.209	1.233	1.232	1.176	1.177	1.174	1.174	1.198	1.185	1.162	1.185	1.189	1.077	1.121	1.097	1.118	1.077	1.139	0.25	0.175	0.199	0.835	0.385	0.307	0.096	0.102	0.098	0.099	0.098	0.095	0.095	0.094	0.098	0.098	0.096	0.096	0.099	0.1	0.099	0.095	0.095	0.094	0.092	0.095	0.093	0.093	0.092	0.093	0.099	0.102	0.109	0.097	0.094	0.093	0.093	0.093	0.093	0.092	0.092	0.093
0.093	0.095	0.094	0.093	0.093	0.095	0.092	0.095	0.094	0.093	0.093	0.096	1.226	1.267	1.299	1.261	1.242	1.253	1.264	1.299	1.282	1.242	1.256	1.255	1.246	1.241	1.242	1.198	1.202	1.206	1.211	1.219	1.213	1.174	1.21	1.233	1.209	1.234	1.232	1.176	1.177	1.173	1.174	1.199	1.184	1.162	1.187	1.19	1.077	1.121	1.097	1.119	1.078	1.141	0.262	0.18	0.206	0.878	0.41	0.327	0.096	0.102	0.098	0.1	0.098	0.095	0.095	0.094	0.098	0.098	0.095	0.096	0.099	0.101	0.099	0.095	0.095	0.094	0.092	0.095	0.093	0.093	0.092	0.094	0.099	0.102	0.109	0.097	0.094	0.093	0.093	0.093	0.093	0.092	0.092	0.093
0.093	0.095	0.094	0.093	0.094	0.095	0.092	0.095	0.094	0.092	0.093	0.096	1.227	1.266	1.299	1.26	1.242	1.254	1.264	1.299	1.282	1.241	1.256	1.257	1.247	1.242	1.243	1.198	1.203	1.206	1.212	1.219	1.214	1.176	1.211	1.234	1.209	1.234	1.233	1.176	1.178	1.174	1.174	1.198	1.185	1.163	1.188	1.19	1.079	1.122	1.098	1.12	1.079	1.142	0.274	0.185	0.214	0.909	0.436	0.348	0.096	0.102	0.098	0.099	0.098	0.095	0.095	0.094	0.098	0.098	0.095	0.096	0.099	0.101	0.1	0.095	0.095	0.094	0.092	0.095	0.093	0.093	0.092	0.093	0.099	0.103	0.109	0.097	0.094	0.092	0.093	0.093	0.093	0.092	0.092	0.093
0.093	0.095	0.094	0.093	0.094	0.095	0.092	0.095	0.094	0.093	0.093	0.096	1.228	1.268	1.3	1.262	1.243	1.254	1.265	1.301	1.283	1.242	1.257	1.258	1.248	1.242	1.243	1.199	1.204	1.207	1.213	1.22	1.214	1.176	1.212	1.235	1.21	1.235	1.233	1.177	1.178	1.175	1.175	1.199	1.186	1.164	1.188	1.191	1.079	1.123	1.099	1.121	1.082	1.144	0.287	0.191	0.222	0.935	0.465	0.371	0.096	0.103	0.098	0.1	0.098	0.096	0.095	0.094	0.098	0.098	0.096	0.096	0.099	0.101	0.1	0.095	0.095	0.094	0.092	0.095	0.093	0.093	0.092	0.093	0.1	0.103	0.11	0.097	0.094	0.093	0.093	0.093	0.093	0.092	0.092	0.093
0.093	0.095	0.094	0.093	0.094	0.095	0.092	0.095	0.094	0.093	0.093	0.096	1.229	1.268	1.301	1.262	1.244	1.254	1.266	1.3	1.284	1.244	1.258	1.258	1.248	1.243	1.244	1.2	1.205	1.208	1.214	1.22	1.215	1.177	1.213	1.236	1.211	1.236	1.234	1.178	1.179	1.176	1.175	1.2	1.186	1.165	1.189	1.193	1.08	1.124	1.1	1.121	1.083	1.144	0.301	0.196	0.232	0.954	0.495	0.396	0.097	0.103	0.099	0.1	0.098	0.095	0.095	0.094	0.098	0.098	0.096	0.096	0.1	0.101	0.1	0.095	0.095	0.094	0.092	0.095	0.093	0.093	0.092	0.093	0.1	0.103	0.11	0.097	0.094	0.093	0.093	0.093	0.093	0.092	0.092	0.094
0.093	0.095	0.094	0.093	0.094	0.095	0.092	0.095	0.094	0.093	0.093	0.096	1.23	1.27	1.301	1.263	1.244	1.255	1.266	1.301	1.285	1.244	1.259	1.259	1.25	1.244	1.245	1.2	1.206	1.209	1.214	1.22	1.216	1.177	1.214	1.237	1.212	1.236	1.234	1.178	1.18	1.177	1.176	1.201	1.187	1.165	1.189	1.192	1.081	1.125	1.101	1.123	1.083	1.145	0.317	0.203	0.241	0.968	0.528	0.423	0.097	0.103	0.099	0.1	0.098	0.096	0.095	0.094	0.098	0.098	0.096	0.096	0.1	0.101	0.1	0.095	0.095	0.094	0.092	0.095	0.093	0.093	0.092	0.094	0.101	0.103	0.111	0.097	0.094	0.093	0.093	0.093	0.093	0.093	0.092	0.093
0.093	0.095	0.094	0.093	0.094	0.095	0.092	0.095	0.094	0.093	0.093	0.096	1.231	1.27	1.302	1.263	1.245	1.256	1.267	1.302	1.285	1.244	1.26	1.26	1.25	1.245	1.245	1.201	1.207	1.21	1.215	1.221	1.216	1.178	1.216	1.237	1.213	1.237	1.236	1.179	1.181	1.177	1.177	1.201	1.188	1.166	1.19	1.194	1.083	1.125	1.101	1.124	1.083	1.147	0.333	0.21	0.253	0.982	0.56	0.45	0.097	0.103	0.099	0.1	0.098	0.096	0.095	0.094	0.098	0.098	0.096	0.096	0.1	0.101	0.1	0.095	0.095	0.094	0.092	0.095	0.093	0.093	0.092	0.093	0.101	0.104	0.111	0.097	0.094	0.093	0.093	0.093	0.093	0.092	0.092	0.093
0.093	0.095	0.094	0.093	0.094	0.095	0.092	0.095	0.094	0.093	0.093	0.096	1.232	1.271	1.303	1.264	1.246	1.256	1.268	1.303	1.286	1.245	1.26	1.261	1.251	1.245	1.246	1.201	1.208	1.21	1.215	1.221	1.216	1.179	1.216	1.239	1.213	1.238	1.236	1.18	1.182	1.178	1.179	1.201	1.188	1.167	1.19	1.194	1.083	1.126	1.102	1.125	1.085	1.147	0.349	0.217	0.265	0.991	0.594	0.479	0.097	0.103	0.099	0.1	0.098	0.096	0.095	0.094	0.098	0.098	0.096	0.097	0.1	0.102	0.1	0.095	0.095	0.094	0.092	0.095	0.093	0.093	0.092	0.094	0.101	0.104	0.111	0.097	0.094	0.093	0.093	0.093	0.093	0.092	0.092	0.093
0.093	0.095	0.094	0.093	0.093	0.095	0.092	0.095	0.094	0.092	0.093	0.096	1.233	1.272	1.303	1.264	1.246	1.256	1.268	1.303	1.286	1.245	1.261	1.262	1.252	1.246	1.246	1.201	1.209	1.212	1.215	1.222	1.216	1.179	1.217	1.239	1.214	1.238	1.236	1.18	1.181	1.179	1.179	1.202	1.189	1.168	1.19	1.194	1.083	1.127	1.103	1.125	1.086	1.148	0.367	0.226	0.277	0.999	0.629	0.509	0.097	0.103	0.099	0.1	0.098	0.096	0.095	0.094	0.098	0.098	0.096	0.096	0.1	0.102	0.101	0.095	0.095	0.094	0.092	0.095	0.093	0.093	0.092	0.094	0.102	0.105	0.112	0.097	0.094	0.093	0.093	0.093	0.093	0.092	0.092	0.093
0.093	0.095	0.094	0.093	0.093	0.095	0.092	0.095	0.094	0.092	0.093	0.096	1.234	1.273	1.303	1.265	1.246	1.257	1.269	1.304	1.288	1.247	1.262	1.262	1.252	1.247	1.247	1.202	1.209	1.212	1.216	1.222	1.216	1.181	1.217	1.24	1.214	1.239	1.237	1.181	1.182	1.179	1.18	1.203	1.188	1.168	1.191	1.194	1.085	1.127	1.103	1.127	1.087	1.147	0.387	0.235	0.291	1.006	0.665	0.541	0.097	0.104	0.099	0.099	0.098	0.095	0.095	0.094	0.098	0.098	0.096	0.096	0.101	0.102	0.101	0.095	0.095	0.094	0.092	0.095	0.093	0.093	0.092	0.093	0.102	0.105	0.112	0.097	0.094	0.093	0.093	0.093	0.093	0.092	0.092	0.093
0.093	0.095	0.094	0.093	0.093	0.095	0.092	0.095	0.094	0.092	0.093	0.096	1.235	1.273	1.304	1.266	1.247	1.257	1.27	1.306	1.287	1.247	1.262	1.263	1.254	1.248	1.248	1.203	1.21	1.213	1.217	1.223	1.218	1.182	1.218	1.242	1.215	1.239	1.237	1.181	1.183	1.18	1.181	1.203	1.189	1.168	1.192	1.195	1.086	1.128	1.104	1.128	1.088	1.149	0.407	0.245	0.307	1.011	0.704	0.574	0.097	0.104	0.099	0.1	0.098	0.096	0.095	0.094	0.098	0.098	0.096	0.096	0.101	0.102	0.101	0.095	0.095	0.094	0.092	0.095	0.093	0.093	0.092	0.093	0.102	0.105	0.113	0.097	0.094	0.093	0.093	0.093	0.093	0.092	0.092	0.093
0.093	0.095	0.094	0.093	0.093	0.095	0.092	0.095	0.094	0.092	0.093	0.096	1.236	1.274	1.305	1.266	1.248	1.258	1.271	1.306	1.288	1.247	1.263	1.264	1.254	1.248	1.248	1.203	1.212	1.213	1.218	1.224	1.218	1.183	1.219	1.242	1.216	1.24	1.238	1.183	1.183	1.181	1.181	1.203	1.19	1.169	1.193	1.196	1.087	1.129	1.105	1.128	1.089	1.15	0.43	0.256	0.324	1.014	0.743	0.61	0.097	0.104	0.099	0.1	0.098	0.095	0.095	0.094	0.098	0.098	0.096	0.096	0.101	0.102	0.101	0.095	0.095	0.094	0.092	0.095	0.093	0.093	0.092	0.093	0.103	0.106	0.113	0.097	0.094	0.093	0.093	0.093	0.093	0.092	0.092	0.093
0.093	0.095	0.094	0.093	0.094	0.095	0.093	0.095	0.094	0.092	0.093	0.096	1.237	1.276	1.306	1.267	1.249	1.259	1.272	1.307	1.29	1.248	1.264	1.265	1.255	1.249	1.249	1.205	1.212	1.215	1.218	1.224	1.219	1.183	1.22	1.244	1.216	1.241	1.238	1.183	1.184	1.181	1.182	1.203	1.191	1.169	1.193	1.197	1.088	1.129	1.105	1.13	1.089	1.15	0.452	0.267	0.342	1.017	0.782	0.648	0.097	0.104	0.1	0.1	0.098	0.096	0.095	0.094	0.098	0.098	0.096	0.096	0.101	0.102	0.101	0.095	0.095	0.094	0.092	0.095	0.093	0.093	0.092	0.093	0.103	0.106	0.114	0.097	0.094	0.093	0.093	0.093	0.093	0.092	0.092	0.094
0.093	0.095	0.094	0.093	0.093	0.095	0.092	0.095	0.094	0.092	0.093	0.096	1.237	1.276	1.306	1.267	1.249	1.259	1.273	1.307	1.29	1.249	1.264	1.266	1.256	1.25	1.249	1.205	1.213	1.215	1.218	1.225	1.219	1.184	1.221	1.244	1.217	1.242	1.239	1.184	1.185	1.181	1.182	1.204	1.191	1.17	1.194	1.197	1.089	1.131	1.106	1.13	1.09	1.15	0.478	0.279	0.362	1.02	0.819	0.685	0.097	0.104	0.1	0.1	0.098	0.095	0.095	0.094	0.098	0.098	0.096	0.096	0.101	0.102	0.101	0.095	0.095	0.094	0.092	0.095	0.093	0.093	0.092	0.093	0.104	0.106	0.114	0.097	0.094	0.093	0.093	0.093	0.093	0.092	0.092	0.093
0.093	0.095	0.094	0.093	0.093	0.095	0.092	0.095	0.094	0.092	0.093	0.096	1.238	1.277	1.307	1.268	1.25	1.26	1.274	1.308	1.291	1.25	1.265	1.265	1.256	1.251	1.25	1.205	1.214	1.217	1.219	1.226	1.22	1.186	1.222	1.244	1.218	1.242	1.24	1.184	1.185	1.182	1.183	1.204	1.191	1.17	1.194	1.198	1.089	1.131	1.107	1.13	1.091	1.152	0.504	0.292	0.384	1.024	0.849	0.723	0.097	0.104	0.1	0.1	0.098	0.096	0.095	0.094	0.098	0.098	0.096	0.096	0.102	0.103	0.102	0.095	0.095	0.094	0.092	0.095	0.093	0.093	0.092	0.093	0.104	0.107	0.115	0.097	0.094	0.093	0.093	0.093	0.093	0.092	0.092	0.093
0.093	0.095	0.094	0.093	0.094	0.095	0.092	0.095	0.094	0.093	0.093	0.096	1.24	1.277	1.307	1.27	1.251	1.26	1.275	1.309	1.291	1.25	1.266	1.267	1.257	1.251	1.25	1.206	1.215	1.218	1.219	1.226	1.22	1.186	1.223	1.246	1.219	1.242	1.24	1.185	1.186	1.183	1.184	1.205	1.192	1.171	1.196	1.199	1.091	1.131	1.108	1.131	1.092	1.153	0.533	0.307	0.407	1.026	0.874	0.762	0.098	0.105	0.1	0.1	0.098	0.096	0.095	0.094	0.098	0.098	0.096	0.096	0.102	0.103	0.102	0.095	0.095	0.094	0.092	0.095	0.093	0.093	0.092	0.093	0.104	0.107	0.116	0.097	0.094	0.093	0.093	0.093	0.093	0.093	0.092	0.093
0.093	0.095	0.094	0.093	0.094	0.095	0.092	0.095	0.094	0.093	0.093	0.096	1.24	1.278	1.309	1.27	1.251	1.261	1.276	1.31	1.292	1.251	1.266	1.269	1.258	1.252	1.251	1.207	1.216	1.218	1.22	1.226	1.221	1.188	1.224	1.247	1.219	1.243	1.241	1.186	1.187	1.183	1.185	1.206	1.192	1.172	1.196	1.199	1.091	1.132	1.109	1.132	1.091	1.153	0.563	0.323	0.431	1.028	0.891	0.801	0.098	0.105	0.1	0.1	0.098	0.096	0.095	0.094	0.098	0.098	0.096	0.096	0.102	0.103	0.102	0.095	0.095	0.094	0.092	0.095	0.093	0.093	0.092	0.094	0.105	0.108	0.116	0.097	0.094	0.093	0.093	0.093	0.093	0.093	0.092	0.093
0.093	0.095	0.094	0.093	0.093	0.095	0.092	0.095	0.094	0.092	0.093	0.096	1.242	1.278	1.309	1.27	1.252	1.262	1.276	1.31	1.293	1.251	1.268	1.27	1.259	1.252	1.251	1.207	1.216	1.219	1.221	1.227	1.221	1.188	1.225	1.248	1.22	1.244	1.242	1.186	1.187	1.185	1.185	1.206	1.192	1.173	1.197	1.2	1.092	1.133	1.109	1.133	1.092	1.153	0.596	0.34	0.456	1.031	0.907	0.839	0.098	0.105	0.1	0.1	0.098	0.096	0.095	0.094	0.098	0.098	0.096	0.096	0.103	0.103	0.102	0.095	0.095	0.094	0.092	0.095	0.093	0.093	0.092	0.093	0.106	0.108	0.117	0.097	0.094	0.093	0.093	0.093	0.093	0.092	0.092	0.093
0.093	0.095	0.094	0.093	0.093	0.095	0.092	0.095	0.094	0.092	0.093	0.096	1.242	1.279	1.31	1.271	1.253	1.262	1.276	1.311	1.293	1.252	1.267	1.27	1.26	1.253	1.252	1.208	1.217	1.219	1.221	1.227	1.222	1.189	1.225	1.248	1.221	1.245	1.242	1.187	1.188	1.185	1.186	1.207	1.193	1.173	1.196	1.2	1.093	1.133	1.11	1.134	1.093	1.154	0.628	0.358	0.483	1.033	0.919	0.877	0.098	0.105	0.1	0.1	0.098	0.095	0.095	0.094	0.098	0.098	0.096	0.096	0.103	0.104	0.102	0.095	0.095	0.094	0.092	0.095	0.093	0.093	0.092	0.093	0.106	0.109	0.117	0.097	0.094	0.092	0.093	0.093	0.093	0.092	0.092	0.093
0.093	0.095	0.094	0.093	0.094	0.095	0.092	0.095	0.094	0.093	0.093	0.096	1.243	1.28	1.31	1.272	1.254	1.263	1.278	1.312	1.294	1.253	1.269	1.27	1.26	1.254	1.252	1.208	1.218	1.22	1.222	1.227	1.223	1.189	1.226	1.25	1.221	1.245	1.243	1.188	1.189	1.186	1.187	1.207	1.194	1.173	1.197	1.202	1.094	1.134	1.111	1.134	1.093	1.155	0.663	0.378	0.512	1.033	0.928	0.91	0.098	0.106	0.1	0.1	0.098	0.096	0.095	0.094	0.098	0.098	0.096	0.096	0.103	0.104	0.103	0.095	0.095	0.094	0.092	0.095	0.093	0.093	0.092	0.093	0.107	0.109	0.118	0.097	0.094	0.093	0.093	0.093	0.093	0.092	0.092	0.093
0.093	0.095	0.094	0.093	0.093	0.095	0.092	0.095	0.094	0.092	0.093	0.096	1.244	1.281	1.31	1.272	1.253	1.263	1.278	1.313	1.294	1.252	1.269	1.271	1.261	1.254	1.253	1.209	1.219	1.222	1.222	1.228	1.223	1.19	1.227	1.251	1.222	1.246	1.244	1.188	1.189	1.187	1.187	1.208	1.194	1.174	1.198	1.203	1.095	1.135	1.111	1.135	1.095	1.155	0.698	0.398	0.544	1.035	0.935	0.938	0.098	0.106	0.1	0.1	0.098	0.096	0.095	0.094	0.098	0.098	0.096	0.096	0.103	0.104	0.103	0.095	0.095	0.094	0.092	0.095	0.093	0.093	0.092	0.093	0.107	0.11	0.119	0.097	0.094	0.092	0.093	0.093	0.093	0.092	0.092	0.093
0.093	0.095	0.094	0.093	0.093	0.095	0.092	0.095	0.094	0.092	0.093	0.096	1.245	1.282	1.312	1.272	1.253	1.263	1.28	1.313	1.295	1.253	1.27	1.273	1.262	1.255	1.254	1.21	1.22	1.222	1.223	1.228	1.223	1.191	1.228	1.252	1.222	1.246	1.244	1.189	1.19	1.187	1.188	1.208	1.194	1.175	1.198	1.202	1.096	1.135	1.111	1.135	1.095	1.157	0.735	0.422	0.578	1.037	0.941	0.959	0.098	0.106	0.101	0.1	0.098	0.096	0.095	0.094	0.098	0.098	0.096	0.096	0.104	0.104	0.103	0.095	0.095	0.094	0.092	0.095	0.093	0.093	0.092	0.094	0.108	0.11	0.12	0.097	0.094	0.093	0.093	0.093	0.093	0.093	0.092	0.093
0.093	0.095	0.094	0.093	0.093	0.095	0.092	0.095	0.094	0.092	0.093	0.096	1.246	1.283	1.312	1.274	1.254	1.264	1.279	1.313	1.296	1.254	1.271	1.273	1.263	1.256	1.254	1.211	1.221	1.222	1.224	1.229	1.223	1.192	1.228	1.252	1.224	1.247	1.245	1.19	1.191	1.188	1.188	1.21	1.194	1.175	1.198	1.203	1.097	1.136	1.112	1.136	1.096	1.156	0.77	0.447	0.612	1.037	0.946	0.974	0.098	0.106	0.101	0.1	0.098	0.096	0.095	0.094	0.098	0.098	0.096	0.096	0.104	0.104	0.103	0.095	0.095	0.094	0.092	0.095	0.093	0.093	0.092	0.094	0.108	0.111	0.12	0.097	0.094	0.093	0.093	0.093	0.093	0.092	0.092	0.093
0.093	0.095	0.094	0.093	0.093	0.095	0.092	0.095	0.094	0.092	0.093	0.096	1.246	1.283	1.312	1.274	1.255	1.264	1.28	1.314	1.296	1.254	1.271	1.274	1.264	1.256	1.255	1.212	1.222	1.223	1.224	1.23	1.224	1.193	1.23	1.253	1.225	1.247	1.245	1.191	1.192	1.189	1.189	1.209	1.194	1.175	1.198	1.203	1.098	1.137	1.113	1.137	1.097	1.158	0.802	0.472	0.646	1.038	0.95	0.987	0.099	0.106	0.101	0.1	0.098	0.096	0.095	0.094	0.098	0.098	0.096	0.096	0.104	0.105	0.104	0.095	0.095	0.094	0.092	0.095	0.093	0.093	0.092	0.093	0.109	0.111	0.121	0.097	0.094	0.092	0.093	0.093	0.093	0.092	0.092	0.093
0.093	0.095	0.094	0.093	0.093	0.095	0.093	0.095	0.094	0.093	0.093	0.096	1.247	1.285	1.313	1.274	1.255	1.266	1.282	1.315	1.296	1.256	1.272	1.274	1.264	1.257	1.256	1.212	1.222	1.224	1.224	1.23	1.224	1.194	1.231	1.254	1.225	1.248	1.246	1.191	1.192	1.19	1.189	1.209	1.196	1.176	1.199	1.206	1.098	1.137	1.113	1.137	1.096	1.158	0.83	0.503	0.682	1.039	0.953	0.998	0.099	0.106	0.101	0.1	0.098	0.096	0.095	0.094	0.098	0.098	0.096	0.096	0.105	0.105	0.104	0.095	0.095	0.094	0.092	0.095	0.093	0.093	0.092	0.094	0.11	0.112	0.122	0.097	0.094	0.093	0.093	0.093	0.093	0.092	0.092	0.093
0.093	0.095	0.094	0.093	0.093	0.095	0.092	0.095	0.094	0.092	0.093	0.096	1.248	1.285	1.313	1.275	1.256	1.266	1.282	1.316	1.298	1.255	1.274	1.276	1.265	1.258	1.256	1.213	1.224	1.225	1.225	1.231	1.225	1.194	1.232	1.255	1.227	1.248	1.246	1.192	1.194	1.19	1.19	1.21	1.196	1.177	1.2	1.205	1.1	1.139	1.114	1.138	1.097	1.159	0.852	0.533	0.719	1.039	0.956	1.004	0.099	0.107	0.101	0.1	0.098	0.096	0.095	0.094	0.098	0.098	0.096	0.096	0.105	0.105	0.104	0.095	0.095	0.094	0.092	0.095	0.093	0.093	0.092	0.094	0.111	0.113	0.122	0.097	0.094	0.093	0.093	0.093	0.093	0.092	0.092	0.094
0.093	0.095	0.094	0.093	0.093	0.095	0.093	0.095	0.094	0.092	0.093	0.096	1.249	1.287	1.314	1.276	1.257	1.266	1.283	1.316	1.299	1.256	1.274	1.277	1.266	1.258	1.257	1.213	1.224	1.226	1.225	1.232	1.226	1.195	1.232	1.256	1.227	1.249	1.247	1.192	1.194	1.191	1.191	1.21	1.196	1.177	1.2	1.207	1.1	1.139	1.115	1.139	1.097	1.159	0.871	0.564	0.756	1.039	0.957	1.011	0.099	0.107	0.101	0.1	0.098	0.096	0.095	0.094	0.098	0.098	0.096	0.096	0.105	0.106	0.105	0.095	0.095	0.094	0.092	0.095	0.093	0.093	0.092	0.094	0.111	0.113	0.123	0.097	0.094	0.093	0.093	0.093	0.093	0.092	0.092	0.093
0.093	0.095	0.094	0.093	0.093	0.095	0.092	0.095	0.094	0.092	0.093	0.096	1.251	1.287	1.315	1.276	1.257	1.267	1.284	1.317	1.3	1.258	1.274	1.276	1.267	1.259	1.257	1.214	1.225	1.227	1.227	1.232	1.226	1.195	1.233	1.257	1.227	1.25	1.248	1.193	1.195	1.191	1.191	1.211	1.196	1.177	1.201	1.207	1.101	1.14	1.116	1.14	1.097	1.158	0.886	0.599	0.795	1.04	0.958	1.015	0.099	0.107	0.101	0.1	0.098	0.096	0.095	0.094	0.098	0.098	0.096	0.096	0.106	0.106	0.105	0.095	0.095	0.094	0.092	0.095	0.093	0.093	0.092	0.094	0.112	0.114	0.124	0.097	0.094	0.093	0.093	0.093	0.093	0.093	0.092	0.093
0.093	0.095	0.094	0.093	0.093	0.095	0.092	0.095	0.094	0.092	0.093	0.096	1.252	1.288	1.315	1.277	1.258	1.268	1.285	1.317	1.3	1.258	1.275	1.278	1.267	1.26	1.258	1.215	1.226	1.228	1.227	1.233	1.227	1.196	1.234	1.258	1.228	1.25	1.248	1.194	1.195	1.192	1.192	1.211	1.197	1.178	1.202	1.207	1.102	1.141	1.116	1.141	1.098	1.159	0.895	0.632	0.828	1.041	0.959	1.017	0.099	0.107	0.102	0.1	0.098	0.096	0.095	0.094	0.098	0.098	0.096	0.096	0.106	0.106	0.105	0.095	0.095	0.094	0.092	0.095	0.093	0.093	0.092	0.093	0.113	0.115	0.125	0.097	0.094	0.093	0.093	0.093	0.093	0.092	0.092	0.094
0.093	0.095	0.094	0.093	0.094	0.095	0.092	0.095	0.094	0.093	0.093	0.097	1.252	1.289	1.317	1.278	1.258	1.268	1.285	1.319	1.3	1.258	1.276	1.279	1.268	1.261	1.258	1.215	1.227	1.228	1.227	1.233	1.227	1.197	1.235	1.258	1.229	1.251	1.249	1.195	1.196	1.193	1.193	1.212	1.198	1.179	1.202	1.209	1.103	1.141	1.117	1.141	1.1	1.161	0.903	0.669	0.866	1.042	0.961	1.021	0.099	0.107	0.102	0.1	0.098	0.096	0.095	0.094	0.098	0.098	0.096	0.096	0.106	0.107	0.105	0.095	0.095	0.094	0.092	0.095	0.093	0.093	0.092	0.094	0.114	0.115	0.126	0.097	0.094	0.093	0.093	0.093	0.093	0.092	0.092	0.094
0.094	0.095	0.094	0.093	0.093	0.095	0.092	0.095	0.094	0.092	0.093	0.096	1.254	1.29	1.317	1.279	1.26	1.268	1.287	1.32	1.302	1.259	1.277	1.279	1.269	1.261	1.259	1.216	1.227	1.229	1.228	1.234	1.227	1.198	1.235	1.26	1.229	1.252	1.249	1.196	1.196	1.194	1.193	1.212	1.198	1.179	1.203	1.208	1.104	1.142	1.117	1.141	1.1	1.161	0.909	0.704	0.904	1.042	0.961	1.023	0.1	0.108	0.102	0.1	0.098	0.096	0.095	0.094	0.098	0.098	0.096	0.096	0.107	0.107	0.106	0.095	0.095	0.094	0.092	0.095	0.093	0.093	0.092	0.094	0.114	0.116	0.127	0.097	0.094	0.093	0.093	0.093	0.093	0.093	0.092	0.094
0.093	0.095	0.094	0.093	0.093	0.095	0.092	0.095	0.094	0.092	0.093	0.096	1.254	1.29	1.317	1.279	1.26	1.27	1.287	1.32	1.302	1.259	1.277	1.281	1.27	1.262	1.259	1.216	1.228	1.23	1.228	1.234	1.228	1.2	1.236	1.261	1.23	1.252	1.25	1.196	1.198	1.194	1.193	1.212	1.199	1.18	1.204	1.21	1.105	1.143	1.118	1.142	1.1	1.161	0.914	0.744	0.938	1.042	0.962	1.025	0.1	0.108	0.102	0.1	0.098	0.096	0.095	0.094	0.098	0.098	0.096	0.096	0.107	0.107	0.106	0.095	0.095	0.094	0.092	0.095	0.093	0.093	0.092	0.093	0.115	0.117	0.128	0.097	0.094	0.093	0.093	0.093	0.093	0.092	0.092	0.094
0.093	0.095	0.093	0.093	0.093	0.094	0.092	0.095	0.094	0.092	0.093	0.096	1.255	1.291	1.318	1.28	1.26	1.271	1.288	1.32	1.303	1.259	1.277	1.281	1.271	1.262	1.26	1.218	1.229	1.23	1.228	1.234	1.229	1.2	1.237	1.261	1.23	1.253	1.25	1.196	1.198	1.195	1.194	1.212	1.199	1.181	1.203	1.21	1.105	1.144	1.119	1.143	1.102	1.161	0.919	0.78	0.971	1.043	0.963	1.026	0.1	0.108	0.102	0.1	0.098	0.095	0.095	0.094	0.098	0.098	0.095	0.096	0.107	0.108	0.106	0.095	0.095	0.094	0.092	0.095	0.093	0.093	0.092	0.093	0.116	0.117	0.129	0.097	0.094	0.092	0.093	0.093	0.093	0.092	0.092	0.093
0.093	0.095	0.094	0.093	0.094	0.095	0.092	0.095	0.094	0.093	0.093	0.096	1.256	1.292	1.319	1.281	1.261	1.271	1.288	1.322	1.303	1.26	1.278	1.282	1.272	1.263	1.26	1.218	1.23	1.231	1.229	1.235	1.229	1.2	1.238	1.263	1.232	1.254	1.251	1.197	1.199	1.196	1.196	1.213	1.2	1.181	1.205	1.211	1.106	1.145	1.119	1.144	1.102	1.162	0.922	0.818	1.004	1.044	0.964	1.024	0.1	0.109	0.102	0.1	0.098	0.096	0.095	0.094	0.098	0.098	0.096	0.096	0.108	0.108	0.106	0.095	0.095	0.094	0.092	0.095	0.093	0.093	0.092	0.094	0.117	0.118	0.13	0.097	0.094	0.093	0.093	0.093	0.093	0.092	0.092	0.093
0.093	0.095	0.094	0.093	0.093	0.094	0.092	0.095	0.094	0.092	0.093	0.096	1.257	1.293	1.319	1.28	1.261	1.271	1.289	1.322	1.304	1.261	1.278	1.283	1.272	1.264	1.261	1.219	1.23	1.232	1.23	1.235	1.229	1.201	1.239	1.263	1.232	1.254	1.251	1.198	1.2	1.196	1.196	1.213	1.201	1.182	1.205	1.211	1.107	1.145	1.12	1.144	1.103	1.164	0.924	0.857	1.032	1.044	0.964	1.029	0.1	0.109	0.103	0.1	0.098	0.096	0.095	0.094	0.098	0.098	0.096	0.096	0.108	0.108	0.107	0.095	0.095	0.094	0.092	0.095	0.093	0.093	0.092	0.093	0.117	0.119	0.131	0.097	0.094	0.093	0.093	0.093	0.093	0.093	0.092	0.093
0.094	0.095	0.094	0.093	0.093	0.095	0.092	0.095	0.094	0.093	0.093	0.096	1.258	1.294	1.32	1.281	1.263	1.272	1.29	1.323	1.305	1.261	1.279	1.284	1.273	1.264	1.261	1.22	1.232	1.233	1.23	1.236	1.229	1.202	1.24	1.265	1.233	1.255	1.252	1.199	1.2	1.197	1.197	1.214	1.201	1.182	1.206	1.212	1.107	1.145	1.12	1.145	1.103	1.164	0.926	0.893	1.058	1.045	0.965	1.028	0.1	0.109	0.103	0.1	0.098	0.096	0.095	0.094	0.098	0.098	0.096	0.096	0.109	0.109	0.107	0.095	0.095	0.094	0.092	0.095	0.093	0.093	0.092	0.093	0.118	0.12	0.132	0.097	0.094	0.093	0.093	0.093	0.093	0.093	0.092	0.094
0.094	0.095	0.094	0.093	0.093	0.095	0.093	0.095	0.094	0.093	0.093	0.096	1.258	1.294	1.32	1.282	1.263	1.273	1.292	1.323	1.306	1.262	1.278	1.285	1.273	1.264	1.262	1.22	1.232	1.234	1.231	1.237	1.23	1.203	1.24	1.266	1.233	1.255	1.252	1.2	1.2	1.197	1.197	1.214	1.201	1.184	1.206	1.212	1.109	1.146	1.121	1.145	1.105	1.165	0.93	0.929	1.077	1.045	0.966	1.03	0.1	0.109	0.103	0.1	0.098	0.096	0.095	0.094	0.098	0.098	0.096	0.096	0.109	0.109	0.107	0.095	0.095	0.094	0.092	0.095	0.093	0.093	0.092	0.094	0.119	0.121	0.133	0.097	0.094	0.093	0.093	0.093	0.093	0.093	0.092	0.094
0.093	0.095	0.094	0.093	0.093	0.095	0.092	0.095	0.094	0.093	0.093	0.096	1.26	1.295	1.321	1.282	1.264	1.274	1.292	1.325	1.306	1.262	1.28	1.285	1.274	1.266	1.262	1.221	1.234	1.234	1.232	1.236	1.231	1.204	1.241	1.266	1.234	1.256	1.253	1.2	1.201	1.198	1.198	1.215	1.202	1.183	1.207	1.213	1.11	1.147	1.122	1.146	1.106	1.165	0.932	0.965	1.093	1.045	0.967	1.028	0.101	0.11	0.103	0.1	0.098	0.096	0.095	0.094	0.098	0.098	0.096	0.096	0.11	0.11	0.108	0.095	0.095	0.094	0.092	0.095	0.093	0.093	0.092	0.093	0.12	0.122	0.134	0.097	0.094	0.093	0.093	0.093	0.093	0.092	0.092	0.094
0.094	0.095	0.094	0.093	0.094	0.095	0.092	0.095	0.094	0.093	0.093	0.096	1.261	1.297	1.321	1.283	1.265	1.274	1.293	1.325	1.307	1.264	1.281	1.287	1.275	1.266	1.263	1.221	1.234	1.236	1.232	1.237	1.231	1.204	1.242	1.268	1.235	1.257	1.254	1.201	1.201	1.199	1.199	1.215	1.202	1.185	1.208	1.213	1.11	1.148	1.122	1.147	1.105	1.166	0.935	0.996	1.104	1.046	0.967	1.03	0.101	0.11	0.104	0.1	0.098	0.096	0.095	0.094	0.098	0.098	0.095	0.096	0.111	0.11	0.108	0.095	0.095	0.094	0.092	0.095	0.093	0.093	0.092	0.094	0.121	0.122	0.136	0.097	0.094	0.093	0.093	0.093	0.093	0.093	0.093	0.094
0.094	0.095	0.094	0.093	0.094	0.095	0.092	0.095	0.094	0.093	0.094	0.096	1.262	1.297	1.323	1.284	1.265	1.275	1.293	1.325	1.308	1.264	1.282	1.287	1.276	1.267	1.264	1.222	1.234	1.237	1.233	1.238	1.232	1.206	1.242	1.267	1.235	1.258	1.254	1.202	1.202	1.2	1.199	1.216	1.203	1.185	1.208	1.213	1.111	1.149	1.123	1.148	1.107	1.166	0.935	1.025	1.115	1.046	0.967	1.03	0.101	0.11	0.104	0.1	0.098	0.096	0.095	0.094	0.098	0.098	0.096	0.096	0.111	0.11	0.108	0.095	0.095	0.094	0.092	0.095	0.093	0.093	0.092	0.093	0.122	0.123	0.137	0.097	0.094	0.093	0.093	0.093	0.093	0.092	0.092	0.094
0.094	0.095	0.094	0.093	0.094	0.095	0.092	0.095	0.094	0.093	0.093	0.096	1.262	1.298	1.323	1.285	1.266	1.275	1.294	1.325	1.308	1.264	1.282	1.286	1.276	1.268	1.264	1.223	1.236	1.238	1.233	1.238	1.231	1.207	1.243	1.268	1.236	1.258	1.255	1.203	1.202	1.2	1.2	1.216	1.204	1.186	1.208	1.215	1.112	1.149	1.124	1.149	1.108	1.167	0.939	1.049	1.122	1.046	0.967	1.031	0.101	0.111	0.104	0.1	0.098	0.096	0.095	0.094	0.098	0.098	0.095	0.096	0.112	0.111	0.109	0.095	0.095	0.094	0.092	0.095	0.093	0.093	0.092	0.094	0.123	0.124	0.138	0.097	0.094	0.093	0.093	0.093	0.093	0.093	0.093	0.094
0.094	0.095	0.094	0.093	0.093	0.095	0.092	0.095	0.094	0.093	0.093	0.096	1.263	1.299	1.324	1.285	1.266	1.276	1.295	1.325	1.309	1.265	1.283	1.288	1.278	1.268	1.265	1.224	1.236	1.238	1.234	1.239	1.233	1.207	1.244	1.27	1.237	1.258	1.255	1.203	1.204	1.202	1.2	1.217	1.203	1.186	1.209	1.216	1.113	1.151	1.124	1.149	1.109	1.166	0.94	1.066	1.125	1.048	0.968	1.032	0.101	0.111	0.104	0.1	0.098	0.096	0.095	0.094	0.098	0.098	0.095	0.096	0.112	0.111	0.109	0.095	0.095	0.094	0.092	0.095	0.093	0.093	0.092	0.094	0.124	0.126	0.14	0.097	0.094	0.093	0.093	0.093	0.093	0.093	0.093	0.094
0.094	0.095	0.094	0.093	0.093	0.095	0.092	0.095	0.094	0.093	0.093	0.096	1.263	1.299	1.325	1.286	1.266	1.277	1.295	1.327	1.31	1.265	1.283	1.288	1.278	1.269	1.265	1.224	1.237	1.24	1.234	1.239	1.233	1.209	1.245	1.27	1.237	1.259	1.256	1.204	1.204	1.202	1.201	1.217	1.205	1.187	1.209	1.216	1.113	1.151	1.125	1.149	1.11	1.167	0.941	1.081	1.132	1.048	0.967	1.031	0.101	0.111	0.104	0.1	0.098	0.096	0.095	0.094	0.098	0.098	0.095	0.096	0.113	0.111	0.11	0.095	0.095	0.094	0.092	0.095	0.093	0.093	0.092	0.093	0.125	0.126	0.141	0.097	0.094	0.092	0.093	0.093	0.093	0.093	0.092	0.094
0.094	0.095	0.094	0.093	0.093	0.095	0.092	0.095	0.094	0.093	0.093	0.096	1.264	1.3	1.326	1.287	1.267	1.277	1.296	1.328	1.311	1.266	1.284	1.29	1.279	1.27	1.266	1.225	1.238	1.24	1.235	1.239	1.234	1.209	1.246	1.271	1.238	1.26	1.256	1.204	1.205	1.203	1.202	1.218	1.206	1.187	1.21	1.217	1.114	1.151	1.126	1.151	1.109	1.167	0.944	1.094	1.135	1.048	0.967	1.031	0.102	0.111	0.104	0.1	0.098	0.096	0.095	0.094	0.098	0.098	0.095	0.096	0.113	0.112	0.11	0.095	0.095	0.094	0.092	0.095	0.093	0.093	0.092	0.093	0.126	0.128	0.142	0.097	0.094	0.093	0.093	0.093	0.093	0.093	0.092	0.094
0.094	0.095	0.094	0.093	0.093	0.095	0.092	0.095	0.094	0.092	0.093	0.096	1.265	1.302	1.326	1.287	1.268	1.278	1.296	1.328	1.311	1.268	1.284	1.29	1.28	1.27	1.267	1.225	1.238	1.241	1.235	1.24	1.235	1.21	1.246	1.272	1.239	1.26	1.257	1.205	1.206	1.203	1.202	1.218	1.205	1.188	1.21	1.217	1.115	1.152	1.126	1.151	1.108	1.169	0.946	1.101	1.137	1.048	0.967	1.032	0.102	0.112	0.105	0.1	0.098	0.096	0.095	0.094	0.098	0.098	0.095	0.096	0.114	0.112	0.11	0.095	0.095	0.094	0.092	0.095	0.093	0.093	0.092	0.093	0.128	0.129	0.143	0.097	0.094	0.093	0.093	0.093	0.093	0.092	0.093	0.094
0.094	0.095	0.094	0.093	0.093	0.095	0.092	0.095	0.094	0.093	0.093	0.096	1.265	1.302	1.327	1.288	1.269	1.278	1.297	1.329	1.312	1.267	1.284	1.29	1.28	1.271	1.267	1.226	1.24	1.242	1.236	1.241	1.234	1.21	1.247	1.272	1.239	1.261	1.258	1.206	1.206	1.204	1.203	1.219	1.207	1.188	1.211	1.218	1.116	1.152	1.127	1.151	1.11	1.17	0.947	1.109	1.139	1.049	0.967	1.032	0.102	0.112	0.105	0.1	0.098	0.096	0.095	0.094	0.098	0.098	0.095	0.096	0.114	0.113	0.111	0.095	0.095	0.094	0.092	0.095	0.093	0.093	0.092	0.093	0.129	0.13	0.145	0.097	0.094	0.093	0.093	0.093	0.093	0.093	0.093	0.094
0.094	0.095	0.094	0.093	0.093	0.095	0.092	0.095	0.094	0.093	0.093	0.096	1.266	1.303	1.328	1.288	1.269	1.278	1.298	1.33	1.312	1.268	1.286	1.291	1.281	1.272	1.267	1.227	1.241	1.242	1.236	1.241	1.237	1.211	1.248	1.274	1.24	1.261	1.258	1.206	1.207	1.205	1.204	1.22	1.207	1.188	1.21	1.218	1.117	1.153	1.128	1.153	1.111	1.17	0.948	1.113	1.142	1.048	0.966	1.032	0.102	0.112	0.105	0.1	0.098	0.096	0.095	0.094	0.098	0.098	0.095	0.096	0.115	0.113	0.111	0.095	0.095	0.094	0.092	0.095	0.093	0.093	0.092	0.093	0.131	0.132	0.146	0.097	0.094	0.093	0.093	0.093	0.093	0.092	0.093	0.094
0.094	0.095	0.094	0.093	0.093	0.095	0.092	0.095	0.094	0.093	0.093	0.096	1.268	1.304	1.328	1.289	1.269	1.28	1.299	1.33	1.314	1.268	1.286	1.293	1.282	1.272	1.268	1.227	1.24	1.243	1.237	1.242	1.235	1.211	1.249	1.274	1.241	1.262	1.258	1.207	1.208	1.206	1.204	1.219	1.207	1.189	1.212	1.22	1.118	1.154	1.128	1.153	1.111	1.171	0.949	1.116	1.144	1.049	0.966	1.032	0.103	0.113	0.105	0.1	0.098	0.096	0.095	0.094	0.098	0.098	0.095	0.096	0.115	0.114	0.112	0.095	0.095	0.094	0.092	0.095	0.093	0.093	0.092	0.094	0.132	0.133	0.148	0.097	0.094	0.093	0.093	0.093	0.093	0.093	0.093	0.094
0.094	0.095	0.094	0.093	0.093	0.095	0.092	0.095	0.094	0.093	0.093	0.096	1.268	1.304	1.329	1.289	1.27	1.279	1.3	1.331	1.314	1.268	1.287	1.294	1.282	1.273	1.268	1.228	1.242	1.244	1.238	1.242	1.236	1.213	1.249	1.276	1.241	1.263	1.259	1.208	1.208	1.206	1.205	1.219	1.207	1.19	1.211	1.22	1.118	1.155	1.129	1.154	1.112	1.171	0.95	1.119	1.144	1.05	0.966	1.033	0.103	0.113	0.106	0.1	0.098	0.096	0.095	0.094	0.098	0.098	0.095	0.096	0.116	0.114	0.112	0.095	0.095	0.094	0.092	0.095	0.093	0.093	0.092	0.094	0.133	0.134	0.149	0.097	0.094	0.093	0.093	0.093	0.093	0.092	0.093	0.094
0.094	0.095	0.094	0.093	0.094	0.095	0.093	0.095	0.094	0.093	0.093	0.096	1.27	1.305	1.33	1.29	1.27	1.28	1.3	1.332	1.314	1.27	1.288	1.294	1.283	1.274	1.269	1.228	1.242	1.244	1.238	1.242	1.237	1.213	1.25	1.276	1.242	1.264	1.26	1.209	1.208	1.206	1.206	1.22	1.208	1.189	1.213	1.221	1.119	1.156	1.129	1.154	1.113	1.171	0.951	1.123	1.145	1.051	0.966	1.033	0.103	0.113	0.106	0.1	0.098	0.096	0.095	0.094	0.098	0.098	0.095	0.096	0.117	0.115	0.112	0.095	0.095	0.094	0.092	0.095	0.093	0.093	0.092	0.094	0.135	0.135	0.151	0.097	0.094	0.093	0.093	0.093	0.093	0.093	0.093	0.094
0.093	0.095	0.094	0.093	0.094	0.095	0.092	0.095	0.094	0.093	0.093	0.096	1.27	1.306	1.33	1.29	1.271	1.28	1.301	1.333	1.315	1.269	1.288	1.295	1.284	1.274	1.27	1.229	1.244	1.245	1.239	1.243	1.238	1.213	1.251	1.276	1.243	1.264	1.26	1.209	1.209	1.207	1.206	1.221	1.209	1.191	1.211	1.222	1.12	1.156	1.13	1.155	1.114	1.173	0.952	1.124	1.145	1.05	0.966	1.034	0.103	0.114	0.106	0.1	0.098	0.096	0.095	0.094	0.098	0.098	0.095	0.096	0.118	0.115	0.113	0.095	0.095	0.094	0.092	0.095	0.093	0.093	0.092	0.094	0.136	0.137	0.153	0.097	0.094	0.093	0.093	0.093	0.093	0.093	0.093	0.094
0.094	0.095	0.094	0.093	0.093	0.095	0.092	0.095	0.094	0.093	0.093	0.096	1.271	1.307	1.331	1.291	1.271	1.281	1.301	1.333	1.315	1.27	1.288	1.296	1.284	1.275	1.27	1.229	1.244	1.246	1.239	1.243	1.238	1.214	1.251	1.276	1.243	1.264	1.261	1.209	1.21	1.208	1.206	1.222	1.209	1.191	1.213	1.222	1.12	1.157	1.131	1.156	1.114	1.174	0.953	1.125	1.148	1.05	0.966	1.032	0.103	0.114	0.106	0.1	0.098	0.096	0.095	0.094	0.098	0.098	0.095	0.096	0.118	0.116	0.113	0.095	0.095	0.094	0.092	0.095	0.093	0.093	0.092	0.093	0.138	0.138	0.155	0.097	0.094	0.092	0.093	0.093	0.093	0.092	0.093	0.094
0.094	0.095	0.094	0.093	0.093	0.095	0.092	0.095	0.094	0.093	0.093	0.096	1.272	1.307	1.331	1.292	1.272	1.282	1.302	1.334	1.316	1.271	1.288	1.297	1.285	1.276	1.271	1.23	1.245	1.246	1.239	1.244	1.237	1.215	1.252	1.277	1.244	1.266	1.262	1.21	1.21	1.209	1.208	1.222	1.21	1.191	1.214	1.223	1.121	1.158	1.131	1.157	1.115	1.173	0.955	1.127	1.149	1.05	0.966	1.033	0.104	0.114	0.107	0.1	0.098	0.096	0.095	0.094	0.098	0.098	0.095	0.096	0.119	0.117	0.114	0.095	0.095	0.094	0.092	0.095	0.093	0.093	0.092	0.094	0.139	0.14	0.156	0.097	0.094	0.093	0.093	0.093	0.093	0.093	0.093	0.094
0.094	0.095	0.094	0.093	0.093	0.095	0.092	0.095	0.094	0.093	0.093	0.096	1.273	1.308	1.332	1.293	1.272	1.282	1.303	1.333	1.317	1.272	1.29	1.298	1.286	1.276	1.271	1.23	1.246	1.247	1.24	1.244	1.238	1.216	1.253	1.279	1.245	1.266	1.262	1.211	1.211	1.209	1.207	1.223	1.21	1.192	1.213	1.223	1.122	1.158	1.132	1.157	1.116	1.174	0.955	1.128	1.15	1.051	0.965	1.033	0.104	0.115	0.107	0.1	0.098	0.096	0.095	0.094	0.098	0.098	0.095	0.096	0.12	0.117	0.114	0.095	0.095	0.094	0.092	0.095	0.093	0.093	0.092	0.094	0.141	0.141	0.159	0.097	0.094	0.093	0.093	0.093	0.093	0.093	0.093	0.094
0.094	0.095	0.094	0.093	0.093	0.095	0.092	0.095	0.094	0.093	0.093	0.096	1.273	1.31	1.333	1.293	1.272	1.283	1.304	1.335	1.317	1.272	1.291	1.297	1.287	1.277	1.272	1.231	1.246	1.248	1.24	1.245	1.238	1.217	1.254	1.278	1.245	1.266	1.263	1.211	1.211	1.209	1.208	1.223	1.209	1.192	1.215	1.224	1.123	1.159	1.132	1.157	1.116	1.175	0.957	1.128	1.15	1.051	0.965	1.034	0.104	0.115	0.107	0.1	0.098	0.096	0.095	0.094	0.098	0.098	0.095	0.096	0.12	0.117	0.115	0.095	0.095	0.094	0.092	0.095	0.093	0.093	0.092	0.094	0.143	0.143	0.161	0.097	0.094	0.093	0.093	0.093	0.093	0.093	0.093	0.094
0.094	0.095	0.094	0.093	0.093	0.095	0.092	0.095	0.094	0.093	0.093	0.096	1.274	1.31	1.334	1.293	1.273	1.283	1.304	1.336	1.318	1.272	1.291	1.299	1.287	1.278	1.272	1.231	1.247	1.249	1.241	1.246	1.239	1.218	1.254	1.28	1.246	1.267	1.263	1.212	1.212	1.211	1.208	1.224	1.21	1.193	1.215	1.224	1.124	1.16	1.133	1.158	1.116	1.175	0.956	1.129	1.15	1.051	0.965	1.032	0.104	0.115	0.107	0.1	0.098	0.095	0.095	0.094	0.098	0.098	0.095	0.096	0.121	0.118	0.115	0.095	0.095	0.094	0.092	0.095	0.093	0.093	0.092	0.093	0.145	0.144	0.163	0.097	0.094	0.093	0.093	0.093	0.093	0.092	0.093	0.094
0.094	0.095	0.094	0.093	0.094	0.095	0.092	0.095	0.094	0.093	0.093	0.096	1.274	1.311	1.334	1.294	1.274	1.284	1.305	1.335	1.318	1.272	1.291	1.3	1.288	1.278	1.273	1.232	1.248	1.249	1.241	1.246	1.24	1.218	1.256	1.281	1.247	1.267	1.264	1.212	1.213	1.211	1.21	1.224	1.21	1.194	1.215	1.226	1.124	1.16	1.134	1.159	1.116	1.177	0.959	1.131	1.151	1.052	0.966	1.034	0.105	0.116	0.108	0.1	0.098	0.096	0.095	0.094	0.098	0.098	0.095	0.096	0.122	0.119	0.116	0.095	0.095	0.094	0.092	0.095	0.093	0.093	0.092	0.094	0.146	0.146	0.165	0.097	0.094	0.093	0.093	0.093	0.093	0.092	0.093	0.094
0.094	0.095	0.094	0.093	0.093	0.095	0.092	0.095	0.094	0.093	0.093	0.096	1.276	1.312	1.334	1.295	1.274	1.284	1.305	1.335	1.319	1.274	1.292	1.301	1.288	1.279	1.274	1.233	1.249	1.25	1.242	1.246	1.24	1.218	1.256	1.281	1.248	1.267	1.264	1.213	1.214	1.212	1.21	1.224	1.211	1.194	1.215	1.226	1.126	1.161	1.135	1.16	1.117	1.177	0.96	1.133	1.151	1.052	0.966	1.034	0.105	0.116	0.108	0.1	0.098	0.096	0.095	0.094	0.098	0.098	0.095	0.096	0.123	0.119	0.117	0.095	0.095	0.094	0.092	0.095	0.093	0.093	0.092	0.094	0.148	0.148	0.168	0.097	0.094	0.093	0.093	0.093	0.093	0.093	0.093	0.094
0.093	0.095	0.093	0.093	0.093	0.095	0.092	0.095	0.094	0.092	0.093	0.096	1.276	1.312	1.335	1.296	1.275	1.285	1.306	1.336	1.32	1.272	1.293	1.302	1.289	1.279	1.274	1.233	1.249	1.251	1.242	1.246	1.241	1.219	1.258	1.283	1.248	1.268	1.264	1.214	1.214	1.212	1.211	1.224	1.212	1.194	1.217	1.226	1.126	1.162	1.135	1.161	1.117	1.178	0.961	1.133	1.152	1.052	0.964	1.033	0.105	0.117	0.108	0.1	0.098	0.096	0.095	0.094	0.098	0.098	0.095	0.096	0.124	0.12	0.117	0.095	0.095	0.094	0.092	0.095	0.093	0.093	0.092	0.093	0.15	0.149	0.171	0.097	0.094	0.092	0.093	0.093	0.093	0.092	0.093	0.094
0.094	0.095	0.094	0.093	0.093	0.095	0.092	0.095	0.094	0.093	0.093	0.096	1.277	1.313	1.335	1.296	1.275	1.286	1.307	1.337	1.32	1.274	1.294	1.301	1.29	1.28	1.275	1.234	1.251	1.252	1.242	1.247	1.241	1.22	1.258	1.282	1.249	1.269	1.265	1.214	1.215	1.213	1.211	1.226	1.212	1.195	1.217	1.227	1.127	1.162	1.136	1.162	1.119	1.179	0.962	1.136	1.152	1.053	0.966	1.034	0.106	0.117	0.109	0.1	0.098	0.096	0.095	0.094	0.098	0.098	0.095	0.096	0.125	0.121	0.117	0.095	0.095	0.094	0.092	0.095	0.093	0.093	0.092	0.094	0.152	0.151	0.173	0.097	0.094	0.093	0.093	0.093	0.093	0.093	0.093	0.094
0.093	0.095	0.093	0.093	0.094	0.095	0.092	0.095	0.094	0.093	0.093	0.096	1.278	1.314	1.336	1.297	1.276	1.286	1.308	1.337	1.321	1.274	1.294	1.302	1.291	1.281	1.275	1.234	1.251	1.252	1.244	1.248	1.243	1.22	1.259	1.282	1.249	1.27	1.265	1.215	1.216	1.214	1.212	1.225	1.213	1.196	1.217	1.227	1.128	1.163	1.137	1.162	1.12	1.179	0.962	1.136	1.152	1.053	0.965	1.033	0.106	0.118	0.109	0.1	0.098	0.096	0.095	0.094	0.098	0.098	0.095	0.096	0.125	0.122	0.118	0.095	0.095	0.094	0.092	0.095	0.093	0.093	0.092	0.094	0.154	0.153	0.176	0.097	0.094	0.093	0.093	0.093	0.093	0.093	0.093	0.094
0.094	0.095	0.093	0.093	0.093	0.095	0.092	0.095	0.094	0.093	0.093	0.096	1.278	1.315	1.337	1.297	1.276	1.286	1.308	1.338	1.321	1.274	1.294	1.304	1.291	1.281	1.276	1.235	1.252	1.253	1.243	1.248	1.242	1.221	1.259	1.284	1.25	1.27	1.266	1.216	1.216	1.214	1.212	1.226	1.213	1.196	1.217	1.229	1.128	1.164	1.137	1.163	1.121	1.179	0.962	1.135	1.154	1.054	0.965	1.034	0.106	0.118	0.109	0.1	0.098	0.096	0.095	0.094	0.098	0.098	0.095	0.096	0.126	0.122	0.118	0.095	0.095	0.094	0.092	0.095	0.093	0.093	0.092	0.093	0.155	0.155	0.178	0.097	0.094	0.093	0.093	0.093	0.093	0.092	0.093	0.094
0.093	0.095	0.094	0.093	0.093	0.095	0.092	0.095	0.094	0.093	0.093	0.096	1.28	1.315	1.337	1.298	1.277	1.286	1.309	1.339	1.322	1.276	1.294	1.303	1.292	1.282	1.276	1.236	1.252	1.254	1.244	1.248	1.242	1.221	1.26	1.284	1.25	1.271	1.266	1.216	1.217	1.215	1.213	1.226	1.214	1.196	1.218	1.229	1.129	1.164	1.138	1.163	1.121	1.179	0.962	1.136	1.155	1.053	0.965	1.032	0.106	0.118	0.109	0.1	0.098	0.096	0.095	0.094	0.098	0.098	0.095	0.096	0.127	0.123	0.119	0.095	0.095	0.094	0.092	0.095	0.093	0.093	0.092	0.093	0.158	0.157	0.181	0.097	0.094	0.093	0.093	0.093	0.093	0.092	0.093	0.094
0.094	0.095	0.093	0.093	0.093	0.094	0.092	0.095	0.094	0.093	0.093	0.096	1.28	1.315	1.338	1.298	1.276	1.287	1.31	1.34	1.323	1.276	1.294	1.304	1.293	1.282	1.277	1.236	1.253	1.255	1.244	1.249	1.243	1.221	1.259	1.286	1.251	1.272	1.267	1.217	1.217	1.216	1.214	1.226	1.214	1.198	1.218	1.229	1.13	1.165	1.139	1.163	1.121	1.18	0.964	1.138	1.153	1.054	0.965	1.034	0.107	0.119	0.11	0.1	0.098	0.096	0.095	0.094	0.098	0.098	0.095	0.096	0.128	0.124	0.12	0.095	0.095	0.094	0.092	0.095	0.093	0.093	0.092	0.094	0.16	0.159	0.183	0.097	0.094	0.092	0.093	0.093	0.093	0.092	0.093	0.094
0.094	0.095	0.094	0.093	0.094	0.095	0.092	0.095	0.095	0.093	0.093	0.096	1.281	1.316	1.339	1.298	1.277	1.288	1.31	1.341	1.323	1.276	1.296	1.304	1.293	1.283	1.278	1.237	1.254	1.256	1.245	1.249	1.243	1.224	1.261	1.286	1.252	1.272	1.268	1.217	1.218	1.216	1.214	1.228	1.214	1.198	1.219	1.23	1.131	1.166	1.139	1.165	1.123	1.181	0.964	1.137	1.155	1.055	0.966	1.033	0.107	0.119	0.11	0.1	0.098	0.096	0.095	0.094	0.098	0.098	0.095	0.096	0.129	0.125	0.12	0.095	0.095	0.094	0.092	0.095	0.093	0.093	0.092	0.094	0.162	0.161	0.186	0.097	0.094	0.093	0.093	0.093	0.093	0.093	0.093	0.094
0.093	0.095	0.094	0.093	0.093	0.095	0.092	0.095	0.094	0.093	0.093	0.096	1.282	1.317	1.339	1.299	1.278	1.289	1.311	1.342	1.324	1.277	1.296	1.307	1.294	1.284	1.278	1.237	1.254	1.256	1.245	1.25	1.244	1.223	1.262	1.287	1.252	1.273	1.268	1.218	1.218	1.216	1.214	1.227	1.215	1.198	1.219	1.231	1.132	1.166	1.14	1.166	1.123	1.181	0.965	1.139	1.155	1.054	0.966	1.033	0.107	0.12	0.11	0.1	0.098	0.096	0.095	0.094	0.098	0.098	0.095	0.096	0.13	0.125	0.121	0.095	0.095	0.094	0.092	0.095	0.093	0.093	0.092	0.094	0.165	0.163	0.19	0.097	0.094	0.093	0.093	0.093	0.093	0.093	0.093	0.094
0.093	0.095	0.093	0.092	0.093	0.095	0.092	0.095	0.094	0.093	0.093	0.096	1.282	1.318	1.339	1.299	1.278	1.288	1.312	1.341	1.324	1.276	1.296	1.307	1.295	1.284	1.278	1.238	1.255	1.257	1.246	1.25	1.244	1.224	1.262	1.287	1.253	1.273	1.268	1.218	1.219	1.218	1.215	1.228	1.215	1.199	1.219	1.232	1.132	1.167	1.141	1.166	1.123	1.182	0.966	1.138	1.156	1.055	0.965	1.033	0.108	0.12	0.111	0.1	0.098	0.096	0.095	0.094	0.098	0.098	0.095	0.096	0.131	0.126	0.122	0.095	0.095	0.094	0.092	0.095	0.093	0.093	0.092	0.093	0.168	0.165	0.192	0.097	0.094	0.092	0.093	0.093	0.093	0.092	0.093	0.094
0.094	0.095	0.094	0.093	0.093	0.095	0.092	0.095	0.094	0.093	0.093	0.096	1.283	1.319	1.34	1.3	1.279	1.29	1.312	1.342	1.325	1.278	1.297	1.307	1.295	1.285	1.279	1.238	1.256	1.257	1.246	1.25	1.244	1.225	1.264	1.289	1.254	1.273	1.269	1.22	1.22	1.217	1.216	1.228	1.216	1.199	1.221	1.233	1.133	1.167	1.141	1.167	1.124	1.182	0.965	1.137	1.157	1.054	0.965	1.033	0.108	0.121	0.111	0.1	0.098	0.096	0.095	0.094	0.098	0.098	0.095	0.096	0.133	0.127	0.122	0.095	0.095	0.094	0.092	0.095	0.093	0.093	0.092	0.094	0.17	0.168	0.196	0.097	0.094	0.093	0.093	0.093	0.093	0.093	0.093	0.094
0.094	0.095	0.094	0.093	0.093	0.095	0.092	0.095	0.094	0.093	0.093	0.096	1.284	1.319	1.34	1.301	1.278	1.29	1.313	1.343	1.327	1.277	1.297	1.308	1.296	1.286	1.28	1.238	1.256	1.258	1.247	1.252	1.245	1.225	1.263	1.29	1.254	1.275	1.27	1.219	1.22	1.218	1.216	1.228	1.216	1.2	1.221	1.232	1.135	1.168	1.141	1.167	1.125	1.183	0.966	1.138	1.156	1.055	0.965	1.034	0.109	0.121	0.111	0.1	0.098	0.096	0.095	0.094	0.098	0.098	0.095	0.096	0.134	0.128	0.123	0.095	0.095	0.094	0.092	0.095	0.093	0.093	0.092	0.094	0.173	0.171	0.199	0.097	0.094	0.093	0.093	0.093	0.093	0.093	0.093	0.094
0.094	0.095	0.094	0.093	0.093	0.095	0.092	0.095	0.094	0.093	0.093	0.096	1.284	1.32	1.341	1.301	1.28	1.29	1.314	1.343	1.327	1.279	1.299	1.308	1.297	1.287	1.28	1.24	1.257	1.259	1.247	1.252	1.246	1.226	1.264	1.29	1.255	1.275	1.27	1.22	1.221	1.219	1.216	1.229	1.216	1.2	1.22	1.234	1.135	1.169	1.143	1.169	1.125	1.184	0.968	1.14	1.156	1.055	0.965	1.034	0.109	0.122	0.112	0.1	0.098	0.096	0.095	0.094	0.098	0.098	0.095	0.096	0.135	0.129	0.124	0.095	0.095	0.094	0.092	0.095	0.093	0.093	0.092	0.094	0.176	0.174	0.203	0.097	0.094	0.093	0.093	0.093	0.093	0.093	0.093	0.094
0.094	0.095	0.094	0.093	0.093	0.095	0.092	0.095	0.094	0.093	0.093	0.096	1.285	1.321	1.341	1.302	1.28	1.29	1.315	1.344	1.327	1.278	1.298	1.309	1.298	1.287	1.282	1.24	1.258	1.259	1.248	1.252	1.246	1.227	1.265	1.291	1.256	1.275	1.271	1.221	1.222	1.219	1.217	1.23	1.217	1.201	1.222	1.234	1.136	1.169	1.143	1.169	1.126	1.184	0.968	1.139	1.157	1.055	0.965	1.033	0.11	0.123	0.112	0.1	0.098	0.096	0.095	0.094	0.098	0.098	0.095	0.096	0.136	0.13	0.125	0.095	0.095	0.094	0.092	0.095	0.093	0.093	0.093	0.094	0.178	0.176	0.206	0.097	0.094	0.093	0.093	0.093	0.093	0.093	0.093	0.094
0.094	0.095	0.094	0.093	0.093	0.095	0.092	0.095	0.094	0.093	0.093	0.096	1.285	1.321	1.343	1.302	1.28	1.291	1.315	1.345	1.328	1.278	1.298	1.31	1.298	1.288	1.282	1.24	1.258	1.26	1.248	1.253	1.247	1.228	1.266	1.292	1.256	1.276	1.271	1.222	1.222	1.219	1.218	1.23	1.217	1.201	1.222	1.234	1.137	1.17	1.144	1.169	1.127	1.184	0.968	1.14	1.158	1.055	0.965	1.033	0.11	0.123	0.112	0.1	0.098	0.096	0.095	0.094	0.098	0.098	0.095	0.096	0.138	0.131	0.125	0.095	0.095	0.094	0.092	0.095	0.093	0.093	0.092	0.094	0.18	0.179	0.208	0.097	0.094	0.093	0.093	0.093	0.093	0.093	0.093	0.094
0.094	0.095	0.093	0.093	0.093	0.095	0.092	0.095	0.094	0.093	0.093	0.096	1.286	1.322	1.344	1.303	1.281	1.291	1.316	1.345	1.329	1.279	1.298	1.311	1.298	1.288	1.282	1.24	1.259	1.261	1.248	1.252	1.247	1.229	1.266	1.292	1.257	1.277	1.272	1.221	1.222	1.22	1.218	1.23	1.218	1.201	1.223	1.235	1.137	1.17	1.144	1.171	1.128	1.184	0.968	1.14	1.159	1.056	0.966	1.034	0.11	0.124	0.112	0.1	0.098	0.096	0.095	0.094	0.098	0.098	0.095	0.096	0.139	0.132	0.126	0.095	0.095	0.094	0.092	0.095	0.093	0.093	0.092	0.093	0.184	0.182	0.211	0.097	0.094	0.093	0.093	0.093	0.093	0.093	0.093	0.094
0.094	0.095	0.094	0.093	0.094	0.095	0.093	0.095	0.094	0.093	0.093	0.096	1.288	1.323	1.344	1.304	1.282	1.292	1.317	1.346	1.329	1.279	1.3	1.313	1.299	1.289	1.283	1.242	1.26	1.262	1.249	1.254	1.248	1.228	1.267	1.294	1.257	1.278	1.272	1.223	1.224	1.22	1.219	1.231	1.218	1.202	1.222	1.235	1.138	1.172	1.145	1.171	1.127	1.185	0.97	1.142	1.159	1.056	0.966	1.034	0.111	0.124	0.113	0.1	0.098	0.096	0.095	0.094	0.098	0.098	0.095	0.096	0.141	0.133	0.127	0.095	0.095	0.094	0.092	0.095	0.094	0.093	0.093	0.094	0.189	0.184	0.215	0.097	0.094	0.093	0.093	0.093	0.093	0.093	0.093	0.094
0.094	0.095	0.094	0.093	0.093	0.095	0.092	0.095	0.094	0.093	0.093	0.096	1.288	1.323	1.345	1.304	1.282	1.292	1.318	1.347	1.33	1.28	1.301	1.312	1.299	1.29	1.283	1.242	1.26	1.262	1.25	1.254	1.25	1.229	1.267	1.292	1.258	1.278	1.272	1.223	1.224	1.222	1.22	1.231	1.219	1.202	1.223	1.236	1.139	1.172	1.146	1.172	1.128	1.186	0.972	1.142	1.159	1.056	0.966	1.035	0.111	0.125	0.113	0.1	0.098	0.096	0.095	0.094	0.098	0.098	0.095	0.096	0.142	0.134	0.128	0.095	0.095	0.094	0.092	0.095	0.093	0.093	0.092	0.094	0.194	0.188	0.219	0.097	0.094	0.093	0.093	0.093	0.093	0.093	0.093	0.094
0.094	0.095	0.094	0.093	0.093	0.095	0.092	0.095	0.094	0.093	0.093	0.096	1.288	1.324	1.344	1.304	1.282	1.292	1.317	1.346	1.331	1.28	1.3	1.312	1.3	1.29	1.283	1.242	1.261	1.263	1.25	1.254	1.249	1.228	1.268	1.294	1.259	1.279	1.273	1.224	1.224	1.223	1.221	1.231	1.22	1.203	1.223	1.237	1.139	1.173	1.146	1.172	1.129	1.186	0.972	1.142	1.159	1.056	0.966	1.034	0.111	0.126	0.113	0.1	0.098	0.096	0.095	0.094	0.098	0.098	0.095	0.096	0.143	0.135	0.128	0.095	0.095	0.094	0.092	0.095	0.093	0.093	0.092	0.093	0.198	0.191	0.223	0.097	0.094	0.093	0.093	0.093	0.093	0.093	0.093	0.094
0.094	0.095	0.094	0.093	0.093	0.095	0.092	0.095	0.094	0.093	0.093	0.096	1.289	1.325	1.345	1.305	1.283	1.293	1.319	1.348	1.331	1.28	1.3	1.314	1.301	1.291	1.284	1.243	1.262	1.263	1.251	1.255	1.25	1.23	1.268	1.296	1.259	1.279	1.274	1.225	1.225	1.223	1.221	1.232	1.22	1.203	1.224	1.238	1.14	1.173	1.147	1.173	1.128	1.187	0.973	1.144	1.16	1.056	0.966	1.035	0.112	0.126	0.114	0.1	0.098	0.096	0.095	0.094	0.098	0.098	0.095	0.096	0.145	0.136	0.129	0.095	0.095	0.094	0.092	0.095	0.094	0.093	0.092	0.094	0.202	0.194	0.227	0.097	0.094	0.093	0.093	0.093	0.093	0.093	0.093	0.094
0.094	0.095	0.094	0.093	0.093	0.095	0.093	0.095	0.094	0.093	0.093	0.096	1.29	1.326	1.346	1.304	1.283	1.294	1.319	1.348	1.331	1.28	1.301	1.313	1.302	1.292	1.285	1.243	1.263	1.264	1.252	1.255	1.249	1.232	1.269	1.295	1.26	1.28	1.274	1.225	1.226	1.223	1.222	1.233	1.22	1.204	1.224	1.238	1.141	1.174	1.147	1.173	1.128	1.187	0.974	1.143	1.161	1.056	0.966	1.036	0.112	0.127	0.114	0.1	0.098	0.096	0.095	0.094	0.098	0.098	0.095	0.096	0.146	0.137	0.13	0.095	0.095	0.094	0.092	0.095	0.094	0.093	0.092	0.094	0.207	0.198	0.231	0.097	0.094	0.093	0.093	0.093	0.093	0.093	0.093	0.094
0.094	0.095	0.094	0.093	0.093	0.095	0.092	0.095	0.094	0.093	0.093	0.096	1.29	1.326	1.347	1.306	1.284	1.294	1.32	1.35	1.332	1.281	1.302	1.315	1.303	1.292	1.285	1.244	1.264	1.265	1.252	1.256	1.251	1.231	1.27	1.296	1.261	1.28	1.275	1.225	1.226	1.223	1.222	1.233	1.22	1.204	1.225	1.239	1.142	1.176	1.148	1.174	1.129	1.188	0.976	1.143	1.161	1.057	0.966	1.035	0.113	0.127	0.115	0.1	0.098	0.096	0.095	0.094	0.098	0.098	0.095	0.096	0.148	0.138	0.131	0.095	0.095	0.094	0.092	0.095	0.093	0.093	0.092	0.094	0.211	0.202	0.235	0.097	0.094	0.093	0.093	0.093	0.093	0.093	0.093	0.094
0.094	0.095	0.094	0.093	0.093	0.095	0.092	0.095	0.094	0.093	0.093	0.096	1.292	1.326	1.347	1.307	1.284	1.295	1.321	1.35	1.333	1.281	1.302	1.313	1.304	1.293	1.285	1.244	1.264	1.266	1.252	1.256	1.252	1.232	1.27	1.298	1.261	1.281	1.275	1.226	1.226	1.224	1.223	1.234	1.221	1.205	1.226	1.239	1.143	1.176	1.148	1.175	1.13	1.188	0.976	1.145	1.161	1.057	0.966	1.035	0.113	0.128	0.115	0.1	0.098	0.096	0.095	0.094	0.098	0.098	0.095	0.096	0.149	0.139	0.132	0.095	0.095	0.094	0.092	0.095	0.093	0.093	0.092	0.094	0.215	0.205	0.24	0.097	0.094	0.093	0.093	0.093	0.093	0.092	0.093	0.094
0.095	0.095	0.094	0.093	0.093	0.095	0.092	0.095	0.094	0.093	0.093	0.096	1.293	1.327	1.347	1.307	1.285	1.295	1.321	1.35	1.333	1.281	1.302	1.315	1.304	1.294	1.286	1.244	1.265	1.266	1.254	1.257	1.251	1.232	1.271	1.298	1.262	1.282	1.276	1.226	1.228	1.225	1.224	1.233	1.222	1.205	1.225	1.24	1.144	1.177	1.149	1.176	1.13	1.189	0.978	1.145	1.163	1.058	0.966	1.036	0.113	0.129	0.115	0.1	0.098	0.096	0.095	0.094	0.098	0.098	0.095	0.096	0.15	0.14	0.133	0.095	0.095	0.094	0.092	0.095	0.093	0.093	0.092	0.094	0.221	0.207	0.243	0.097	0.094	0.093	0.093	0.093	0.093	0.093	0.093	0.094
0.094	0.095	0.093	0.093	0.094	0.095	0.093	0.095	0.094	0.093	0.093	0.097	1.293	1.328	1.348	1.307	1.285	1.296	1.322	1.35	1.334	1.281	1.302	1.315	1.304	1.294	1.287	1.245	1.266	1.268	1.253	1.257	1.252	1.232	1.272	1.299	1.263	1.282	1.276	1.228	1.228	1.225	1.224	1.234	1.222	1.204	1.226	1.242	1.145	1.177	1.15	1.176	1.132	1.189	0.978	1.146	1.162	1.058	0.965	1.035	0.114	0.13	0.116	0.1	0.098	0.096	0.095	0.094	0.098	0.098	0.095	0.096	0.153	0.142	0.134	0.095	0.095	0.094	0.092	0.095	0.093	0.093	0.092	0.094	0.225	0.211	0.248	0.097	0.094	0.093	0.093	0.093	0.093	0.093	0.093	0.094
0.094	0.095	0.094	0.093	0.094	0.095	0.092	0.095	0.094	0.093	0.093	0.096	1.295	1.329	1.349	1.307	1.285	1.296	1.322	1.352	1.334	1.281	1.302	1.317	1.306	1.295	1.288	1.246	1.266	1.268	1.254	1.258	1.252	1.233	1.272	1.298	1.263	1.282	1.277	1.228	1.228	1.226	1.225	1.234	1.223	1.207	1.226	1.242	1.146	1.178	1.15	1.176	1.132	1.189	0.978	1.146	1.163	1.058	0.966	1.036	0.114	0.131	0.116	0.1	0.098	0.096	0.095	0.094	0.098	0.098	0.095	0.096	0.154	0.143	0.135	0.095	0.095	0.094	0.092	0.095	0.094	0.093	0.092	0.094	0.228	0.215	0.252	0.097	0.094	0.093	0.093	0.093	0.093	0.093	0.093	0.094
0.094	0.095	0.094	0.093	0.093	0.095	0.093	0.095	0.094	0.093	0.093	0.096	1.295	1.33	1.35	1.308	1.286	1.296	1.322	1.351	1.334	1.283	1.303	1.318	1.306	1.295	1.288	1.247	1.267	1.269	1.254	1.258	1.253	1.234	1.273	1.3	1.264	1.283	1.278	1.229	1.229	1.227	1.225	1.235	1.224	1.206	1.227	1.242	1.146	1.179	1.152	1.177	1.133	1.191	0.979	1.147	1.163	1.059	0.966	1.035	0.115	0.132	0.117	0.1	0.098	0.096	0.095	0.094	0.098	0.098	0.095	0.096	0.156	0.145	0.136	0.095	0.095	0.094	0.092	0.095	0.093	0.093	0.092	0.094	0.232	0.22	0.258	0.097	0.094	0.093	0.093	0.093	0.093	0.093	0.094	0.094
0.094	0.095	0.094	0.093	0.094	0.095	0.093	0.095	0.094	0.093	0.093	0.096	1.296	1.33	1.35	1.308	1.286	1.297	1.324	1.352	1.335	1.282	1.304	1.317	1.307	1.296	1.288	1.248	1.268	1.27	1.255	1.258	1.254	1.236	1.273	1.3	1.264	1.284	1.278	1.229	1.229	1.228	1.226	1.235	1.224	1.207	1.227	1.243	1.147	1.179	1.152	1.178	1.134	1.192	0.98	1.148	1.163	1.06	0.966	1.036	0.115	0.132	0.117	0.1	0.098	0.096	0.095	0.094	0.098	0.098	0.095	0.096	0.158	0.146	0.138	0.095	0.095	0.094	0.092	0.095	0.093	0.093	0.092	0.094	0.237	0.224	0.263	0.097	0.094	0.093	0.093	0.093	0.093	0.093	0.093	0.094
0.094	0.095	0.094	0.093	0.093	0.095	0.093	0.095	0.094	0.093	0.093	0.096	1.296	1.331	1.35	1.308	1.287	1.297	1.323	1.352	1.336	1.282	1.302	1.317	1.308	1.297	1.289	1.248	1.268	1.27	1.255	1.258	1.253	1.235	1.275	1.3	1.265	1.284	1.278	1.23	1.23	1.228	1.227	1.236	1.224	1.207	1.227	1.243	1.148	1.18	1.153	1.179	1.134	1.192	0.983	1.148	1.164	1.06	0.966	1.035	0.116	0.133	0.118	0.1	0.098	0.096	0.095	0.094	0.098	0.098	0.095	0.096	0.16	0.148	0.139	0.095	0.095	0.094	0.092	0.095	0.093	0.093	0.093	0.094	0.244	0.228	0.267	0.097	0.094	0.093	0.093	0.093	0.093	0.093	0.094	0.094
0.094	0.095	0.094	0.093	0.093	0.095	0.093	0.095	0.094	0.093	0.093	0.096	1.297	1.331	1.351	1.308	1.286	1.298	1.325	1.353	1.337	1.283	1.303	1.318	1.308	1.298	1.289	1.248	1.269	1.27	1.255	1.259	1.254	1.236	1.275	1.302	1.266	1.285	1.279	1.23	1.23	1.228	1.226	1.236	1.225	1.208	1.228	1.244	1.148	1.181	1.153	1.179	1.135	1.192	0.982	1.148	1.164	1.059	0.966	1.036	0.116	0.134	0.118	0.1	0.098	0.096	0.095	0.094	0.098	0.098	0.095	0.096	0.162	0.149	0.14	0.095	0.095	0.094	0.092	0.095	0.093	0.093	0.093	0.094	0.249	0.233	0.273	0.097	0.094	0.093	0.093	0.093	0.093	0.093	0.094	0.094
0.094	0.095	0.094	0.093	0.094	0.095	0.092	0.095	0.094	0.093	0.093	0.096	1.298	1.333	1.352	1.308	1.288	1.299	1.325	1.353	1.337	1.284	1.304	1.319	1.309	1.299	1.29	1.249	1.27	1.271	1.256	1.26	1.254	1.238	1.275	1.302	1.266	1.286	1.279	1.231	1.231	1.229	1.227	1.236	1.225	1.209	1.229	1.245	1.149	1.182	1.155	1.179	1.136	1.192	0.982	1.148	1.165	1.06	0.966	1.036	0.117	0.135	0.119	0.1	0.098	0.096	0.095	0.094	0.098	0.098	0.095	0.096	0.163	0.151	0.141	0.095	0.095	0.094	0.092	0.095	0.093	0.093	0.092	0.094	0.252	0.238	0.278	0.097	0.094	0.093	0.093	0.093	0.093	0.093	0.094	0.094
0.094	0.095	0.094	0.093	0.093	0.095	0.092	0.095	0.094	0.093	0.093	0.096	1.298	1.332	1.352	1.309	1.288	1.298	1.325	1.354	1.337	1.283	1.304	1.319	1.31	1.299	1.291	1.249	1.271	1.272	1.256	1.26	1.254	1.236	1.276	1.304	1.267	1.286	1.28	1.231	1.232	1.23	1.228	1.238	1.225	1.209	1.228	1.245	1.15	1.181	1.155	1.18	1.137	1.194	0.984	1.148	1.165	1.061	0.967	1.036	0.117	0.136	0.119	0.1	0.098	0.096	0.095	0.095	0.098	0.098	0.095	0.096	0.165	0.153	0.142	0.095	0.095	0.094	0.092	0.095	0.093	0.093	0.092	0.094	0.259	0.242	0.285	0.097	0.094	0.093	0.093	0.093	0.093	0.093	0.094	0.094
0.094	0.095	0.094	0.093	0.093	0.095	0.092	0.095	0.094	0.093	0.093	0.096	1.299	1.333	1.352	1.31	1.288	1.299	1.327	1.354	1.338	1.284	1.305	1.321	1.31	1.299	1.291	1.25	1.271	1.272	1.257	1.261	1.256	1.238	1.276	1.304	1.267	1.286	1.28	1.232	1.232	1.23	1.229	1.237	1.226	1.209	1.23	1.246	1.151	1.183	1.155	1.182	1.137	1.194	0.986	1.149	1.166	1.061	0.966	1.037	0.118	0.137	0.12	0.1	0.098	0.096	0.095	0.095	0.098	0.098	0.095	0.096	0.168	0.154	0.144	0.095	0.095	0.094	0.092	0.095	0.093	0.093	0.093	0.094	0.264	0.246	0.291	0.097	0.094	0.093	0.093	0.093	0.093	0.093	0.094	0.094
0.094	0.095	0.093	0.093	0.093	0.095	0.092	0.095	0.094	0.093	0.093	0.096	1.299	1.334	1.352	1.31	1.289	1.3	1.326	1.355	1.339	1.283	1.305	1.321	1.311	1.3	1.292	1.25	1.271	1.273	1.257	1.261	1.255	1.238	1.278	1.306	1.267	1.287	1.281	1.233	1.232	1.229	1.229	1.236	1.226	1.21	1.229	1.247	1.151	1.183	1.156	1.182	1.137	1.194	0.985	1.151	1.168	1.061	0.967	1.037	0.119	0.138	0.12	0.1	0.098	0.096	0.095	0.095	0.098	0.098	0.095	0.096	0.169	0.156	0.145	0.095	0.095	0.094	0.092	0.095	0.093	0.093	0.092	0.094	0.271	0.249	0.296	0.097	0.094	0.093	0.093	0.093	0.093	0.092	0.094	0.094
0.094	0.095	0.094	0.093	0.093	0.095	0.092	0.095	0.094	0.093	0.093	0.096	1.3	1.334	1.353	1.31	1.289	1.3	1.328	1.356	1.339	1.285	1.306	1.321	1.312	1.301	1.293	1.251	1.272	1.273	1.257	1.262	1.256	1.239	1.278	1.304	1.268	1.288	1.281	1.232	1.234	1.232	1.23	1.238	1.226	1.211	1.231	1.248	1.153	1.183	1.157	1.183	1.137	1.195	0.986	1.15	1.166	1.061	0.968	1.037	0.119	0.139	0.121	0.1	0.098	0.096	0.095	0.095	0.098	0.098	0.095	0.096	0.172	0.158	0.147	0.095	0.095	0.094	0.092	0.095	0.093	0.093	0.092	0.094	0.279	0.254	0.302	0.097	0.094	0.093	0.093	0.093	0.093	0.093	0.094	0.094
0.094	0.095	0.094	0.093	0.094	0.095	0.093	0.095	0.095	0.093	0.093	0.097	1.301	1.335	1.353	1.311	1.29	1.301	1.328	1.357	1.34	1.284	1.306	1.321	1.312	1.302	1.293	1.251	1.273	1.275	1.258	1.262	1.256	1.24	1.279	1.305	1.269	1.288	1.282	1.234	1.234	1.231	1.23	1.238	1.227	1.211	1.231	1.248	1.153	1.184	1.157	1.183	1.138	1.194	0.986	1.151	1.168	1.062	0.967	1.036	0.12	0.14	0.121	0.1	0.098	0.096	0.095	0.095	0.098	0.098	0.095	0.096	0.175	0.159	0.148	0.095	0.095	0.094	0.092	0.095	0.094	0.093	0.093	0.094	0.287	0.259	0.309	0.097	0.094	0.093	0.093	0.093	0.093	0.093	0.094	0.094
0.094	0.095	0.094	0.093	0.093	0.095	0.092	0.095	0.095	0.093	0.093	0.096	1.301	1.335	1.354	1.311	1.29	1.301	1.328	1.357	1.341	1.284	1.306	1.322	1.313	1.302	1.294	1.252	1.273	1.275	1.259	1.262	1.257	1.24	1.278	1.306	1.269	1.289	1.283	1.234	1.234	1.232	1.231	1.239	1.228	1.211	1.232	1.249	1.154	1.185	1.158	1.184	1.139	1.196	0.986	1.15	1.168	1.062	0.967	1.038	0.12	0.141	0.122	0.1	0.098	0.096	0.095	0.095	0.098	0.098	0.095	0.096	0.178	0.161	0.149	0.095	0.095	0.094	0.092	0.095	0.094	0.093	0.093	0.094	0.302	0.263	0.316	0.097	0.094	0.093	0.093	0.093	0.093	0.093	0.094	0.094